client_id,card_brand,card_type,card_number,expires,cvv,has_chip,num_cards_issued,credit_limit,acct_open_date,year_pin_last_changed
1362,Amex,Credit,393314135668401,2024-04-01,866,YES,2,33900,1991-01-01,2014
550,Mastercard,Credit,5278231764792290,2024-06-01,396,YES,1,11600,1994-01-01,2013
556,Mastercard,Debit,5889825928297670,2021-09-01,422,YES,1,19948,1995-01-01,2011
1937,Visa,Credit,4289888672554710,2020-04-01,736,YES,2,16400,1995-01-01,2015
1981,Mastercard,Debit,5433366978583840,2024-03-01,530,YES,2,19439,1997-01-01,2007
619,Visa,Debit,4657824650820460,2024-04-01,245,YES,2,21883,1997-01-01,2012
1046,Amex,Credit,394584924614148,1999-02-01,302,YES,2,9400,1998-01-01,2011
511,Mastercard,Debit,5585238056278280,2005-03-01,749,YES,1,9664,1998-01-01,2011
1107,Mastercard,Credit,5462760953855570,2021-09-01,665,NO,2,10300,1998-01-01,2006
1046,Amex,Credit,357982644067712,2020-09-01,72,YES,1,13000,1999-01-01,2005
1783,Mastercard,Debit,5513208341097350,2023-12-01,789,YES,1,16597,1999-01-01,2009
1579,Mastercard,Debit,5927292790575650,2023-11-01,964,YES,2,2143,1999-01-01,2013
1156,Visa,Credit,4008696033204120,2023-02-01,124,NO,1,57200,1999-01-01,2011
858,Mastercard,Credit,5106045376475660,2021-03-01,686,YES,1,14600,2000-01-01,2012
641,Mastercard,Debit,5206583278012750,2021-07-01,19,YES,1,24819,2000-01-01,2011
1228,Mastercard,Debit,5047012325844660,2024-09-01,300,YES,1,5966,2000-01-01,2020
1201,Visa,Debit,4817273521248160,2023-10-01,706,YES,2,55693,2000-01-01,2006
804,Visa,Debit,4214048661117540,2022-07-01,799,YES,2,18744,2000-01-01,2010
11,Mastercard,Credit,5919854740342960,2004-11-01,604,YES,2,18300,2001-01-01,2011
115,Mastercard,Debit,5610743457688590,2023-01-01,310,YES,2,46184,2001-01-01,2014
1728,Visa,Credit,4665365862082530,2021-06-01,412,YES,1,3800,2001-01-01,2003
1596,Visa,Credit,4262822146225760,2012-06-01,826,YES,1,6600,2001-01-01,2010
1234,Visa,Debit (Prepaid),4634294164066040,2023-01-01,50,NO,1,65,2001-01-01,2007
318,Visa,Credit,4234128216675930,2008-07-01,678,YES,1,7500,2001-01-01,2017
1274,Visa,Debit,4181524038316530,2021-04-01,2,NO,2,15160,2001-01-01,2007
528,Visa,Debit,4287552229905450,2003-04-01,482,YES,1,7030,2001-01-01,2011
1195,Mastercard,Credit,5899977049289040,2020-10-01,747,YES,2,10200,2002-01-01,2011
68,Visa,Credit,4099623033306950,2021-09-01,74,YES,2,9900,2002-01-01,2019
1852,Visa,Debit,4013876625955760,2023-10-01,543,YES,2,36425,2002-01-01,2004
316,Visa,Credit,4934996934968530,2021-04-01,547,YES,3,1200,2002-01-01,2011
261,Visa,Credit,4572295668772640,2022-04-01,795,YES,2,14200,2002-01-01,2006
892,Visa,Debit,4479062988731370,2021-11-01,628,YES,2,14340,2002-01-01,2009
598,Visa,Debit (Prepaid),4405540956453720,2024-10-01,340,YES,2,32,2002-01-01,2009
1944,Visa,Credit,4803534694306010,2021-09-01,383,YES,1,11100,2002-01-01,2009
1731,Amex,Credit,375953550153829,2022-12-01,888,YES,1,13700,2003-01-01,2017
321,Discover,Credit,6707808786309870,2011-05-01,449,YES,2,11100,2003-01-01,2004
1391,Mastercard,Debit,5914243757284140,2012-10-01,436,YES,2,6552,2003-01-01,2010
840,Mastercard,Debit,5486901761554150,2023-10-01,258,YES,2,5269,2003-01-01,2016
115,Mastercard,Credit,5419421476993330,2024-11-01,290,NO,1,20300,2003-01-01,2015
696,Mastercard,Debit,5562768142811100,2024-10-01,267,YES,2,21225,2003-01-01,2012
1635,Mastercard,Debit,5488012775349760,2008-10-01,697,YES,2,5029,2003-01-01,2009
1140,Mastercard,Credit,5586713288069320,2022-07-01,232,YES,2,17000,2003-01-01,2009
825,Visa,Credit,4879494103069050,2024-08-01,693,NO,1,12400,2003-01-01,2012
1769,Visa,Credit,4088292829841500,2024-06-01,140,YES,1,9700,2003-01-01,2020
1267,Visa,Debit,4194403279790050,2024-08-01,282,YES,2,27584,2003-01-01,2008
1571,Visa,Debit,4137249838027630,2023-04-01,861,YES,2,33390,2003-01-01,2007
732,Visa,Debit (Prepaid),4820966230615070,2022-11-01,662,YES,2,63,2003-01-01,2010
674,Visa,Credit,4462302223450820,2003-04-01,869,YES,1,8000,2003-01-01,2008
1695,Amex,Credit,334769960118945,2020-06-01,735,YES,2,4100,2004-01-01,2004
16,Mastercard,Debit,5289860104321080,2015-08-01,59,YES,2,1575,2004-01-01,2005
994,Mastercard,Credit,5313764903937410,2007-08-01,767,YES,2,6000,2004-01-01,2010
584,Mastercard,Debit,5556324903959050,2023-12-01,331,NO,2,8970,2004-01-01,2010
1530,Mastercard,Credit,5557818075031910,2021-01-01,978,YES,2,500,2004-01-01,2008
905,Mastercard,Debit,5360731476529060,2023-12-01,898,NO,2,64321,2004-01-01,2007
1364,Mastercard,Debit,5673928924089100,2016-07-01,821,YES,2,0,2004-01-01,2008
62,Mastercard,Debit,5966550024798420,2024-09-01,577,YES,1,19211,2004-01-01,2015
1772,Mastercard,Debit (Prepaid),5993362497379570,2020-03-01,94,YES,2,96,2004-01-01,2011
1092,Mastercard,Debit,5575214152731770,2016-01-01,88,YES,2,4546,2004-01-01,2010
241,Mastercard,Debit,5337331365480770,2019-04-01,672,YES,2,12861,2004-01-01,2008
1352,Visa,Debit,4969931231497490,2019-11-01,728,YES,2,12528,2004-01-01,2012
63,Visa,Debit,4840372814737200,2022-11-01,357,YES,2,17082,2004-01-01,2011
1186,Visa,Debit (Prepaid),4684695086265300,2022-09-01,621,YES,1,47,2004-01-01,2013
234,Visa,Credit,4651180699756030,2024-02-01,460,YES,1,12600,2004-01-01,2011
275,Visa,Debit,4651206649559680,2023-04-01,125,YES,1,30891,2004-01-01,2011
929,Amex,Credit,375292277672255,2021-03-01,667,YES,2,36200,2005-01-01,2007
1357,Amex,Credit,302737588175602,2020-04-01,900,YES,2,14600,2005-01-01,2014
1430,Discover,Credit,6955304802437570,2020-03-01,792,YES,1,12200,2005-01-01,2013
1296,Mastercard,Credit,5181226307106930,2024-11-01,820,YES,2,15500,2005-01-01,2014
645,Mastercard,Debit,5148390223991030,2021-04-01,316,YES,2,9297,2005-01-01,2012
826,Mastercard,Credit,5019514365242810,2024-05-01,508,YES,1,13900,2005-01-01,2012
1993,Mastercard,Credit,5703701005597040,2012-09-01,789,YES,2,19500,2005-01-01,2010
440,Mastercard,Debit,5336536496743890,2021-10-01,805,YES,2,36724,2005-01-01,2010
1517,Mastercard,Debit,5515747009144500,2024-01-01,306,YES,2,19670,2005-01-01,2009
1697,Mastercard,Debit,5683833994969610,2006-04-01,884,YES,1,13634,2005-01-01,2011
1175,Mastercard,Debit,5479439443272540,2010-11-01,248,YES,2,10670,2005-01-01,2009
1749,Mastercard,Debit (Prepaid),5535901079667190,2020-02-01,480,NO,1,50,2005-01-01,2013
462,Mastercard,Debit,5131584971414260,2010-04-01,655,YES,2,26303,2005-01-01,2008
478,Mastercard,Debit (Prepaid),5659072921204160,2023-11-01,602,YES,2,10,2005-01-01,2011
1514,Mastercard,Debit,5602736350449910,2024-12-01,673,YES,1,1846,2005-01-01,2005
1116,Visa,Credit,4400056931148230,2021-02-01,497,YES,1,16100,2005-01-01,2014
1296,Visa,Debit (Prepaid),4310689470082080,2023-06-01,458,YES,1,13,2005-01-01,2008
1346,Visa,Credit,4509891646969770,2024-03-01,503,YES,2,1500,2005-01-01,2009
957,Visa,Debit,4823239404534030,2021-10-01,123,YES,2,28717,2005-01-01,2014
774,Visa,Debit,4983985291771430,2024-05-01,805,YES,1,16717,2005-01-01,2006
868,Visa,Debit,4639713693974380,2023-02-01,69,YES,2,2121,2005-01-01,2009
1236,Visa,Debit,4386430445774420,2019-03-01,555,YES,2,1269,2005-01-01,2013
284,Visa,Debit,4529536293051710,2023-07-01,124,YES,2,18270,2005-01-01,2011
139,Visa,Debit,4276460060200380,2022-08-01,264,YES,1,20962,2005-01-01,2011
1390,Amex,Credit,343439312469610,2023-03-01,98,YES,2,21400,2006-01-01,2011
1959,Amex,Credit,398744318776089,2021-02-01,992,YES,2,11100,2006-01-01,2009
852,Amex,Credit,377759808724051,2023-10-01,360,YES,1,10300,2006-01-01,2013
1187,Amex,Credit,307297025936750,2020-12-01,918,YES,1,12100,2006-01-01,2011
1130,Amex,Credit,366703189364969,2024-01-01,3,YES,1,13500,2006-01-01,2010
311,Discover,Credit,6129847719830710,2024-08-01,972,YES,1,1800,2006-01-01,2007
1684,Mastercard,Debit,5761884540845430,2022-06-01,312,YES,1,9263,2006-01-01,2010
1512,Mastercard,Debit (Prepaid),5314994607311010,2014-06-01,406,YES,1,78,2006-01-01,2011
81,Mastercard,Credit,5810850276328480,2020-01-01,877,NO,2,0,2006-01-01,2012
946,Mastercard,Debit,5079585270593850,2021-02-01,606,YES,1,12925,2006-01-01,2010
549,Mastercard,Debit,5231421564510110,2017-01-01,865,YES,2,15416,2006-01-01,2014
248,Mastercard,Debit,5145532394563660,2013-04-01,369,YES,2,12257,2006-01-01,2010
1822,Mastercard,Debit,5279713794719680,2021-09-01,47,YES,2,14133,2006-01-01,2010
1813,Mastercard,Debit (Prepaid),5548793272738670,2024-04-01,233,YES,1,41,2006-01-01,2010
1129,Mastercard,Debit,5874992802287590,2020-05-01,256,YES,1,14802,2006-01-01,2008
1461,Mastercard,Debit,5625472759967840,2023-10-01,564,YES,2,6237,2006-01-01,2007
257,Mastercard,Debit,5556746533263400,2024-10-01,516,YES,2,6395,2006-01-01,2014
783,Mastercard,Credit,5084097673104520,2007-10-01,908,YES,2,5600,2006-01-01,2008
517,Mastercard,Credit,5781831200471520,2021-04-01,342,YES,1,5000,2006-01-01,2016
153,Visa,Debit,4382324870900900,2018-08-01,852,YES,1,32092,2006-01-01,2010
1520,Visa,Credit,4515587053760930,2023-05-01,983,YES,1,9800,2006-01-01,2015
87,Visa,Credit,4372177587368950,2022-05-01,450,YES,1,6300,2006-01-01,2011
103,Visa,Debit,4891248998438640,2023-04-01,860,YES,2,20549,2006-01-01,2007
1307,Visa,Debit,4212262433992060,2021-10-01,186,YES,2,17280,2006-01-01,2012
442,Visa,Debit,4420834293443750,2020-02-01,403,YES,1,40384,2006-01-01,2006
1736,Visa,Debit,4870854561726480,2021-06-01,880,YES,1,23631,2006-01-01,2014
1695,Visa,Debit,4038689742921260,2021-12-01,770,YES,3,2851,2006-01-01,2007
1635,Visa,Debit,4237044992015680,2022-10-01,443,YES,2,24876,2006-01-01,2009
1175,Visa,Debit,4887547650218590,2024-03-01,281,YES,2,8427,2006-01-01,2014
1458,Visa,Debit,4529699535483300,2021-05-01,329,YES,1,10982,2006-01-01,2011
376,Visa,Credit,4472791439889130,2020-10-01,900,YES,2,25300,2006-01-01,2009
779,Visa,Debit,4906021631955320,2024-01-01,889,YES,2,18888,2006-01-01,2014
459,Visa,Credit,4115517902859170,2020-02-01,685,YES,1,7000,2006-01-01,2018
984,Visa,Credit,4163142253525850,2024-05-01,949,YES,2,10600,2006-01-01,2015
1227,Amex,Credit,349565330549626,2020-04-01,178,NO,1,14600,2007-01-01,2007
280,Amex,Credit,340690023329145,2007-05-01,921,YES,1,13600,2007-01-01,2009
629,Amex,Credit,335499499050062,2020-11-01,520,NO,2,20900,2007-01-01,2007
546,Amex,Credit,391488790203553,2020-06-01,195,YES,1,17900,2007-01-01,2010
1448,Mastercard,Credit,5571363047071890,2023-09-01,510,YES,1,13200,2007-01-01,2015
820,Mastercard,Debit,5738964942904640,2020-11-01,730,YES,1,20759,2007-01-01,2009
659,Mastercard,Debit (Prepaid),5315223005212880,2020-11-01,984,YES,2,74,2007-01-01,2010
639,Mastercard,Debit,5903118148557390,2022-11-01,939,NO,3,14156,2007-01-01,2018
1031,Mastercard,Debit,5438397481754730,2021-05-01,868,YES,2,25080,2007-01-01,2012
1195,Mastercard,Debit,5516369728570920,2022-10-01,822,YES,1,10369,2007-01-01,2011
249,Mastercard,Credit,5956371730449670,2024-07-01,475,YES,2,9300,2007-01-01,2010
1744,Mastercard,Debit,5802694499966890,2022-12-01,808,YES,1,9777,2007-01-01,2009
1676,Mastercard,Debit,5828285674944280,2024-08-01,192,YES,1,17360,2007-01-01,2010
478,Mastercard,Debit,5833433820016740,2024-02-01,624,NO,3,19263,2007-01-01,2011
1181,Mastercard,Debit,5627821887128370,2020-07-01,309,YES,2,11999,2007-01-01,2015
495,Mastercard,Debit,5291637236164080,2008-06-01,568,NO,1,13772,2007-01-01,2009
1094,Visa,Debit,4556928160477220,2023-06-01,64,YES,2,2365,2007-01-01,2009
1028,Visa,Credit,4838655730073770,2021-01-01,654,YES,1,24600,2007-01-01,2011
1263,Visa,Debit,4195281570309950,2020-12-01,740,YES,1,16513,2007-01-01,2011
442,Visa,Debit,4543954544652840,2024-06-01,124,YES,1,34063,2007-01-01,2009
1757,Visa,Credit,4064761360050850,2022-07-01,528,YES,2,13200,2007-01-01,2007
1360,Visa,Credit,4142865741084770,2020-08-01,302,YES,1,9000,2007-01-01,2007
560,Visa,Debit,4905889899631040,2020-01-01,87,YES,2,16642,2007-01-01,2012
884,Visa,Debit,4603341026600180,2012-05-01,611,YES,2,1112,2007-01-01,2013
1549,Visa,Debit (Prepaid),4402937579552700,2019-11-01,585,NO,2,85,2007-01-01,2018
256,Visa,Credit,4577476596554920,2010-12-01,553,YES,2,14300,2007-01-01,2007
737,Visa,Debit,4400094918183270,2020-06-01,700,NO,1,6789,2007-01-01,2009
303,Amex,Credit,336029900720764,2020-10-01,696,NO,1,14500,2008-01-01,2011
430,Amex,Credit,320312548990885,2013-08-01,628,YES,1,9200,2008-01-01,2009
1747,Mastercard,Debit,5892013969159900,2022-08-01,879,YES,1,14499,2008-01-01,2008
140,Mastercard,Debit,5845373196638990,2022-09-01,111,YES,1,13441,2008-01-01,2011
1728,Mastercard,Debit,5042804591987310,2023-03-01,431,YES,2,1930,2008-01-01,2015
1009,Mastercard,Credit,5166184234444180,2020-02-01,459,YES,1,8500,2008-01-01,2009
909,Mastercard,Debit (Prepaid),5237569453908010,2024-03-01,599,YES,2,21,2008-01-01,2013
1300,Mastercard,Credit,5042100576719650,2022-07-01,939,YES,1,4900,2008-01-01,2011
1617,Mastercard,Debit,5907512722234560,2014-01-01,855,YES,2,3843,2008-01-01,2009
813,Mastercard,Debit,5188366223912130,2021-10-01,649,YES,2,13417,2008-01-01,2008
154,Mastercard,Debit,5175111743032890,2011-03-01,151,YES,2,12557,2008-01-01,2013
837,Mastercard,Credit,5000790097162080,2024-07-01,232,YES,2,6700,2008-01-01,2009
703,Mastercard,Credit,5388336417003780,2021-02-01,355,YES,2,8100,2008-01-01,2009
642,Mastercard,Debit,5873966669352210,2024-09-01,809,YES,2,3966,2008-01-01,2013
550,Mastercard,Credit,5413639113191400,2022-04-01,398,YES,2,4200,2008-01-01,2008
1189,Mastercard,Credit,5194782740689020,2020-07-01,83,NO,1,8100,2008-01-01,2015
1807,Mastercard,Debit (Prepaid),5207231566469660,2014-03-01,198,YES,1,89,2008-01-01,2015
1668,Mastercard,Debit,5550568534248000,2024-07-01,941,YES,2,23712,2008-01-01,2009
218,Mastercard,Credit,5226320820755910,2020-04-01,569,YES,1,9300,2008-01-01,2008
1562,Mastercard,Debit,5980129246400400,2024-02-01,42,YES,2,16815,2008-01-01,2014
291,Mastercard,Debit (Prepaid),5900191366508120,2018-08-01,94,YES,2,52,2008-01-01,2011
1370,Mastercard,Debit,5848792320156290,2020-08-01,354,YES,2,10471,2008-01-01,2010
7,Mastercard,Debit,5673440794177680,2023-04-01,44,NO,2,21274,2008-01-01,2009
1284,Mastercard,Debit,5750484233286680,2023-06-01,222,YES,2,9789,2008-01-01,2009
1310,Visa,Credit,4737484014371340,2010-02-01,221,YES,2,5500,2008-01-01,2008
217,Visa,Debit,4072893581482200,2020-12-01,578,YES,2,22746,2008-01-01,2010
1156,Visa,Credit,4860334220798370,2020-02-01,146,YES,1,61100,2008-01-01,2010
490,Visa,Debit,4654267845248710,2021-10-01,929,YES,3,30242,2008-01-01,2013
1459,Visa,Credit,4382384960777390,2020-05-01,622,NO,2,7100,2008-01-01,2011
1666,Visa,Debit,4081281007922340,2024-05-01,405,YES,1,17405,2008-01-01,2012
677,Visa,Credit,4299314704025380,2020-06-01,215,YES,2,23100,2008-01-01,2010
416,Visa,Credit,4942437694778240,2020-10-01,805,NO,2,14900,2008-01-01,2011
980,Visa,Debit,4308765406643900,2011-08-01,699,YES,1,16094,2008-01-01,2010
1816,Visa,Debit,4646403746633730,2015-04-01,115,YES,1,22648,2008-01-01,2015
1306,Visa,Debit,4840631262367430,2023-09-01,686,YES,2,17120,2008-01-01,2017
843,Visa,Debit,4441719525815760,2017-03-01,895,YES,2,10495,2008-01-01,2011
1659,Visa,Credit,4199299822093540,2015-09-01,515,YES,2,19100,2008-01-01,2008
612,Visa,Credit,4446204059905460,2020-11-01,745,YES,1,9300,2008-01-01,2008
1535,Visa,Debit,4315296241283750,2021-08-01,887,YES,1,17231,2008-01-01,2008
932,Visa,Credit,4882749213560030,2022-02-01,251,YES,2,7100,2008-01-01,2009
11,Amex,Credit,320735955126194,2019-02-01,686,YES,1,15000,2009-01-01,2011
1995,Amex,Credit,316487244875963,2023-08-01,737,NO,2,9700,2009-01-01,2009
1091,Amex,Credit,386478516235378,2024-03-01,172,NO,2,17800,2009-01-01,2009
346,Discover,Credit,6690095408585360,2022-11-01,162,YES,1,14400,2009-01-01,2009
875,Discover,Credit,6670752769501820,2014-04-01,213,NO,2,14300,2009-01-01,2010
1206,Mastercard,Credit,5328878941102910,2016-03-01,847,YES,2,17400,2009-01-01,2010
1133,Mastercard,Debit (Prepaid),5491911967251850,2024-04-01,256,YES,2,69,2009-01-01,2013
1031,Mastercard,Credit,5301525411053270,2012-07-01,424,YES,2,12500,2009-01-01,2009
123,Mastercard,Debit,5518456077758790,2020-06-01,995,YES,1,24068,2009-01-01,2009
1015,Mastercard,Debit,5656999344150650,2024-10-01,761,YES,2,66779,2009-01-01,2011
658,Mastercard,Debit,5342017674521140,2024-08-01,200,YES,2,22742,2009-01-01,2009
1398,Mastercard,Debit (Prepaid),5446786190259540,2024-10-01,287,NO,2,61,2009-01-01,2016
1072,Mastercard,Debit,5840476864492030,2020-03-01,155,NO,1,6326,2009-01-01,2010
1054,Mastercard,Debit,5913847569907560,2024-03-01,237,YES,2,15100,2009-01-01,2009
1433,Mastercard,Debit,5346665102858330,2024-01-01,734,YES,1,4534,2009-01-01,2010
738,Mastercard,Debit,5186294128669150,2023-06-01,648,YES,1,21997,2009-01-01,2011
1947,Mastercard,Debit,5671721481892550,2022-07-01,733,YES,1,11982,2009-01-01,2013
1258,Mastercard,Debit (Prepaid),5777252404670450,2023-12-01,26,YES,1,65,2009-01-01,2009
217,Visa,Credit,4409790595650710,2012-05-01,839,YES,2,8200,2009-01-01,2011
299,Visa,Debit,4282874431983770,2020-05-01,127,YES,1,13009,2009-01-01,2009
1334,Visa,Credit,4144931322114010,2014-08-01,312,NO,1,9300,2009-01-01,2009
1204,Visa,Debit,4780113572248860,2022-10-01,498,YES,1,36641,2009-01-01,2009
581,Visa,Debit,4566018104845490,2020-08-01,490,YES,1,12589,2009-01-01,2011
605,Visa,Credit,4542762527059520,2022-12-01,70,YES,1,13500,2009-01-01,2009
804,Visa,Credit,4108680950969750,2012-08-01,988,NO,2,5400,2009-01-01,2011
1077,Visa,Debit,4411367352091200,2020-04-01,508,YES,2,20114,2009-01-01,2009
801,Visa,Credit,4237390837653260,2024-09-01,620,YES,1,8600,2009-01-01,2010
1398,Visa,Debit,4290693805811510,2016-09-01,32,YES,1,23392,2009-01-01,2011
895,Visa,Credit,4419165641059150,2023-11-01,167,YES,1,10300,2009-01-01,2013
1105,Visa,Debit,4755440234138020,2020-10-01,584,YES,1,4507,2009-01-01,2019
1380,Visa,Debit (Prepaid),4405922261615510,2011-06-01,725,YES,1,85,2009-01-01,2009
932,Visa,Debit,4759540467704660,2019-06-01,306,YES,2,6204,2009-01-01,2015
846,Amex,Credit,371624685132627,2022-10-01,297,YES,2,18400,2010-01-01,2015
1815,Amex,Credit,371091834390039,2020-02-01,858,YES,2,17800,2010-01-01,2011
299,Mastercard,Debit,5541834458092370,2024-03-01,143,YES,1,5575,2010-01-01,2010
1575,Mastercard,Debit,5107151477861230,2021-06-01,365,YES,1,23016,2010-01-01,2010
1078,Mastercard,Debit,5792661772040760,2023-10-01,862,YES,2,18092,2010-01-01,2015
729,Mastercard,Debit,5279503639469020,2020-02-01,613,YES,2,23039,2010-01-01,2010
123,Mastercard,Debit,5329313809426340,2020-11-01,20,YES,2,12102,2010-01-01,2010
1541,Mastercard,Debit,5090352145878320,2024-09-01,699,NO,2,12157,2010-01-01,2019
1749,Mastercard,Debit,5793881452789120,2019-06-01,784,YES,2,1213,2010-01-01,2010
132,Mastercard,Debit (Prepaid),5935629380160000,2020-10-01,160,YES,2,59,2010-01-01,2011
938,Mastercard,Credit,5664342346978780,2023-09-01,123,YES,1,12500,2010-01-01,2012
723,Mastercard,Debit,5737194797232030,2023-02-01,310,YES,2,13529,2010-01-01,2010
859,Mastercard,Credit,5753025722639040,2023-09-01,224,YES,2,8800,2010-01-01,2010
1453,Mastercard,Debit,5453158719013760,2011-11-01,732,YES,2,4136,2010-01-01,2010
1439,Mastercard,Debit,5289852815253240,2017-11-01,351,YES,2,10707,2010-01-01,2010
1256,Mastercard,Debit (Prepaid),5018794058509930,2021-01-01,807,YES,2,79,2010-01-01,2011
1141,Mastercard,Debit,5787921795028280,2020-07-01,29,YES,2,2397,2010-01-01,2013
1682,Mastercard,Credit,5970339574772530,2021-10-01,757,YES,2,13200,2010-01-01,2014
155,Mastercard,Debit,5290515548238200,2022-12-01,813,NO,1,9294,2010-01-01,2011
218,Mastercard,Debit,5031033208388940,2024-03-01,565,YES,2,11694,2010-01-01,2012
1449,Mastercard,Debit,5134527149271240,2022-02-01,755,YES,2,11457,2010-01-01,2016
203,Visa,Credit,4716309780327850,2022-07-01,275,YES,1,9100,2010-01-01,2010
11,Visa,Debit,4144574679317190,2024-03-01,543,YES,2,17208,2010-01-01,2016
1206,Visa,Debit,4866080343433200,2010-05-01,1,YES,2,41205,2010-01-01,2010
1546,Visa,Debit,4030476430498480,2013-07-01,437,YES,2,2181,2010-01-01,2011
1942,Visa,Debit (Prepaid),4709797841612620,2022-06-01,186,YES,2,11,2010-01-01,2010
50,Visa,Credit,4319140159818940,2023-06-01,418,YES,2,12700,2010-01-01,2010
319,Visa,Credit,4086497597276970,2021-03-01,383,YES,2,6800,2010-01-01,2010
1843,Visa,Debit,4348922167384220,2022-06-01,256,YES,2,8702,2010-01-01,2014
1451,Visa,Debit,4138363239181100,2023-03-01,48,YES,1,20475,2010-01-01,2015
649,Visa,Debit,4827129780511980,2024-03-01,941,YES,1,8280,2010-01-01,2010
69,Visa,Credit,4565836303791150,2021-09-01,441,YES,2,3900,2010-01-01,2010
332,Visa,Debit,4680771406185120,2013-01-01,913,YES,1,7452,2010-01-01,2018
1443,Visa,Debit,4384381555415270,2018-06-01,608,YES,2,3973,2010-01-01,2016
107,Visa,Debit (Prepaid),4664388076567370,2022-03-01,796,NO,1,66,2010-01-01,2011
1470,Visa,Debit,4474584531104230,2020-07-01,20,NO,2,3365,2010-01-01,2010
1856,Visa,Debit,4766091276666910,2016-03-01,750,YES,2,3909,2010-01-01,2010
209,Visa,Credit,4214239191578440,2020-05-01,231,YES,2,8700,2010-01-01,2010
1837,Visa,Debit,4205821347854720,2020-05-01,679,YES,1,8800,2010-01-01,2010
1659,Visa,Debit,4419460752105610,2023-02-01,113,YES,1,18116,2010-01-01,2010
373,Visa,Debit,4139199465174930,2021-10-01,9,YES,2,6688,2010-01-01,2016
590,Visa,Debit,4770207045170230,2022-11-01,959,NO,2,7644,2010-01-01,2010
986,Visa,Debit,4351221158003580,2012-08-01,302,YES,2,27317,2010-01-01,2010
1476,Amex,Credit,351118771819506,2021-05-01,551,YES,1,10400,2011-01-01,2011
37,Discover,Credit,6845375674595530,2024-02-01,943,YES,1,0,2011-01-01,2011
1759,Discover,Credit,6451744848809890,2023-10-01,409,YES,1,12300,2011-01-01,2011
645,Mastercard,Debit,5097891088528730,2023-09-01,447,YES,1,5857,2011-01-01,2012
223,Mastercard,Credit,5682154590913950,2012-11-01,9,YES,3,15900,2011-01-01,2011
427,Mastercard,Debit (Prepaid),5533615337478090,2022-09-01,743,YES,1,79,2011-01-01,2011
103,Mastercard,Debit,5593047322938360,2020-02-01,697,YES,1,15023,2011-01-01,2011
252,Mastercard,Debit (Prepaid),5762124532464440,2024-10-01,43,YES,2,35,2011-01-01,2011
1229,Mastercard,Debit,5896034364726400,2023-01-01,588,YES,1,19238,2011-01-01,2011
940,Mastercard,Debit,5543612189896620,2024-09-01,0,YES,2,26534,2011-01-01,2011
1695,Mastercard,Debit,5322366368652290,2016-01-01,702,YES,2,20838,2011-01-01,2011
1501,Mastercard,Debit,5365244955303240,2020-03-01,523,NO,1,17717,2011-01-01,2011
947,Mastercard,Debit (Prepaid),5337242427884900,2020-07-01,389,YES,2,79,2011-01-01,2011
1730,Mastercard,Debit,5016922849464000,2020-12-01,869,YES,1,25429,2011-01-01,2011
1974,Mastercard,Debit,5805044569196970,2020-01-01,947,YES,1,15195,2011-01-01,2011
155,Mastercard,Credit,5689609387142030,2021-02-01,393,NO,1,7800,2011-01-01,2011
267,Mastercard,Debit,5625635561969960,2023-07-01,310,YES,2,10636,2011-01-01,2011
708,Visa,Credit,4017261190134810,2015-05-01,877,YES,2,98100,2011-01-01,2011
1602,Visa,Credit,4698943729070490,2020-09-01,450,YES,1,6600,2011-01-01,2013
1378,Visa,Debit,4686786422368480,2021-08-01,648,YES,1,21757,2011-01-01,2011
636,Visa,Debit,4071490746118660,2020-07-01,498,YES,1,12057,2011-01-01,2018
196,Visa,Credit,4997594823384910,2021-10-01,0,YES,2,4300,2011-01-01,2011
764,Visa,Debit,4127768354829500,2020-04-01,462,YES,1,16109,2011-01-01,2011
1345,Visa,Debit,4988009818611000,2021-05-01,45,YES,2,16857,2011-01-01,2017
272,Visa,Debit,4058050157220590,2020-03-01,102,YES,1,2670,2011-01-01,2011
1788,Visa,Debit,4762069063483780,2023-03-01,474,YES,2,26255,2011-01-01,2011
1793,Visa,Debit (Prepaid),4525019658850210,2022-10-01,425,YES,2,60,2011-01-01,2011
1811,Visa,Debit,4077584980284620,2021-12-01,84,NO,2,7821,2011-01-01,2014
532,Visa,Debit,4092634167714570,2024-04-01,721,YES,1,25919,2011-01-01,2011
321,Amex,Credit,324067922186663,2018-08-01,194,YES,1,3300,2012-01-01,2012
964,Amex,Credit,340045632784763,2020-02-01,218,YES,1,13700,2012-01-01,2012
1769,Mastercard,Debit (Prepaid),5928394327706850,2021-11-01,853,NO,1,78,2012-01-01,2012
1402,Mastercard,Credit,5190611696772110,2018-10-01,920,YES,2,25300,2012-01-01,2012
1686,Mastercard,Debit,5422337679062470,2024-02-01,976,YES,1,48003,2012-01-01,2012
729,Mastercard,Debit,5279484044685390,2023-04-01,166,YES,1,17795,2012-01-01,2012
1797,Mastercard,Debit,5586398791957980,2022-03-01,828,YES,1,27243,2012-01-01,2012
1797,Mastercard,Debit,5535701151074660,2022-02-01,987,YES,1,16279,2012-01-01,2012
1116,Visa,Credit,4808554251869440,2021-02-01,921,YES,2,8700,2012-01-01,2012
854,Visa,Debit,4120824887309570,2023-06-01,110,YES,1,24826,2012-01-01,2012
4,Visa,Debit,4980412921853270,2021-04-01,28,YES,2,27520,2012-01-01,2012
1039,Visa,Credit,4015655705133740,2020-01-01,144,YES,2,4900,2012-01-01,2012
198,Visa,Credit,4539993816741440,2023-03-01,11,YES,1,6900,2012-01-01,2012
1873,Visa,Debit (Prepaid),4329819283337920,2024-12-01,529,NO,2,60,2012-01-01,2012
80,Visa,Credit,4281238011673200,2017-06-01,240,YES,2,2800,2012-01-01,2012
1872,Visa,Debit,4656088751958530,2022-01-01,257,YES,1,23300,2012-01-01,2012
274,Amex,Credit,365377878162370,2023-10-01,964,YES,2,16500,2013-01-01,2013
1152,Discover,Credit,6994498161251210,2024-04-01,477,YES,1,7200,2013-01-01,2013
826,Mastercard,Debit,5496405569223390,2014-11-01,30,YES,1,23403,2013-01-01,2013
571,Mastercard,Debit,5611435574657610,2023-02-01,150,YES,2,13019,2013-01-01,2013
1652,Mastercard,Debit,5792572397689300,2024-10-01,358,YES,1,26678,2013-01-01,2013
1202,Mastercard,Debit,5905486726598060,2014-10-01,426,YES,1,1,2013-01-01,2013
1366,Mastercard,Credit,5244253968518280,2024-07-01,684,YES,2,12400,2013-01-01,2013
1954,Mastercard,Debit,5544865210857670,2013-07-01,422,YES,2,21258,2013-01-01,2013
391,Mastercard,Debit,5396719740758940,2021-08-01,596,YES,1,23152,2013-01-01,2013
1323,Visa,Credit,4498891346944000,2020-02-01,734,YES,2,8700,2013-01-01,2013
1727,Visa,Debit,4304585079155850,2013-10-01,340,YES,1,19636,2013-01-01,2013
706,Visa,Credit,4395042092797750,2023-11-01,115,YES,2,12500,2013-01-01,2013
1122,Visa,Debit,4001532089642110,2021-01-01,681,YES,1,32071,2013-01-01,2013
868,Visa,Credit,4944959860713650,2022-07-01,21,YES,2,5000,2013-01-01,2013
260,Visa,Debit,4526531668861040,2021-12-01,422,YES,1,13342,2013-01-01,2013
1677,Visa,Credit,4051794996672540,2024-10-01,375,YES,2,2400,2013-01-01,2013
376,Visa,Credit,4846362912981070,2013-03-01,650,YES,1,9200,2013-01-01,2013
267,Visa,Debit,4771456546451310,2015-10-01,970,YES,1,12891,2013-01-01,2013
379,Amex,Credit,354813103334804,2021-06-01,527,YES,2,8400,2014-01-01,2014
1950,Mastercard,Credit,5963981612717510,2022-10-01,871,YES,1,1200,2014-01-01,2014
974,Mastercard,Credit,5998212515012580,2020-08-01,214,YES,2,10900,2014-01-01,2014
1316,Mastercard,Credit,5242129479868760,2024-11-01,288,YES,2,4700,2014-01-01,2014
1811,Mastercard,Debit (Prepaid),5320344964229690,2021-01-01,628,YES,1,54,2014-01-01,2014
495,Mastercard,Credit,5678554364408510,2017-07-01,255,YES,2,11500,2014-01-01,2014
628,Mastercard,Debit,5614906039254480,2021-10-01,288,YES,1,47183,2014-01-01,2014
684,Visa,Debit,4439425587555210,2015-03-01,568,YES,2,20770,2014-01-01,2014
1095,Visa,Debit,4476982543719360,2022-08-01,789,YES,1,15158,2014-01-01,2014
534,Visa,Debit,4357162101921890,2024-04-01,602,YES,2,32659,2014-01-01,2014
1589,Visa,Debit,4939717188461310,2023-10-01,395,NO,1,11912,2014-01-01,2014
1071,Visa,Debit,4177638630189990,2020-11-01,393,YES,1,31072,2014-01-01,2014
1585,Visa,Debit,4915076647608170,2023-08-01,63,NO,1,14708,2014-01-01,2014
814,Visa,Credit,4458593801378180,2024-07-01,713,YES,2,7400,2014-01-01,2014
305,Visa,Debit (Prepaid),4181646920762730,2020-05-01,86,YES,1,90,2014-01-01,2014
1028,Amex,Credit,355983307821258,2023-10-01,647,NO,2,14600,2015-01-01,2015
583,Amex,Credit,345109128105029,2024-02-01,963,YES,2,13900,2015-01-01,2015
1775,Mastercard,Debit,5309940542589430,2020-02-01,924,YES,2,17201,2015-01-01,2015
1004,Mastercard,Debit,5109749812856630,2015-08-01,246,YES,1,17272,2015-01-01,2015
657,Mastercard,Debit,5507324126094420,2021-02-01,373,YES,1,15331,2015-01-01,2015
784,Mastercard,Debit (Prepaid),5890249738384580,2022-11-01,136,YES,2,64,2015-01-01,2015
455,Mastercard,Debit (Prepaid),5146076432064540,2022-03-01,662,YES,1,90,2015-01-01,2015
121,Mastercard,Credit,5346005460523910,2021-12-01,389,YES,1,10000,2015-01-01,2015
797,Visa,Debit,4627972690876310,2021-06-01,920,YES,1,20779,2015-01-01,2015
449,Visa,Debit,4003397958786970,2021-05-01,994,YES,2,21594,2015-01-01,2015
1544,Amex,Credit,391180215396039,2022-02-01,329,YES,2,4400,2016-01-01,2016
335,Mastercard,Debit,5039380212110230,2020-07-01,830,YES,1,34385,2016-01-01,2016
890,Mastercard,Debit,5029029711457480,2023-09-01,75,YES,1,19573,2016-01-01,2016
1221,Mastercard,Debit,5911728602130700,2020-03-01,650,YES,1,14892,2016-01-01,2016
1829,Mastercard,Debit,5993983094110290,2021-01-01,784,NO,1,19884,2016-01-01,2016
1730,Mastercard,Debit,5618794869367730,2021-02-01,271,YES,1,16925,2016-01-01,2016
259,Visa,Debit,4820068957704850,2023-05-01,694,YES,1,21619,2016-01-01,2016
1881,Visa,Debit,4584347378978290,2021-03-01,249,YES,2,18548,2016-01-01,2016
1662,Mastercard,Debit,5243874409265560,2021-01-01,702,YES,1,20447,2017-01-01,2017
96,Visa,Credit,4304215035213800,2020-10-01,370,YES,2,24300,2017-01-01,2017
1118,Visa,Credit,4833091752929420,2023-06-01,461,YES,1,17100,2017-01-01,2017
1717,Visa,Debit,4515082319612540,2020-02-01,194,YES,1,15934,2017-01-01,2017
1282,Visa,Debit,4470396121935960,2023-11-01,109,YES,1,13193,2017-01-01,2017
701,Amex,Credit,302701760602871,2019-09-01,163,NO,2,11800,2018-01-01,2018
878,Amex,Credit,314664594016772,2023-05-01,957,YES,2,5400,2018-01-01,2018
1789,Mastercard,Debit,5969880085380230,2024-03-01,832,YES,1,12564,2018-01-01,2018
1522,Mastercard,Credit,5856087823647750,2020-02-01,101,YES,2,11200,2018-01-01,2018
575,Mastercard,Debit,5313945757861650,2018-09-01,764,YES,1,25121,2018-01-01,2018
1809,Mastercard,Debit (Prepaid),5654819097107070,2019-01-01,842,YES,1,94,2018-01-01,2018
368,Mastercard,Debit,5892815616421270,2020-02-01,831,YES,2,22132,2018-01-01,2018
944,Mastercard,Debit,5795522328185870,2020-05-01,134,YES,2,72274,2018-01-01,2018
987,Mastercard,Debit,5920175797699650,2021-08-01,420,YES,1,21985,2018-01-01,2018
1115,Visa,Debit,4906405312400640,2023-02-01,579,YES,1,9921,2018-01-01,2018
1769,Visa,Credit,4214195908881400,2023-10-01,598,YES,2,9900,2018-01-01,2018
20,Visa,Credit,4812182592435260,2022-02-01,213,YES,1,13000,2018-01-01,2018
1759,Visa,Debit,4056761456617100,2023-06-01,343,YES,2,15773,2018-01-01,2018
1301,Mastercard,Debit,5036328460113700,2021-08-01,627,YES,2,19570,2019-01-01,2019
119,Mastercard,Debit,5138208680850050,2020-09-01,400,NO,2,20819,2019-01-01,2019
1576,Mastercard,Debit,5113633089121120,2024-08-01,601,YES,2,18689,2019-01-01,2019
1635,Mastercard,Debit,5683839446492030,2023-04-01,587,YES,1,21434,2019-01-01,2019
1008,Mastercard,Debit,5036845153057900,2024-12-01,88,YES,2,15306,2019-01-01,2019
1178,Visa,Debit,4804338444306720,2022-01-01,279,YES,2,16447,2019-01-01,2019
1223,Visa,Debit,4025546651211980,2024-02-01,741,YES,2,64613,2019-01-01,2019
207,Visa,Credit,4612008256325590,2022-09-01,929,YES,1,5800,2019-01-01,2019
1229,Visa,Debit,4387900091455990,2020-03-01,509,NO,1,17954,2019-01-01,2019
811,Amex,Credit,399966116933253,2024-01-01,343,YES,1,24400,2020-01-01,2020
1134,Amex,Credit,324640473359364,2024-03-01,659,YES,2,7200,2020-01-01,2020
749,Amex,Credit,363305614201313,2023-09-01,943,NO,1,5600,2020-01-01,2020
1301,Amex,Credit,308100975355379,2024-04-01,881,YES,1,19000,2020-01-01,2020
66,Amex,Credit,306900138857551,2020-06-01,741,YES,1,14300,2020-01-01,2020
1133,Amex,Credit,364782097416183,2024-09-01,787,YES,2,13500,2020-01-01,2020
423,Amex,Credit,380507615759333,2021-07-01,194,YES,1,11400,2020-01-01,2020
1149,Amex,Credit,325863166103877,2020-01-01,936,YES,2,13800,2020-01-01,2020
829,Amex,Credit,336470004427582,2022-04-01,487,YES,1,7700,2020-01-01,2020
1111,Amex,Credit,396462574931667,2021-01-01,620,YES,2,8400,2020-01-01,2020
63,Amex,Credit,356226851008135,2020-01-01,792,NO,1,6600,2020-01-01,2020
610,Amex,Credit,394664650626942,2020-01-01,643,YES,1,15100,2020-01-01,2020
1795,Amex,Credit,392063695403858,2024-01-01,497,YES,2,1700,2020-01-01,2020
1063,Amex,Credit,321238694524282,2022-11-01,959,YES,2,12500,2020-01-01,2020
1040,Amex,Credit,373001607540829,2020-07-01,141,YES,2,16400,2020-01-01,2020
1647,Amex,Credit,393079452928936,2024-03-01,826,YES,2,8000,2020-01-01,2020
1013,Amex,Credit,330378740053511,2020-06-01,959,YES,1,12800,2020-01-01,2020
1081,Amex,Credit,308645722065737,2021-06-01,218,YES,2,21200,2020-01-01,2020
1125,Amex,Credit,394025181428995,2020-09-01,465,YES,1,23100,2020-01-01,2020
1020,Amex,Credit,375947824371679,2024-05-01,928,YES,1,12000,2020-01-01,2020
1337,Amex,Credit,372011647566495,2022-12-01,533,YES,1,9600,2020-01-01,2020
1038,Amex,Credit,335883869377870,2024-05-01,701,YES,1,8800,2020-01-01,2020
761,Amex,Credit,318070021444265,2022-12-01,160,YES,1,8800,2020-01-01,2020
1706,Amex,Credit,348111868266561,2021-09-01,246,YES,1,7300,2020-01-01,2020
531,Amex,Credit,334781877942824,2023-09-01,660,YES,1,6700,2020-01-01,2020
1556,Amex,Credit,384780807062464,2020-02-01,476,YES,2,11200,2020-01-01,2020
155,Amex,Credit,304990666285186,2023-02-01,972,YES,2,6500,2020-01-01,2020
231,Amex,Credit,310400555625656,2020-02-01,226,YES,2,4700,2020-01-01,2020
1400,Amex,Credit,383475654382335,2024-05-01,835,NO,2,6100,2020-01-01,2020
614,Amex,Credit,376263258046959,2020-02-01,498,YES,1,13700,2020-01-01,2020
8,Amex,Credit,366949625918264,2022-07-01,960,YES,1,12900,2020-01-01,2020
8,Amex,Credit,351563977299905,2022-04-01,915,YES,2,12800,2020-01-01,2020
1545,Amex,Credit,349828182407923,2020-01-01,939,YES,1,5700,2020-01-01,2020
121,Amex,Credit,378254419416636,2020-08-01,484,YES,3,10700,2020-01-01,2020
429,Discover,Credit,6377595394803320,2020-07-01,675,YES,2,19900,2020-01-01,2020
1938,Discover,Credit,6177503172021500,2024-05-01,97,YES,1,3400,2020-01-01,2020
1775,Discover,Credit,6108413838069050,2021-08-01,894,YES,1,8300,2020-01-01,2020
147,Discover,Credit,6837183865208670,2020-01-01,482,YES,1,19100,2020-01-01,2020
936,Discover,Credit,6575727919683830,2022-03-01,371,YES,1,9400,2020-01-01,2020
1304,Discover,Credit,6262934801438350,2021-06-01,565,YES,2,17500,2020-01-01,2020
562,Discover,Credit,6491563889949650,2023-02-01,834,YES,2,7200,2020-01-01,2020
407,Discover,Credit,6747626667389440,2020-02-01,65,YES,1,14300,2020-01-01,2020
610,Discover,Credit,6177133816659180,2020-01-01,302,YES,2,4500,2020-01-01,2020
949,Discover,Credit,6667487813805780,2020-12-01,869,YES,2,20700,2020-01-01,2020
351,Discover,Credit,6553992478482050,2020-01-01,897,YES,1,2700,2020-01-01,2020
225,Discover,Credit,6544507337530470,2023-09-01,953,YES,2,16600,2020-01-01,2020
239,Discover,Credit,6640823761249850,2020-01-01,41,YES,1,13800,2020-01-01,2020
418,Discover,Credit,6037017552543620,2024-03-01,945,YES,2,18100,2020-01-01,2020
574,Discover,Credit,6741482633639640,2020-04-01,360,NO,2,10500,2020-01-01,2020
1316,Discover,Credit,6193476799412100,2020-02-01,669,YES,1,8700,2020-01-01,2020
1831,Discover,Credit,6125317256925470,2023-10-01,681,YES,2,11100,2020-01-01,2020
77,Discover,Credit,6402388690714910,2020-04-01,731,YES,1,9300,2020-01-01,2020
588,Discover,Credit,6209823400357190,2020-01-01,916,YES,2,12000,2020-01-01,2020
153,Mastercard,Debit,5456808094753900,2020-02-01,217,YES,1,20463,2020-01-01,2020
777,Mastercard,Debit,5278075482033390,2023-04-01,437,YES,2,77237,2020-01-01,2020
877,Mastercard,Debit,5048151330736420,2020-02-01,931,YES,1,9708,2020-01-01,2020
1884,Mastercard,Debit (Prepaid),5750288075891800,2020-02-01,788,YES,2,74,2020-01-01,2020
811,Mastercard,Debit,5064137987234660,2020-02-01,599,YES,2,53549,2020-01-01,2020
838,Mastercard,Credit,5193780952753620,2021-01-01,591,YES,2,13800,2020-01-01,2020
1938,Mastercard,Debit,5099614207935760,2020-11-01,856,YES,1,2868,2020-01-01,2020
713,Mastercard,Debit,5169705466479210,2020-03-01,66,YES,1,1737,2020-01-01,2020
1631,Mastercard,Credit,5298079382002760,2021-11-01,989,YES,1,17500,2020-01-01,2020
290,Mastercard,Debit,5843714671989150,2020-01-01,533,YES,2,50915,2020-01-01,2020
800,Mastercard,Debit,5198251438400160,2021-05-01,789,YES,1,15555,2020-01-01,2020
1734,Mastercard,Debit,5945680972992840,2020-01-01,843,NO,2,39312,2020-01-01,2020
1399,Mastercard,Debit,5849554532579590,2021-05-01,767,YES,1,14295,2020-01-01,2020
1033,Mastercard,Debit,5407870927189090,2024-10-01,228,YES,2,14836,2020-01-01,2020
1033,Mastercard,Debit,5089025651729120,2024-07-01,464,YES,2,13972,2020-01-01,2020
431,Mastercard,Debit,5155446517379010,2020-05-01,719,YES,1,16524,2020-01-01,2020
431,Mastercard,Debit,5831064486667380,2020-01-01,570,NO,1,29526,2020-01-01,2020
1943,Mastercard,Debit (Prepaid),5182568921946800,2021-01-01,310,YES,1,81,2020-01-01,2020
1943,Mastercard,Debit,5394718113711360,2020-02-01,16,YES,1,34183,2020-01-01,2020
1159,Mastercard,Debit,5753359093924160,2024-09-01,795,YES,1,22821,2020-01-01,2020
1159,Mastercard,Debit,5786593463189270,2024-08-01,58,YES,1,16330,2020-01-01,2020
593,Mastercard,Credit,5659013286075920,2020-02-01,777,YES,1,7700,2020-01-01,2020
417,Mastercard,Credit,5229402459571300,2020-01-01,704,YES,1,3000,2020-01-01,2020
306,Mastercard,Debit,5540073375174440,2024-05-01,684,YES,2,28868,2020-01-01,2020
306,Mastercard,Debit,5289314952826810,2021-02-01,998,YES,1,51836,2020-01-01,2020
352,Mastercard,Debit,5168144985829710,2020-01-01,454,YES,1,18091,2020-01-01,2020
352,Mastercard,Debit,5081154452848660,2022-12-01,211,YES,1,14514,2020-01-01,2020
1745,Mastercard,Debit,5504969419405750,2022-03-01,907,YES,1,35466,2020-01-01,2020
299,Mastercard,Debit,5692291424544260,2024-12-01,696,YES,2,12029,2020-01-01,2020
820,Mastercard,Credit,5634478684634260,2021-10-01,490,YES,1,11100,2020-01-01,2020
1188,Mastercard,Debit (Prepaid),5570196053274730,2022-05-01,85,YES,2,52,2020-01-01,2020
340,Mastercard,Debit (Prepaid),5544687575831330,2020-08-01,626,YES,1,65,2020-01-01,2020
1061,Mastercard,Debit,5178825671566740,2020-02-01,674,YES,1,15358,2020-01-01,2020
824,Mastercard,Debit,5393478219521010,2020-07-01,98,YES,1,1940,2020-01-01,2020
963,Mastercard,Debit,5144733341253770,2023-05-01,686,YES,1,21106,2020-01-01,2020
904,Mastercard,Credit,5952221076870750,2020-08-01,821,YES,2,5600,2020-01-01,2020
1804,Mastercard,Debit,5979460179212680,2022-10-01,565,YES,1,9984,2020-01-01,2020
12,Mastercard,Debit,5108476679203450,2020-02-01,101,YES,2,10058,2020-01-01,2020
1792,Mastercard,Debit,5988371080858830,2022-01-01,648,NO,2,18296,2020-01-01,2020
1323,Mastercard,Debit,5054119105173350,2024-07-01,774,YES,1,12053,2020-01-01,2020
934,Mastercard,Debit,5949121295863240,2020-02-01,399,NO,2,2055,2020-01-01,2020
1402,Mastercard,Debit,5573456051575880,2024-09-01,515,YES,2,31845,2020-01-01,2020
1650,Mastercard,Debit,5799559141683850,2020-01-01,461,YES,2,7488,2020-01-01,2020
1650,Mastercard,Credit,5656952388282680,2021-07-01,589,YES,2,10200,2020-01-01,2020
1457,Mastercard,Debit,5478474703672390,2020-05-01,881,YES,1,15688,2020-01-01,2020
945,Mastercard,Credit,5584035369803220,2021-04-01,410,YES,1,11900,2020-01-01,2020
1576,Mastercard,Debit,5408716058769160,2022-07-01,404,YES,3,15163,2020-01-01,2020
1424,Mastercard,Debit,5004994096233320,2020-03-01,489,NO,1,9957,2020-01-01,2020
1643,Mastercard,Debit (Prepaid),5169835962793020,2020-02-01,821,YES,2,22,2020-01-01,2020
1591,Mastercard,Debit,5596909204961650,2020-04-01,708,YES,1,16818,2020-01-01,2020
817,Mastercard,Debit,5778485837801730,2021-08-01,852,YES,2,32267,2020-01-01,2020
817,Mastercard,Debit,5517971919199340,2021-09-01,792,YES,1,30670,2020-01-01,2020
1927,Mastercard,Debit (Prepaid),5803470646010240,2020-01-01,940,YES,1,62,2020-01-01,2020
1658,Mastercard,Debit,5875716871084900,2020-01-01,798,YES,2,12636,2020-01-01,2020
1255,Mastercard,Debit,5826930335951620,2023-06-01,803,YES,1,9773,2020-01-01,2020
85,Mastercard,Debit,5335622486722960,2023-10-01,617,YES,2,9953,2020-01-01,2020
875,Mastercard,Debit,5942817121899540,2022-08-01,408,YES,1,20801,2020-01-01,2020
422,Mastercard,Debit (Prepaid),5352787929411470,2024-01-01,196,NO,2,63,2020-01-01,2020
422,Mastercard,Credit,5649118777959740,2022-05-01,123,YES,1,6500,2020-01-01,2020
936,Mastercard,Debit,5193598337004770,2020-08-01,655,YES,1,19369,2020-01-01,2020
258,Mastercard,Debit,5979251671199850,2020-01-01,949,YES,1,12596,2020-01-01,2020
1978,Mastercard,Debit,5070126203216170,2020-01-01,795,YES,2,1559,2020-01-01,2020
1976,Mastercard,Debit,5318581534984740,2021-12-01,914,NO,2,21291,2020-01-01,2020
1887,Mastercard,Credit,5723992473008280,2020-02-01,298,YES,1,5300,2020-01-01,2020
1887,Mastercard,Credit,5568613598314700,2022-06-01,926,YES,1,15800,2020-01-01,2020
195,Mastercard,Debit,5809559236815240,2020-01-01,643,YES,1,26219,2020-01-01,2020
874,Mastercard,Credit,5618927130201350,2020-04-01,47,YES,1,15100,2020-01-01,2020
785,Mastercard,Credit,5182039113510180,2024-12-01,533,YES,1,15400,2020-01-01,2020
685,Mastercard,Debit,5319381223326690,2020-02-01,205,YES,2,30119,2020-01-01,2020
736,Mastercard,Debit (Prepaid),5166680396292020,2024-11-01,462,YES,1,38,2020-01-01,2020
736,Mastercard,Debit (Prepaid),5582430794372140,2024-09-01,397,YES,2,100,2020-01-01,2020
1776,Mastercard,Debit,5089550241614490,2020-02-01,625,YES,2,18292,2020-01-01,2020
1524,Mastercard,Debit,5298405785595860,2022-06-01,451,YES,1,52121,2020-01-01,2020
767,Mastercard,Debit (Prepaid),5998020597750680,2020-01-01,259,YES,2,24,2020-01-01,2020
678,Mastercard,Debit,5845664736410400,2024-09-01,157,YES,1,11254,2020-01-01,2020
1724,Mastercard,Debit,5820532728475050,2021-07-01,136,YES,1,17665,2020-01-01,2020
158,Mastercard,Debit,5217920627763470,2020-02-01,902,YES,1,22310,2020-01-01,2020
143,Mastercard,Debit (Prepaid),5710956185196340,2020-02-01,91,YES,2,72,2020-01-01,2020
1108,Mastercard,Credit,5744439609691200,2020-01-01,662,YES,1,28000,2020-01-01,2020
270,Mastercard,Debit (Prepaid),5387845577295000,2020-02-01,379,YES,1,46,2020-01-01,2020
270,Mastercard,Debit,5778432883626950,2020-01-01,217,NO,2,27489,2020-01-01,2020
1438,Mastercard,Debit,5219464488355600,2022-09-01,80,YES,2,7767,2020-01-01,2020
1021,Mastercard,Debit (Prepaid),5147465861467110,2024-04-01,905,YES,1,82,2020-01-01,2020
829,Mastercard,Debit,5898279833645780,2023-10-01,139,YES,3,11018,2020-01-01,2020
193,Mastercard,Debit (Prepaid),5412046613062340,2021-03-01,587,YES,2,32,2020-01-01,2020
1160,Mastercard,Debit,5422957944601640,2024-09-01,948,YES,1,14168,2020-01-01,2020
507,Mastercard,Debit (Prepaid),5366433748394940,2020-02-01,959,YES,3,74,2020-01-01,2020
1465,Mastercard,Credit,5118544604271720,2023-01-01,774,YES,1,11600,2020-01-01,2020
1396,Mastercard,Debit (Prepaid),5683429952038140,2020-02-01,101,YES,1,23,2020-01-01,2020
599,Mastercard,Debit,5040077771754430,2020-01-01,475,YES,1,72868,2020-01-01,2020
1394,Mastercard,Debit,5610324213392850,2023-10-01,951,YES,2,18022,2020-01-01,2020
310,Mastercard,Debit,5037135277339670,2021-11-01,719,YES,2,26251,2020-01-01,2020
1239,Mastercard,Credit,5539431041002730,2024-09-01,932,YES,2,11100,2020-01-01,2020
1691,Mastercard,Credit,5618482408174950,2020-02-01,793,YES,1,5400,2020-01-01,2020
1570,Mastercard,Debit (Prepaid),5515026771729880,2024-03-01,311,YES,1,63,2020-01-01,2020
886,Mastercard,Debit,5283951994405150,2020-01-01,201,NO,1,19991,2020-01-01,2020
297,Mastercard,Debit (Prepaid),5876773249686690,2022-09-01,942,YES,2,29,2020-01-01,2020
786,Mastercard,Debit,5360341319255160,2024-07-01,985,YES,2,7221,2020-01-01,2020
1886,Mastercard,Credit,5437743244958180,2022-09-01,676,YES,1,11900,2020-01-01,2020
778,Mastercard,Debit,5103357334539480,2023-09-01,3,YES,2,15895,2020-01-01,2020
1197,Mastercard,Debit,5083490519087270,2022-01-01,232,YES,1,37002,2020-01-01,2020
787,Mastercard,Debit (Prepaid),5536825392398620,2024-11-01,829,YES,1,80,2020-01-01,2020
1935,Mastercard,Debit,5708163356892630,2020-01-01,148,YES,2,23716,2020-01-01,2020
268,Mastercard,Debit,5171844589281130,2023-12-01,998,YES,2,17789,2020-01-01,2020
922,Mastercard,Debit (Prepaid),5070468758051890,2020-01-01,783,YES,2,28,2020-01-01,2020
1494,Mastercard,Debit,5548555538116200,2024-09-01,20,YES,1,8998,2020-01-01,2020
1139,Mastercard,Debit,5986665930699660,2021-12-01,654,YES,2,19185,2020-01-01,2020
1174,Mastercard,Debit,5860197030769930,2024-08-01,281,YES,2,2066,2020-01-01,2020
1005,Mastercard,Debit,5297814036761840,2020-11-01,436,YES,2,12035,2020-01-01,2020
448,Mastercard,Credit,5114662442047900,2021-02-01,247,YES,2,7200,2020-01-01,2020
1907,Mastercard,Credit,5873879871800490,2021-09-01,895,YES,2,5700,2020-01-01,2020
1778,Mastercard,Debit,5640299040746330,2022-08-01,259,YES,1,13857,2020-01-01,2020
243,Mastercard,Debit,5795511997395930,2023-03-01,987,YES,1,5158,2020-01-01,2020
486,Mastercard,Debit,5961241054000880,2020-02-01,108,NO,1,29674,2020-01-01,2020
1667,Mastercard,Debit,5421616899749760,2020-01-01,724,YES,2,10522,2020-01-01,2020
716,Mastercard,Debit,5513976299775150,2023-03-01,404,YES,2,7139,2020-01-01,2020
716,Mastercard,Debit,5169449886762700,2021-09-01,443,YES,1,10199,2020-01-01,2020
254,Mastercard,Credit,5786727394117630,2024-04-01,230,YES,2,15900,2020-01-01,2020
475,Mastercard,Debit,5377432030711900,2022-01-01,246,YES,1,15579,2020-01-01,2020
407,Mastercard,Debit,5450745036208910,2021-07-01,706,YES,2,21749,2020-01-01,2020
407,Mastercard,Debit (Prepaid),5841671678505470,2022-07-01,278,YES,2,22,2020-01-01,2020
1085,Mastercard,Debit,5249605791833250,2023-08-01,248,YES,1,33150,2020-01-01,2020
74,Mastercard,Debit,5419249022493260,2020-01-01,523,YES,1,15568,2020-01-01,2020
1547,Mastercard,Debit,5158576738638750,2021-09-01,196,NO,2,18856,2020-01-01,2020
1812,Mastercard,Debit (Prepaid),5638069209131410,2022-11-01,466,NO,1,19,2020-01-01,2020
955,Mastercard,Debit,5613716530357430,2021-04-01,405,YES,1,20576,2020-01-01,2020
1914,Mastercard,Credit,5916703381443040,2024-06-01,396,YES,1,10400,2020-01-01,2020
1984,Mastercard,Debit,5338290960851830,2021-12-01,118,YES,1,674,2020-01-01,2020
1821,Mastercard,Debit,5034815911594020,2024-11-01,490,NO,2,18048,2020-01-01,2020
509,Mastercard,Debit,5679878136345100,2023-12-01,658,YES,1,13218,2020-01-01,2020
832,Mastercard,Debit,5355282965831670,2020-02-01,110,YES,2,15741,2020-01-01,2020
1426,Mastercard,Credit,5464649664950050,2023-05-01,203,NO,2,35500,2020-01-01,2020
1426,Mastercard,Credit,5882324108899620,2020-05-01,496,YES,2,17100,2020-01-01,2020
156,Mastercard,Debit,5580797323399610,2020-05-01,602,YES,1,14820,2020-01-01,2020
949,Mastercard,Debit (Prepaid),5230200235683630,2020-02-01,31,YES,2,41,2020-01-01,2020
722,Mastercard,Debit,5364678125237320,2022-09-01,987,YES,2,21794,2020-01-01,2020
1040,Mastercard,Debit,5888304398785410,2020-02-01,957,YES,1,62317,2020-01-01,2020
1498,Mastercard,Debit,5467709707043930,2024-03-01,414,YES,2,15781,2020-01-01,2020
27,Mastercard,Credit,5098820482811220,2022-03-01,546,YES,2,7000,2020-01-01,2020
999,Mastercard,Credit,5084890972780150,2020-02-01,704,YES,2,11700,2020-01-01,2020
999,Mastercard,Debit,5776578098565130,2020-01-01,428,YES,1,19286,2020-01-01,2020
999,Mastercard,Debit,5938238674613510,2023-12-01,970,YES,1,22868,2020-01-01,2020
1436,Mastercard,Debit,5305112976234170,2022-12-01,182,YES,1,10427,2020-01-01,2020
1230,Mastercard,Debit (Prepaid),5644009999089880,2021-07-01,745,YES,2,68,2020-01-01,2020
1017,Mastercard,Debit,5826135241607420,2020-02-01,122,YES,2,5836,2020-01-01,2020
1148,Mastercard,Debit,5796942838820070,2021-10-01,291,NO,1,14835,2020-01-01,2020
412,Mastercard,Debit,5356595125371370,2020-02-01,118,YES,2,14733,2020-01-01,2020
412,Mastercard,Debit (Prepaid),5620630869634940,2024-02-01,155,YES,2,60,2020-01-01,2020
567,Mastercard,Debit,5819953308753500,2024-12-01,978,YES,1,6497,2020-01-01,2020
567,Mastercard,Debit (Prepaid),5461501204746610,2021-07-01,921,YES,1,67,2020-01-01,2020
35,Mastercard,Debit,5521656165067350,2020-07-01,771,YES,1,9632,2020-01-01,2020
35,Mastercard,Debit,5745960951909790,2024-01-01,921,NO,2,32399,2020-01-01,2020
1238,Mastercard,Credit,5671490114250430,2020-01-01,534,NO,3,6700,2020-01-01,2020
1502,Mastercard,Debit,5102512406568370,2023-12-01,196,YES,2,33833,2020-01-01,2020
522,Mastercard,Debit,5477468554443610,2022-09-01,446,YES,2,21359,2020-01-01,2020
131,Mastercard,Debit,5658431484394880,2020-01-01,315,YES,1,12427,2020-01-01,2020
131,Mastercard,Debit,5783091385721120,2020-02-01,13,YES,1,24432,2020-01-01,2020
1652,Mastercard,Debit (Prepaid),5839969091471130,2024-12-01,684,YES,1,78,2020-01-01,2020
1119,Mastercard,Credit,5775614858102640,2020-01-01,32,YES,2,11500,2020-01-01,2020
1830,Mastercard,Debit (Prepaid),5932488176672890,2020-02-01,164,YES,1,58,2020-01-01,2020
453,Mastercard,Debit,5881679887889710,2020-01-01,806,NO,1,23996,2020-01-01,2020
1462,Mastercard,Debit (Prepaid),5023362294953900,2020-08-01,641,YES,2,44,2020-01-01,2020
1848,Mastercard,Credit,5024975183096420,2021-04-01,542,YES,1,12700,2020-01-01,2020
1444,Mastercard,Debit,5621630163698120,2020-02-01,106,NO,1,21611,2020-01-01,2020
962,Mastercard,Credit,5195862758999590,2021-12-01,426,YES,2,13300,2020-01-01,2020
161,Mastercard,Debit,5734847771716580,2020-07-01,423,YES,1,11163,2020-01-01,2020
867,Mastercard,Debit,5149907991090610,2021-09-01,275,YES,1,10196,2020-01-01,2020
740,Mastercard,Debit,5514582408709010,2021-04-01,117,YES,1,8661,2020-01-01,2020
1210,Mastercard,Debit,5263958724423360,2020-01-01,206,YES,2,6824,2020-01-01,2020
1295,Mastercard,Debit (Prepaid),5503241746944920,2020-02-01,950,YES,1,72,2020-01-01,2020
424,Mastercard,Debit,5000442144363520,2022-06-01,674,YES,2,38,2020-01-01,2020
134,Mastercard,Debit,5633930742392350,2020-02-01,560,YES,1,27290,2020-01-01,2020
1343,Mastercard,Debit,5197164080750340,2022-12-01,636,NO,2,12738,2020-01-01,2020
1930,Mastercard,Debit (Prepaid),5974769461650560,2023-05-01,718,YES,1,73,2020-01-01,2020
1930,Mastercard,Credit,5298746204483250,2022-10-01,840,YES,1,15700,2020-01-01,2020
1335,Mastercard,Debit (Prepaid),5893866156194790,2024-07-01,421,YES,1,115,2020-01-01,2020
1125,Mastercard,Debit,5534546903363090,2022-12-01,833,YES,1,41040,2020-01-01,2020
1952,Mastercard,Debit,5134582028672730,2022-10-01,955,YES,3,13831,2020-01-01,2020
1635,Mastercard,Debit,5604394692366740,2024-06-01,406,YES,2,13523,2020-01-01,2020
969,Mastercard,Debit,5935282226409440,2020-11-01,222,YES,1,19578,2020-01-01,2020
508,Mastercard,Debit (Prepaid),5058598107512730,2020-07-01,451,YES,2,98,2020-01-01,2020
9,Mastercard,Debit,5172118224009290,2024-01-01,934,YES,1,14670,2020-01-01,2020
1892,Mastercard,Debit (Prepaid),5119564246293760,2023-06-01,883,YES,2,31,2020-01-01,2020
1672,Mastercard,Debit,5837070772426670,2020-12-01,507,YES,1,3313,2020-01-01,2020
426,Mastercard,Debit,5718188955977060,2021-02-01,385,YES,3,5618,2020-01-01,2020
342,Mastercard,Debit,5550802323458250,2022-09-01,862,YES,1,61407,2020-01-01,2020
272,Mastercard,Debit (Prepaid),5808136548740010,2023-07-01,131,YES,1,100,2020-01-01,2020
521,Mastercard,Debit,5351705189279020,2021-12-01,895,YES,2,1680,2020-01-01,2020
1381,Mastercard,Debit,5063833404835990,2024-12-01,954,YES,1,16769,2020-01-01,2020
239,Mastercard,Debit (Prepaid),5675120465436910,2021-03-01,779,YES,2,55,2020-01-01,2020
239,Mastercard,Debit,5595112515226580,2020-02-01,994,YES,2,9279,2020-01-01,2020
1205,Mastercard,Credit,5318920143610640,2021-03-01,389,YES,2,7800,2020-01-01,2020
1190,Mastercard,Credit,5116834896067440,2020-02-01,635,YES,2,9900,2020-01-01,2020
594,Mastercard,Credit,5717740258290130,2022-09-01,312,YES,1,7700,2020-01-01,2020
923,Mastercard,Debit,5545102087160720,2020-02-01,128,YES,1,22234,2020-01-01,2020
293,Mastercard,Debit,5253561686917610,2023-06-01,467,YES,1,12899,2020-01-01,2020
501,Mastercard,Credit,5119325503441470,2022-01-01,925,YES,1,9400,2020-01-01,2020
796,Mastercard,Debit,5680156886098550,2020-02-01,437,YES,2,12695,2020-01-01,2020
796,Mastercard,Debit,5423464464264600,2022-11-01,264,NO,1,18800,2020-01-01,2020
418,Mastercard,Debit,5424759091285900,2024-09-01,971,YES,2,9082,2020-01-01,2020
960,Mastercard,Debit,5863465955533490,2023-10-01,577,YES,2,24200,2020-01-01,2020
761,Mastercard,Debit,5269665726380860,2020-04-01,980,YES,1,17500,2020-01-01,2020
399,Mastercard,Debit,5104427511153640,2021-09-01,720,YES,1,25693,2020-01-01,2020
1763,Mastercard,Debit,5773517601936210,2020-02-01,656,YES,2,12068,2020-01-01,2020
717,Mastercard,Debit,5903210987711410,2024-10-01,288,YES,2,10039,2020-01-01,2020
717,Mastercard,Debit,5408447393977140,2020-02-01,466,YES,2,22043,2020-01-01,2020
117,Mastercard,Debit (Prepaid),5858496467111390,2023-09-01,491,NO,1,45,2020-01-01,2020
117,Mastercard,Debit,5207888548617780,2020-01-01,537,YES,2,14759,2020-01-01,2020
389,Mastercard,Debit,5520710322024810,2023-12-01,197,YES,1,22218,2020-01-01,2020
1829,Mastercard,Credit,5693261287915410,2020-02-01,823,YES,1,10700,2020-01-01,2020
1392,Mastercard,Debit,5409055666511640,2021-03-01,923,NO,2,12014,2020-01-01,2020
1392,Mastercard,Credit,5550873515782730,2022-07-01,556,YES,2,10100,2020-01-01,2020
1112,Mastercard,Debit,5912994287217500,2020-06-01,291,YES,1,10896,2020-01-01,2020
1112,Mastercard,Debit,5626395550412590,2023-04-01,678,YES,1,3526,2020-01-01,2020
966,Mastercard,Debit,5612228528720080,2022-10-01,458,YES,2,1077,2020-01-01,2020
107,Mastercard,Debit (Prepaid),5738671537483070,2021-09-01,427,YES,1,98,2020-01-01,2020
1363,Mastercard,Credit,5607389851323320,2023-04-01,557,YES,1,11200,2020-01-01,2020
10,Mastercard,Debit,5686764662723280,2022-03-01,113,YES,1,24602,2020-01-01,2020
935,Mastercard,Debit,5743528973419480,2020-11-01,702,YES,1,15527,2020-01-01,2020
37,Mastercard,Debit,5503299875661520,2020-02-01,924,YES,1,20587,2020-01-01,2020
1140,Mastercard,Debit,5911201546356820,2020-11-01,172,YES,1,26275,2020-01-01,2020
500,Mastercard,Debit,5444994064603120,2021-01-01,632,YES,2,14679,2020-01-01,2020
1808,Mastercard,Credit,5855208922240890,2022-11-01,32,NO,2,10200,2020-01-01,2020
1132,Mastercard,Credit,5988513060276960,2020-11-01,754,YES,2,9700,2020-01-01,2020
1025,Mastercard,Credit,5098793947794730,2020-07-01,488,YES,2,7800,2020-01-01,2020
344,Mastercard,Debit,5943892255232370,2022-06-01,355,YES,2,7283,2020-01-01,2020
344,Mastercard,Debit,5966316752263920,2021-01-01,442,YES,1,23750,2020-01-01,2020
1118,Mastercard,Credit,5416417426288750,2020-02-01,460,YES,1,21100,2020-01-01,2020
337,Mastercard,Debit (Prepaid),5540235248298500,2024-01-01,40,YES,2,86,2020-01-01,2020
1923,Mastercard,Credit,5132540732340000,2022-05-01,14,NO,1,7900,2020-01-01,2020
1633,Mastercard,Debit,5773754472145440,2024-08-01,145,YES,2,21982,2020-01-01,2020
1593,Mastercard,Debit,5271720303804190,2021-05-01,709,YES,1,20278,2020-01-01,2020
881,Mastercard,Debit,5546049735690420,2020-05-01,380,YES,1,28163,2020-01-01,2020
1333,Mastercard,Debit,5494418818088070,2020-01-01,181,NO,1,28203,2020-01-01,2020
1333,Mastercard,Credit,5917929365404110,2020-01-01,876,YES,1,30200,2020-01-01,2020
1333,Mastercard,Debit,5697326448769660,2020-06-01,916,YES,1,3565,2020-01-01,2020
151,Mastercard,Credit,5087990899424450,2021-11-01,691,NO,2,12800,2020-01-01,2020
1801,Mastercard,Debit,5588070685818030,2020-09-01,126,YES,1,7284,2020-01-01,2020
1835,Mastercard,Debit,5452922835345680,2020-01-01,969,YES,2,12191,2020-01-01,2020
611,Mastercard,Debit,5797418937992890,2020-01-01,154,YES,2,10304,2020-01-01,2020
632,Mastercard,Debit,5199637709729160,2022-05-01,927,YES,1,16557,2020-01-01,2020
70,Mastercard,Debit,5458733371432880,2021-08-01,24,NO,2,30637,2020-01-01,2020
805,Mastercard,Debit,5991004678910430,2020-05-01,214,YES,1,11805,2020-01-01,2020
830,Mastercard,Credit,5930929069464450,2020-02-01,744,YES,2,19000,2020-01-01,2020
1925,Mastercard,Credit,5327121819423210,2021-11-01,101,NO,2,1300,2020-01-01,2020
1925,Mastercard,Credit,5867592323939050,2020-01-01,102,YES,1,17500,2020-01-01,2020
1690,Mastercard,Debit,5487985553439540,2023-12-01,103,YES,2,15906,2020-01-01,2020
911,Mastercard,Credit,5288171160215320,2023-01-01,828,YES,1,8900,2020-01-01,2020
978,Mastercard,Debit,5950613249503510,2020-08-01,608,YES,2,16558,2020-01-01,2020
1550,Mastercard,Debit,5510529698460160,2024-12-01,410,YES,1,44717,2020-01-01,2020
1550,Mastercard,Debit,5679761417086760,2020-04-01,123,YES,2,14332,2020-01-01,2020
1761,Mastercard,Debit,5237616749088430,2024-05-01,670,YES,1,17963,2020-01-01,2020
1316,Mastercard,Debit,5196434400831390,2022-01-01,696,YES,1,12088,2020-01-01,2020
1831,Mastercard,Debit,5889682038601560,2020-02-01,815,YES,1,12152,2020-01-01,2020
390,Mastercard,Credit,5591895053896000,2020-02-01,836,YES,1,18500,2020-01-01,2020
390,Mastercard,Debit (Prepaid),5076996431094040,2022-01-01,241,YES,1,57,2020-01-01,2020
1293,Mastercard,Debit,5078145607261490,2021-07-01,614,YES,2,23902,2020-01-01,2020
1597,Mastercard,Debit,5452689036471930,2024-07-01,803,YES,1,24682,2020-01-01,2020
289,Mastercard,Debit,5118294961901330,2020-01-01,713,YES,1,7640,2020-01-01,2020
618,Mastercard,Debit (Prepaid),5390553032149250,2024-02-01,292,NO,2,71,2020-01-01,2020
555,Mastercard,Debit (Prepaid),5826140028493870,2021-04-01,787,YES,2,26,2020-01-01,2020
136,Mastercard,Debit,5941060191494190,2021-11-01,888,YES,2,23529,2020-01-01,2020
998,Mastercard,Credit,5867990216480060,2023-11-01,890,NO,1,9400,2020-01-01,2020
998,Mastercard,Debit,5278235755391640,2024-01-01,334,YES,1,11364,2020-01-01,2020
1708,Mastercard,Credit,5768193861918360,2022-03-01,263,YES,2,9100,2020-01-01,2020
968,Mastercard,Credit,5013961450307350,2020-03-01,831,YES,2,700,2020-01-01,2020
612,Mastercard,Debit,5184750031787690,2024-05-01,395,YES,1,17252,2020-01-01,2020
536,Mastercard,Debit (Prepaid),5274198815905600,2020-01-01,614,YES,1,80,2020-01-01,2020
536,Mastercard,Debit,5979708797094580,2020-02-01,245,YES,1,5826,2020-01-01,2020
523,Mastercard,Credit,5008598572977470,2020-02-01,232,YES,1,8300,2020-01-01,2020
928,Mastercard,Credit,5253140087088070,2020-12-01,945,YES,1,8000,2020-01-01,2020
1962,Mastercard,Debit,5422341110559650,2021-10-01,939,YES,2,45373,2020-01-01,2020
167,Mastercard,Credit,5226870809361780,2020-01-01,75,YES,1,10400,2020-01-01,2020
1496,Mastercard,Debit (Prepaid),5483078601827870,2023-07-01,594,YES,2,55,2020-01-01,2020
1624,Mastercard,Debit,5141201123047050,2023-10-01,639,NO,1,13558,2020-01-01,2020
499,Mastercard,Debit,5637089823683600,2023-01-01,543,YES,2,14146,2020-01-01,2020
499,Mastercard,Debit,5024262627226050,2020-03-01,539,YES,1,22392,2020-01-01,2020
631,Mastercard,Credit,5317076130104740,2022-05-01,81,YES,1,7200,2020-01-01,2020
1070,Mastercard,Debit,5077019023912410,2022-02-01,452,NO,2,24334,2020-01-01,2020
1375,Mastercard,Debit,5317755409759520,2020-06-01,472,YES,1,18364,2020-01-01,2020
498,Mastercard,Debit,5762905101107710,2024-01-01,55,YES,2,13597,2020-01-01,2020
897,Mastercard,Credit,5648920659581650,2022-03-01,9,YES,2,10200,2020-01-01,2020
262,Mastercard,Credit,5184235869070080,2023-09-01,200,YES,1,5900,2020-01-01,2020
1781,Mastercard,Debit,5205146873846140,2020-03-01,412,YES,1,10673,2020-01-01,2020
1329,Mastercard,Debit (Prepaid),5809675483353800,2020-04-01,851,YES,1,69,2020-01-01,2020
1329,Mastercard,Debit,5049740310754290,2024-11-01,203,NO,2,10964,2020-01-01,2020
1790,Mastercard,Debit (Prepaid),5904726356147300,2021-09-01,689,YES,2,73,2020-01-01,2020
1354,Mastercard,Debit,5290775938068360,2020-02-01,372,YES,2,3861,2020-01-01,2020
902,Mastercard,Debit,5268061657818190,2023-03-01,669,YES,1,14139,2020-01-01,2020
1318,Mastercard,Debit,5939726039641830,2020-01-01,670,YES,1,22844,2020-01-01,2020
1318,Mastercard,Debit,5989639729186960,2020-03-01,385,YES,1,15212,2020-01-01,2020
1545,Mastercard,Debit,5229268684192800,2022-10-01,810,YES,2,13088,2020-01-01,2020
1001,Mastercard,Debit,5510238208636520,2020-01-01,842,YES,2,8876,2020-01-01,2020
625,Mastercard,Debit,5122845886811750,2024-04-01,156,YES,2,17063,2020-01-01,2020
1339,Mastercard,Debit,5152513437799120,2023-07-01,970,NO,1,20534,2020-01-01,2020
1894,Mastercard,Debit,5854609142644260,2024-12-01,371,YES,2,24939,2020-01-01,2020
1894,Mastercard,Credit,5829556470616450,2020-04-01,377,YES,1,15200,2020-01-01,2020
971,Mastercard,Debit,5271701044160480,2022-02-01,131,YES,2,14570,2020-01-01,2020
312,Mastercard,Debit,5641266533811380,2023-06-01,654,YES,1,26107,2020-01-01,2020
420,Mastercard,Debit (Prepaid),5322126645643420,2023-07-01,917,YES,2,39,2020-01-01,2020
1278,Mastercard,Debit (Prepaid),5111395106828890,2022-12-01,302,YES,1,56,2020-01-01,2020
1278,Mastercard,Debit,5743134448921240,2021-07-01,955,YES,2,9316,2020-01-01,2020
1380,Mastercard,Debit,5277481941284870,2023-09-01,765,YES,1,21244,2020-01-01,2020
1110,Mastercard,Debit,5589768928167460,2020-01-01,630,YES,1,28074,2020-01-01,2020
1711,Visa,Debit,4595831603224640,2023-05-01,689,NO,2,17480,2020-01-01,2020
640,Visa,Debit,4852639114720720,2023-05-01,995,YES,1,26019,2020-01-01,2020
429,Visa,Debit,4465362453388900,2022-08-01,738,YES,1,15802,2020-01-01,2020
309,Visa,Credit,4473643731469830,2020-01-01,771,YES,1,7900,2020-01-01,2020
777,Visa,Debit,4832328468851060,2023-08-01,580,YES,1,68400,2020-01-01,2020
54,Visa,Debit,4557061225558440,2023-05-01,780,YES,1,14213,2020-01-01,2020
533,Visa,Debit,4415203972868490,2020-09-01,847,YES,2,8492,2020-01-01,2020
1738,Visa,Debit,4044685132149960,2021-05-01,579,YES,1,21458,2020-01-01,2020
985,Visa,Debit,4748458102584200,2024-07-01,223,YES,2,18132,2020-01-01,2020
307,Visa,Credit,4949830998579620,2020-06-01,561,NO,1,8600,2020-01-01,2020
800,Visa,Debit,4430018858326720,2022-12-01,451,NO,1,16715,2020-01-01,2020
1301,Visa,Debit,4912898188628990,2022-11-01,446,YES,1,48502,2020-01-01,2020
1399,Visa,Debit (Prepaid),4049734716799350,2020-12-01,662,YES,1,54,2020-01-01,2020
1943,Visa,Credit,4864430404023760,2022-07-01,534,YES,1,22200,2020-01-01,2020
1159,Visa,Debit (Prepaid),4091173399720380,2020-01-01,916,NO,2,39,2020-01-01,2020
607,Visa,Debit,4913369105929870,2020-02-01,711,YES,1,22935,2020-01-01,2020
1948,Visa,Credit,4089244507142220,2020-12-01,999,YES,1,13000,2020-01-01,2020
1948,Visa,Debit,4084435358903510,2021-09-01,778,YES,2,17905,2020-01-01,2020
1199,Visa,Debit,4982363893558200,2024-06-01,388,YES,1,20160,2020-01-01,2020
1397,Visa,Debit (Prepaid),4356768889068510,2024-11-01,204,YES,1,40,2020-01-01,2020
299,Visa,Credit,4149119638454520,2022-08-01,294,YES,1,6100,2020-01-01,2020
66,Visa,Debit,4453802456299790,2024-10-01,667,YES,1,9578,2020-01-01,2020
806,Visa,Debit,4338188789911410,2021-03-01,287,NO,2,8509,2020-01-01,2020
1191,Visa,Debit,4052703300349860,2024-01-01,388,YES,2,12586,2020-01-01,2020
824,Visa,Credit,4973418783827140,2020-02-01,351,YES,1,9100,2020-01-01,2020
1469,Visa,Debit (Prepaid),4208596410593800,2024-11-01,957,YES,1,16,2020-01-01,2020
930,Visa,Debit,4447933834459560,2024-04-01,90,YES,1,9146,2020-01-01,2020
1804,Visa,Credit,4101014748476780,2023-03-01,701,YES,2,200,2020-01-01,2020
147,Visa,Credit,4341971374222430,2020-01-01,255,YES,1,12100,2020-01-01,2020
191,Visa,Debit,4563795747354610,2020-01-01,922,YES,1,24079,2020-01-01,2020
1401,Visa,Credit,4495570113367070,2021-01-01,844,NO,1,13200,2020-01-01,2020
613,Visa,Debit,4168053621668610,2022-07-01,790,YES,2,33302,2020-01-01,2020
1599,Visa,Debit,4435064478746630,2021-09-01,229,YES,1,22811,2020-01-01,2020
1599,Visa,Debit,4150139913418040,2022-05-01,502,YES,1,9865,2020-01-01,2020
1645,Visa,Debit,4756811014064550,2020-05-01,369,NO,2,30393,2020-01-01,2020
283,Visa,Credit,4069972993083770,2022-01-01,328,YES,2,5400,2020-01-01,2020
108,Visa,Debit,4031726246937830,2020-01-01,126,NO,1,16116,2020-01-01,2020
238,Visa,Credit,4605636273246100,2022-05-01,245,YES,2,5600,2020-01-01,2020
1658,Visa,Credit,4351530526237150,2020-02-01,164,YES,1,0,2020-01-01,2020
276,Visa,Debit,4732187570005930,2023-11-01,875,YES,1,1083,2020-01-01,2020
1035,Visa,Debit,4123430883366050,2022-06-01,929,NO,2,22700,2020-01-01,2020
936,Visa,Debit (Prepaid),4651166179945080,2024-07-01,135,YES,1,70,2020-01-01,2020
874,Visa,Credit,4995777639723020,2024-06-01,153,NO,2,19500,2020-01-01,2020
339,Visa,Credit,4098957147259100,2024-01-01,427,YES,1,7100,2020-01-01,2020
1353,Visa,Debit,4609363841131490,2020-01-01,250,YES,1,17652,2020-01-01,2020
1455,Visa,Credit,4538277638033300,2024-10-01,387,YES,1,6800,2020-01-01,2020
1108,Visa,Debit,4771002709933860,2024-04-01,374,YES,2,4201,2020-01-01,2020
1304,Visa,Credit,4619139517493570,2020-02-01,681,YES,1,21000,2020-01-01,2020
1751,Visa,Debit,4756400836306000,2022-07-01,401,YES,1,29925,2020-01-01,2020
1021,Visa,Debit,4907163278067630,2021-09-01,857,YES,1,47523,2020-01-01,2020
1833,Visa,Debit,4256933161358350,2020-10-01,83,YES,2,3472,2020-01-01,2020
841,Visa,Credit,4729190647946640,2020-01-01,219,YES,2,8700,2020-01-01,2020
1388,Visa,Credit,4272312295078550,2020-05-01,575,YES,1,23300,2020-01-01,2020
1388,Visa,Debit,4159082277360920,2020-02-01,566,YES,1,8989,2020-01-01,2020
1056,Visa,Debit,4669977836863160,2020-03-01,452,YES,1,16202,2020-01-01,2020
1396,Visa,Debit (Prepaid),4412629636683080,2024-05-01,282,YES,1,91,2020-01-01,2020
599,Visa,Credit,4190870670928430,2023-07-01,928,YES,2,23400,2020-01-01,2020
1346,Visa,Debit,4836727908429080,2020-01-01,314,YES,1,14813,2020-01-01,2020
731,Visa,Debit,4514571438412410,2020-01-01,377,YES,2,12116,2020-01-01,2020
1886,Visa,Debit,4064511982908640,2020-02-01,861,YES,2,15328,2020-01-01,2020
1506,Visa,Debit,4146173833591120,2020-02-01,127,YES,1,10686,2020-01-01,2020
56,Visa,Credit,4609674436334770,2023-07-01,820,YES,1,6900,2020-01-01,2020
251,Visa,Debit,4263037313230470,2021-04-01,719,YES,1,14420,2020-01-01,2020
1587,Visa,Debit,4600575353397280,2020-02-01,105,YES,1,35148,2020-01-01,2020
1232,Visa,Debit,4009703334177340,2020-06-01,922,YES,2,23137,2020-01-01,2020
1601,Visa,Credit,4520782324393280,2023-02-01,938,YES,2,12300,2020-01-01,2020
513,Visa,Credit,4664728417615620,2021-11-01,869,YES,2,9800,2020-01-01,2020
716,Visa,Credit,4295673364937230,2023-01-01,900,YES,1,7000,2020-01-01,2020
226,Visa,Debit,4042421261212780,2022-10-01,437,YES,2,42218,2020-01-01,2020
815,Visa,Credit,4477489362734990,2020-01-01,49,YES,1,5200,2020-01-01,2020
1483,Visa,Debit,4044367850806590,2022-11-01,109,YES,1,17804,2020-01-01,2020
1216,Visa,Debit,4594854252534730,2021-09-01,433,YES,1,19893,2020-01-01,2020
1216,Visa,Debit,4013113950319140,2023-08-01,885,YES,2,644,2020-01-01,2020
1216,Visa,Credit,4225269665088000,2021-10-01,215,YES,2,6100,2020-01-01,2020
797,Visa,Debit,4324511886426070,2020-01-01,143,YES,2,32922,2020-01-01,2020
610,Visa,Credit,4947659638273190,2023-01-01,695,YES,1,17500,2020-01-01,2020
610,Visa,Credit,4578018721325730,2023-07-01,280,YES,1,19100,2020-01-01,2020
347,Visa,Debit,4587404224170420,2021-02-01,289,YES,2,22077,2020-01-01,2020
1368,Visa,Credit,4715313292165010,2020-04-01,370,YES,1,13400,2020-01-01,2020
1864,Visa,Debit,4470881135036520,2020-09-01,27,NO,1,33306,2020-01-01,2020
865,Visa,Credit,4756798568797970,2020-01-01,94,YES,2,4000,2020-01-01,2020
707,Visa,Debit,4468428983030580,2020-02-01,92,YES,1,1862,2020-01-01,2020
1821,Visa,Debit,4404843838323840,2024-05-01,806,YES,2,12838,2020-01-01,2020
834,Visa,Credit,4870869234867980,2023-12-01,537,YES,1,6500,2020-01-01,2020
1583,Visa,Debit,4627841905437260,2020-02-01,382,YES,2,33605,2020-01-01,2020
1666,Visa,Credit,4934752965828830,2022-06-01,217,YES,2,5800,2020-01-01,2020
693,Visa,Debit,4575911077034920,2024-09-01,112,YES,2,30298,2020-01-01,2020
1292,Visa,Debit,4744997343013970,2023-07-01,590,YES,1,16369,2020-01-01,2020
1113,Visa,Credit,4785359212322710,2022-02-01,300,NO,1,9100,2020-01-01,2020
1113,Visa,Credit,4096118201118120,2024-07-01,416,NO,2,4700,2020-01-01,2020
1656,Visa,Debit,4743530458676220,2021-07-01,364,YES,2,14200,2020-01-01,2020
1062,Visa,Debit,4704183403153630,2020-02-01,877,NO,1,18432,2020-01-01,2020
743,Visa,Debit,4492886045960830,2022-10-01,219,YES,1,20582,2020-01-01,2020
999,Visa,Debit,4176536655394790,2024-12-01,735,YES,2,27813,2020-01-01,2020
1989,Visa,Credit,4133581250475930,2022-10-01,896,YES,1,16400,2020-01-01,2020
412,Visa,Credit,4867749358306180,2023-05-01,503,YES,2,13000,2020-01-01,2020
76,Visa,Credit,4868914806629260,2021-06-01,736,YES,2,1500,2020-01-01,2020
1647,Visa,Debit (Prepaid),4291878920009870,2020-01-01,108,NO,1,76,2020-01-01,2020
1387,Visa,Credit,4858459431343510,2022-12-01,674,YES,2,9500,2020-01-01,2020
263,Visa,Credit,4821644277167160,2020-03-01,978,NO,2,6200,2020-01-01,2020
319,Visa,Debit (Prepaid),4841317910712420,2022-02-01,858,YES,1,77,2020-01-01,2020
740,Visa,Debit,4456142342115900,2023-03-01,189,YES,2,4009,2020-01-01,2020
965,Visa,Debit,4061650049353080,2021-12-01,542,YES,2,16479,2020-01-01,2020
1663,Visa,Debit,4072906383807820,2021-08-01,134,YES,2,840,2020-01-01,2020
558,Visa,Credit,4405672576511690,2022-12-01,400,YES,2,8800,2020-01-01,2020
1068,Visa,Debit,4376981113186960,2024-12-01,50,YES,1,11573,2020-01-01,2020
600,Visa,Debit,4628407111158550,2020-04-01,458,YES,1,18373,2020-01-01,2020
1093,Visa,Credit,4814923765143600,2021-09-01,535,YES,1,12600,2020-01-01,2020
28,Visa,Debit,4342002053844650,2024-04-01,263,YES,1,17431,2020-01-01,2020
188,Visa,Debit (Prepaid),4395456828660430,2020-01-01,402,YES,1,68,2020-01-01,2020
188,Visa,Debit,4012324054921740,2020-05-01,701,YES,2,41713,2020-01-01,2020
1343,Visa,Credit,4773629437759090,2022-06-01,576,YES,1,8700,2020-01-01,2020
1343,Visa,Debit,4361605243954250,2021-05-01,833,YES,2,5752,2020-01-01,2020
1260,Visa,Credit,4010376046923240,2022-07-01,312,YES,1,11000,2020-01-01,2020
88,Visa,Credit,4840341118663090,2024-04-01,876,YES,1,4800,2020-01-01,2020
916,Visa,Debit,4521242827079490,2023-03-01,320,YES,1,15847,2020-01-01,2020
916,Visa,Debit,4008657278264130,2020-05-01,196,YES,1,13006,2020-01-01,2020
969,Visa,Debit,4548788317386780,2024-04-01,930,YES,2,2944,2020-01-01,2020
450,Visa,Debit,4417073426918700,2024-12-01,403,YES,2,23687,2020-01-01,2020
43,Visa,Credit,4919539941598150,2020-08-01,561,NO,1,13700,2020-01-01,2020
1187,Visa,Debit,4354373957390480,2020-10-01,188,YES,1,24389,2020-01-01,2020
1367,Visa,Debit (Prepaid),4249622290515020,2022-12-01,435,YES,2,58,2020-01-01,2020
170,Visa,Debit,4711760668874160,2020-02-01,378,YES,1,13841,2020-01-01,2020
1892,Visa,Debit,4913448302190850,2020-06-01,688,YES,1,318,2020-01-01,2020
426,Visa,Credit,4945782637783650,2020-01-01,709,YES,1,10400,2020-01-01,2020
426,Visa,Debit,4808969144268430,2020-02-01,997,YES,1,11265,2020-01-01,2020
1135,Visa,Debit,4573117764811950,2022-06-01,178,YES,1,33028,2020-01-01,2020
539,Visa,Debit,4236028748423160,2020-02-01,721,YES,1,4087,2020-01-01,2020
239,Visa,Debit,4808189634285180,2020-02-01,6,YES,2,20134,2020-01-01,2020
893,Visa,Debit (Prepaid),4093550614245540,2021-09-01,874,YES,1,57,2020-01-01,2020
67,Visa,Credit,4072857770457660,2022-06-01,889,YES,2,17300,2020-01-01,2020
1205,Visa,Credit,4265738429688770,2023-03-01,740,NO,2,13500,2020-01-01,2020
626,Visa,Debit,4887374207803050,2020-01-01,756,YES,2,43186,2020-01-01,2020
594,Visa,Debit,4689169737232280,2022-05-01,44,YES,1,11608,2020-01-01,2020
923,Visa,Credit,4806703657992310,2023-02-01,394,YES,1,3600,2020-01-01,2020
405,Visa,Debit,4011874239423520,2024-09-01,337,YES,2,4140,2020-01-01,2020
1868,Visa,Debit,4338567970725030,2024-09-01,800,YES,1,17432,2020-01-01,2020
1869,Visa,Debit,4525502702319980,2020-01-01,780,YES,2,12186,2020-01-01,2020
938,Visa,Debit (Prepaid),4454985129050190,2023-06-01,993,YES,2,116,2020-01-01,2020
58,Visa,Debit,4744550421746160,2024-12-01,524,YES,1,17355,2020-01-01,2020
960,Visa,Credit,4641536059627810,2020-02-01,760,YES,1,15200,2020-01-01,2020
434,Visa,Debit,4006144248025420,2022-04-01,423,YES,2,21916,2020-01-01,2020
434,Visa,Debit,4400720809625430,2020-02-01,142,YES,1,25579,2020-01-01,2020
717,Visa,Debit (Prepaid),4668401810025170,2022-06-01,651,YES,2,56,2020-01-01,2020
1036,Visa,Debit,4431855128075920,2022-10-01,165,YES,1,17446,2020-01-01,2020
1392,Visa,Debit,4351233548162610,2023-06-01,288,YES,2,8227,2020-01-01,2020
700,Visa,Debit (Prepaid),4940531959877080,2020-10-01,374,YES,2,33,2020-01-01,2020
1363,Visa,Debit,4429857777537280,2020-01-01,404,YES,2,21692,2020-01-01,2020
935,Visa,Debit,4025612938343500,2020-09-01,547,NO,1,16056,2020-01-01,2020
413,Visa,Credit,4544713227326150,2020-12-01,4,YES,1,12800,2020-01-01,2020
531,Visa,Debit,4746520577856910,2020-07-01,959,YES,1,16350,2020-01-01,2020
1458,Visa,Credit,4733347153706590,2020-07-01,265,YES,2,8000,2020-01-01,2020
1857,Visa,Debit,4698439364398040,2021-02-01,414,YES,1,49679,2020-01-01,2020
1767,Visa,Debit,4190381537189180,2024-03-01,939,YES,1,23677,2020-01-01,2020
1767,Visa,Debit (Prepaid),4495572757942990,2020-12-01,474,YES,3,69,2020-01-01,2020
1423,Visa,Credit,4824475251141290,2024-01-01,450,YES,2,3400,2020-01-01,2020
500,Visa,Debit,4431266757000300,2024-09-01,45,YES,1,21955,2020-01-01,2020
500,Visa,Debit,4005162842417310,2020-03-01,501,YES,1,16319,2020-01-01,2020
1249,Visa,Credit,4554286438711290,2020-02-01,7,YES,2,8700,2020-01-01,2020
1632,Visa,Debit,4068545268912420,2020-01-01,884,YES,1,15914,2020-01-01,2020
1632,Visa,Debit,4210851216153730,2024-05-01,812,NO,1,22944,2020-01-01,2020
1224,Visa,Credit,4425499865708800,2024-10-01,933,YES,1,0,2020-01-01,2020
1025,Visa,Credit,4655114310829900,2021-09-01,146,YES,1,8500,2020-01-01,2020
86,Visa,Debit,4640548373982010,2020-07-01,972,YES,2,9043,2020-01-01,2020
212,Visa,Debit (Prepaid),4119163020411820,2022-01-01,989,YES,1,60,2020-01-01,2020
907,Visa,Debit,4764392547989870,2022-03-01,429,YES,1,19643,2020-01-01,2020
1665,Visa,Debit,4397635828632080,2020-02-01,546,YES,1,31916,2020-01-01,2020
670,Visa,Debit,4556696236442250,2020-05-01,31,YES,2,10705,2020-01-01,2020
1593,Visa,Credit,4855885434237620,2022-10-01,943,YES,1,9900,2020-01-01,2020
843,Visa,Debit (Prepaid),4509375731362460,2022-05-01,775,NO,1,57,2020-01-01,2020
638,Visa,Debit,4049373677960600,2023-12-01,739,YES,2,19934,2020-01-01,2020
672,Visa,Debit,4723396292994910,2020-09-01,740,YES,1,12329,2020-01-01,2020
510,Visa,Credit,4061328991788690,2023-02-01,114,NO,1,9200,2020-01-01,2020
510,Visa,Debit,4497861134959240,2020-01-01,573,YES,2,14797,2020-01-01,2020
805,Visa,Debit,4256748017620070,2020-01-01,433,YES,1,17535,2020-01-01,2020
101,Visa,Credit,4892534625652840,2023-12-01,286,YES,2,5300,2020-01-01,2020
481,Visa,Credit,4880198318553260,2024-01-01,660,YES,1,17600,2020-01-01,2020
862,Visa,Debit,4223918113000030,2020-12-01,371,YES,2,6556,2020-01-01,2020
1698,Visa,Credit,4209685692130280,2020-01-01,565,YES,1,15800,2020-01-01,2020
1400,Visa,Credit,4051081191440790,2023-02-01,42,YES,1,6900,2020-01-01,2020
1054,Visa,Credit,4295192613583540,2023-03-01,349,YES,2,9000,2020-01-01,2020
1597,Visa,Debit,4777168194473440,2024-12-01,558,YES,2,38025,2020-01-01,2020
1597,Visa,Credit,4696113920786150,2020-07-01,495,YES,2,22900,2020-01-01,2020
202,Visa,Credit,4269419419379300,2024-02-01,906,YES,2,6200,2020-01-01,2020
1275,Visa,Credit,4084600800745900,2021-11-01,121,YES,2,2000,2020-01-01,2020
1553,Visa,Credit,4037574014013940,2023-05-01,634,NO,1,19200,2020-01-01,2020
532,Visa,Debit,4766814724627530,2020-06-01,723,YES,1,16610,2020-01-01,2020
532,Visa,Debit,4175156104515810,2022-07-01,655,NO,1,15261,2020-01-01,2020
1542,Visa,Debit,4170170540626880,2023-07-01,65,YES,1,20971,2020-01-01,2020
1743,Visa,Debit (Prepaid),4938575047755870,2020-09-01,779,YES,1,60,2020-01-01,2020
1743,Visa,Debit,4756674643883040,2022-10-01,215,YES,2,30870,2020-01-01,2020
1743,Visa,Debit,4596537044879990,2021-03-01,466,YES,1,30155,2020-01-01,2020
799,Visa,Credit,4632633126868480,2020-02-01,343,YES,2,6600,2020-01-01,2020
781,Visa,Debit,4130215809450760,2020-02-01,602,YES,2,14679,2020-01-01,2020
1681,Visa,Credit,4585094832412480,2021-08-01,873,YES,1,18800,2020-01-01,2020
114,Visa,Debit,4406180094358830,2020-09-01,386,YES,2,12173,2020-01-01,2020
536,Visa,Credit,4177943531666100,2024-10-01,935,YES,1,7000,2020-01-01,2020
536,Visa,Debit,4868987724427790,2020-02-01,851,YES,1,3678,2020-01-01,2020
167,Visa,Credit,4742301691992770,2022-01-01,16,YES,2,11900,2020-01-01,2020
1496,Visa,Debit (Prepaid),4749171976917250,2020-01-01,187,YES,1,89,2020-01-01,2020
958,Visa,Credit,4393681534654140,2020-02-01,748,YES,2,8100,2020-01-01,2020
958,Visa,Debit,4454771454125730,2024-10-01,884,YES,1,12240,2020-01-01,2020
498,Visa,Debit,4308818013677920,2020-02-01,200,YES,1,9845,2020-01-01,2020
1655,Visa,Credit,4848478019868040,2020-02-01,877,YES,1,5500,2020-01-01,2020
1220,Visa,Debit,4448638660853560,2022-05-01,705,YES,2,21782,2020-01-01,2020
833,Visa,Debit,4243196015563980,2020-01-01,369,YES,1,16736,2020-01-01,2020
175,Visa,Debit (Prepaid),4342161680384570,2020-06-01,911,YES,2,37,2020-01-01,2020
1318,Visa,Credit,4763790665708310,2024-04-01,729,YES,1,10600,2020-01-01,2020
971,Visa,Credit,4809875418420460,2023-11-01,507,NO,2,23400,2020-01-01,2020
971,Visa,Debit,4325897539134880,2023-06-01,877,YES,1,12039,2020-01-01,2020
971,Visa,Debit,4077582571419700,2022-10-01,419,YES,2,12195,2020-01-01,2020
312,Visa,Debit (Prepaid),4154048240434630,2020-01-01,751,YES,1,76,2020-01-01,2020
312,Visa,Debit,4825524341593930,2021-10-01,930,YES,1,17569,2020-01-01,2020
588,Visa,Debit,4331126149037340,2021-02-01,920,YES,2,21787,2020-01-01,2020
746,Amex,Credit,313387157322526,2024-12-01,961,YES,1,6800,1996-02-01,2009
1659,Mastercard,Debit,5499930396917660,2021-11-01,570,YES,1,22242,1996-02-01,2012
471,Visa,Debit,4435091514671780,2013-10-01,429,YES,1,17173,1997-02-01,2014
1843,Amex,Credit,355893231059855,2020-11-01,374,YES,2,5800,1998-02-01,2010
1034,Mastercard,Debit,5328768325200240,2020-06-01,645,YES,1,2778,1998-02-01,2005
798,Visa,Debit,4905345487591740,2023-07-01,814,YES,2,30039,1998-02-01,2010
1911,Visa,Debit,4146154993993960,2022-09-01,26,NO,2,17789,1998-02-01,2019
1977,Mastercard,Debit,5833925436440570,2022-10-01,344,YES,2,15341,1999-02-01,2014
1353,Mastercard,Debit,5134663281531800,2022-04-01,682,YES,1,12076,1999-02-01,2012
103,Mastercard,Debit,5998541932516710,2009-11-01,863,YES,1,1738,1999-02-01,2007
665,Mastercard,Debit,5441697353641060,2002-02-01,271,YES,2,13529,1999-02-01,2008
157,Mastercard,Debit,5481725798944320,2023-05-01,964,YES,1,14269,1999-02-01,2011
1628,Mastercard,Debit,5855071426646200,2022-09-01,238,YES,3,9171,1999-02-01,2005
811,Visa,Credit,4171022488649330,2002-01-01,225,NO,1,24900,1999-02-01,2010
176,Visa,Debit,4826493105617240,2021-04-01,588,YES,2,19882,1999-02-01,2010
385,Visa,Debit,4145833750383660,2003-07-01,790,YES,2,16227,1999-02-01,2015
511,Mastercard,Debit (Prepaid),5117090980312400,2020-10-01,42,YES,1,73,2000-02-01,2012
663,Mastercard,Debit,5560330928676130,2021-05-01,732,NO,2,2046,2000-02-01,2008
1512,Mastercard,Debit,5948987936502880,2020-07-01,368,NO,2,19651,2000-02-01,2013
1568,Mastercard,Debit,5318873508559140,2020-04-01,125,YES,2,14418,2000-02-01,2005
673,Mastercard,Debit,5965680471968380,2006-02-01,491,YES,2,17897,2000-02-01,2013
1102,Mastercard,Debit,5940949386888210,2019-01-01,618,YES,2,39080,2000-02-01,2017
182,Mastercard,Debit,5021195779307060,2000-07-01,818,YES,1,20677,2000-02-01,2011
173,Mastercard,Debit,5659101740652440,2002-02-01,501,YES,2,23502,2000-02-01,2020
967,Visa,Credit,4249186321078690,2014-03-01,613,YES,2,9300,2000-02-01,2006
1026,Visa,Debit (Prepaid),4766664432411890,2021-04-01,545,YES,2,31,2000-02-01,2014
303,Visa,Credit,4077302487318690,2022-01-01,537,YES,1,14800,2000-02-01,2012
1816,Amex,Credit,346838160027794,2020-11-01,335,YES,1,10200,2001-02-01,2011
366,Discover,Credit,6066458178590330,2023-08-01,653,YES,1,9500,2001-02-01,2014
847,Mastercard,Debit (Prepaid),5582481832840080,2004-10-01,949,YES,2,43,2001-02-01,2012
127,Mastercard,Credit,5210580835995040,2021-04-01,925,YES,1,10600,2001-02-01,2010
440,Mastercard,Debit,5098870349133200,2022-12-01,435,YES,1,79717,2001-02-01,2013
1800,Mastercard,Debit (Prepaid),5214165168049370,2011-10-01,254,YES,2,37,2001-02-01,2004
1262,Mastercard,Debit,5195133154490040,2020-07-01,542,YES,2,4747,2001-02-01,2012
818,Mastercard,Debit,5240774776973700,2023-09-01,370,YES,2,19640,2001-02-01,2010
1666,Visa,Debit,4116719519692650,2020-10-01,930,YES,1,9418,2001-02-01,2012
343,Visa,Debit,4828053261714290,2008-03-01,747,NO,1,15277,2001-02-01,2011
1596,Mastercard,Credit,5125930425033870,2022-10-01,60,YES,2,6600,2002-02-01,2007
1276,Mastercard,Debit,5192100992523220,2023-03-01,276,YES,2,27075,2002-02-01,2015
1916,Mastercard,Debit,5361639254366090,2002-02-01,26,YES,1,22112,2002-02-01,2010
1755,Mastercard,Debit (Prepaid),5346535957222080,2024-09-01,883,YES,2,44,2002-02-01,2012
1498,Mastercard,Debit (Prepaid),5909422442877720,2024-12-01,904,YES,2,65,2002-02-01,2008
1786,Mastercard,Debit,5532586114473890,2024-09-01,288,YES,1,8273,2002-02-01,2009
59,Mastercard,Credit,5722261582120030,2021-06-01,765,YES,2,8800,2002-02-01,2013
1516,Mastercard,Debit,5503001623065360,2020-04-01,552,YES,1,47153,2002-02-01,2006
1449,Mastercard,Debit,5925144583646100,2023-06-01,273,NO,2,1563,2002-02-01,2011
1904,Mastercard,Debit,5660745375245490,2022-07-01,27,YES,1,7597,2002-02-01,2005
1660,Visa,Debit,4986369179342270,2009-11-01,367,YES,1,620,2002-02-01,2014
1024,Visa,Credit,4903105068681960,2024-03-01,274,YES,1,16100,2002-02-01,2014
1441,Visa,Debit (Prepaid),4129518763612020,2002-03-01,84,YES,1,61,2002-02-01,2009
1341,Visa,Credit,4700163491012710,2021-04-01,598,YES,1,11000,2002-02-01,2015
1063,Amex,Credit,366720676943558,2003-11-01,14,YES,1,9800,2003-02-01,2013
658,Amex,Credit,342127756889068,2020-04-01,505,YES,1,19300,2003-02-01,2013
1849,Discover,Credit,6737538441360610,2024-08-01,595,YES,1,10600,2003-02-01,2007
970,Mastercard,Credit,5882842508952740,2019-07-01,614,YES,2,10700,2003-02-01,2013
1288,Mastercard,Debit,5879094230635420,2015-12-01,729,YES,2,9796,2003-02-01,2013
1115,Mastercard,Debit,5412244076346670,2024-12-01,594,YES,1,18964,2003-02-01,2009
1425,Mastercard,Debit (Prepaid),5119018228047320,2023-05-01,793,YES,2,37,2003-02-01,2016
1888,Mastercard,Debit,5552351757816490,2020-02-01,588,YES,2,30074,2003-02-01,2006
1888,Mastercard,Debit,5613352979417300,2016-05-01,681,YES,1,7589,2003-02-01,2011
1699,Mastercard,Credit,5782316964774490,2006-06-01,758,YES,1,24600,2003-02-01,2013
941,Mastercard,Debit,5371465627255290,2022-02-01,208,YES,1,20022,2003-02-01,2014
1519,Mastercard,Debit,5052440378992950,2023-09-01,144,YES,2,14216,2003-02-01,2010
1076,Mastercard,Debit,5612519597863970,2023-07-01,575,YES,1,16144,2003-02-01,2011
1701,Mastercard,Debit,5659646110824730,2016-07-01,243,YES,1,6949,2003-02-01,2008
983,Mastercard,Debit,5486627600298200,2022-07-01,125,YES,1,23404,2003-02-01,2010
887,Visa,Credit,4116906909940120,2024-04-01,22,YES,1,12400,2003-02-01,2013
1561,Visa,Debit,4378338421772770,2016-03-01,43,YES,2,33822,2003-02-01,2018
743,Visa,Debit,4251505296439830,2023-11-01,630,YES,1,9998,2003-02-01,2010
1344,Visa,Debit,4386594468368100,2023-03-01,765,YES,2,22601,2003-02-01,2010
153,Discover,Credit,6580244636542190,2011-04-01,416,YES,1,11200,2004-02-01,2008
1087,Mastercard,Debit,5403500140212670,2020-02-01,642,NO,1,9433,2004-02-01,2009
248,Mastercard,Debit,5939700185835870,2010-09-01,635,YES,2,10792,2004-02-01,2008
199,Mastercard,Debit,5930100401040060,2021-06-01,908,YES,1,17686,2004-02-01,2007
506,Mastercard,Debit,5319476333734430,2023-02-01,19,YES,2,26830,2004-02-01,2004
1173,Mastercard,Debit,5610643638268100,2021-10-01,739,YES,1,35062,2004-02-01,2011
1853,Mastercard,Debit,5722400079160420,2024-01-01,357,NO,2,8149,2004-02-01,2007
211,Mastercard,Debit,5266252138581560,2004-04-01,911,YES,2,11757,2004-02-01,2011
1881,Mastercard,Debit,5301585827591730,2004-03-01,529,YES,1,19030,2004-02-01,2007
106,Mastercard,Debit,5810565047358840,2020-11-01,736,YES,2,11154,2004-02-01,2007
511,Visa,Credit,4150093118072730,2022-06-01,135,YES,2,6100,2004-02-01,2009
870,Visa,Debit,4701143570043780,2012-11-01,807,NO,1,28937,2004-02-01,2008
1814,Visa,Credit,4205377401404980,2022-07-01,905,YES,1,11800,2004-02-01,2013
189,Visa,Credit,4754358973470960,2020-09-01,373,YES,2,11700,2004-02-01,2008
1223,Visa,Debit,4546418791213680,2010-06-01,955,YES,1,92939,2004-02-01,2011
351,Visa,Credit,4839347876295440,2024-03-01,844,YES,1,7200,2004-02-01,2015
1344,Visa,Credit,4937394377002270,2021-05-01,20,YES,1,5300,2004-02-01,2007
100,Visa,Debit,4084349539485960,2022-04-01,536,YES,1,26714,2004-02-01,2010
142,Visa,Debit,4849801141196810,2021-01-01,469,YES,2,2284,2004-02-01,2017
1645,Mastercard,Debit (Prepaid),5888115186452350,2023-12-01,444,NO,1,54,2005-02-01,2007
733,Mastercard,Debit,5911600183016110,2023-08-01,315,NO,1,16726,2005-02-01,2020
221,Mastercard,Debit,5439379970529140,2022-10-01,751,YES,1,11625,2005-02-01,2014
1373,Mastercard,Credit,5105665544771120,2020-08-01,485,NO,1,11000,2005-02-01,2013
27,Mastercard,Debit,5596899870960480,2022-06-01,269,YES,2,26506,2005-02-01,2008
157,Mastercard,Debit,5056408661252930,2020-11-01,961,YES,1,10644,2005-02-01,2011
1621,Mastercard,Debit,5822238075477040,2008-12-01,299,NO,2,14681,2005-02-01,2012
683,Mastercard,Debit,5079107565180210,2023-02-01,905,YES,1,14868,2005-02-01,2013
1254,Mastercard,Debit (Prepaid),5117804114696420,2022-10-01,845,YES,1,114,2005-02-01,2009
1032,Mastercard,Debit,5147349032162320,2020-07-01,325,NO,2,1955,2005-02-01,2013
1777,Mastercard,Credit,5283200338474520,2006-09-01,183,YES,1,14300,2005-02-01,2010
779,Mastercard,Debit,5260501863539740,2023-10-01,797,NO,2,3099,2005-02-01,2013
1944,Mastercard,Debit,5040196029255380,2021-11-01,832,YES,1,2468,2005-02-01,2005
563,Visa,Credit,4539282352879530,2021-07-01,719,YES,2,11800,2005-02-01,2018
995,Visa,Debit,4754798174315610,2024-03-01,932,NO,2,19097,2005-02-01,2010
280,Visa,Credit,4914230230023480,2020-11-01,149,YES,2,12000,2005-02-01,2013
1067,Visa,Credit,4690211102957030,2023-06-01,820,NO,1,11200,2005-02-01,2009
477,Visa,Debit,4990883053108040,2007-09-01,717,YES,1,18647,2005-02-01,2007
1640,Visa,Credit,4533131033936540,2021-10-01,612,YES,2,5900,2005-02-01,2009
1521,Visa,Credit,4141977020977860,2020-09-01,958,YES,2,5000,2005-02-01,2008
748,Visa,Credit,4036090740222570,2020-12-01,776,YES,1,14400,2005-02-01,2012
1898,Visa,Debit,4045049141463000,2020-02-01,604,YES,1,15636,2005-02-01,2014
1411,Visa,Credit,4048254149559970,2020-11-01,440,YES,1,18200,2005-02-01,2014
476,Visa,Debit,4385795693863370,2024-06-01,806,YES,2,31535,2005-02-01,2009
804,Visa,Credit,4302044080999930,2020-11-01,699,YES,1,8900,2005-02-01,2010
366,Visa,Credit,4929393429782610,2021-10-01,648,YES,1,13700,2005-02-01,2012
1247,Visa,Debit,4022230098961130,2021-05-01,90,YES,1,30822,2005-02-01,2015
212,Visa,Credit,4937595859195810,2009-01-01,747,YES,1,10200,2005-02-01,2008
1274,Visa,Debit,4799397143962160,2020-12-01,310,YES,2,17537,2005-02-01,2010
1222,Visa,Debit,4261882459977550,2022-04-01,882,YES,2,1436,2005-02-01,2005
1525,Amex,Credit,316712270679687,2022-05-01,946,YES,1,8200,2006-02-01,2016
1705,Discover,Credit,6835050350545850,2024-06-01,658,YES,1,7000,2006-02-01,2019
882,Mastercard,Debit,5864987017850550,2023-08-01,258,YES,2,17453,2006-02-01,2008
762,Mastercard,Debit,5899151162296310,2020-11-01,920,YES,1,13569,2006-02-01,2007
1314,Mastercard,Debit,5287025690873730,2012-09-01,649,YES,2,15714,2006-02-01,2006
244,Mastercard,Credit,5304372689056150,2024-02-01,871,NO,2,7100,2006-02-01,2011
4,Mastercard,Debit,5817981997085180,2008-08-01,755,YES,2,41051,2006-02-01,2006
308,Mastercard,Credit,5603668323038210,2023-01-01,118,YES,2,7400,2006-02-01,2008
778,Mastercard,Debit,5726263807352660,2022-03-01,675,YES,2,1500,2006-02-01,2018
127,Mastercard,Debit,5854998590853760,2017-06-01,732,YES,1,9180,2006-02-01,2020
32,Mastercard,Debit,5666612651246360,2021-04-01,633,YES,2,2352,2006-02-01,2012
503,Mastercard,Debit (Prepaid),5499438981291340,2020-06-01,547,NO,1,39,2006-02-01,2006
791,Mastercard,Debit,5259379174477000,2006-06-01,913,YES,1,19097,2006-02-01,2011
1895,Mastercard,Debit,5343513913226540,2023-09-01,514,YES,1,13922,2006-02-01,2012
343,Mastercard,Debit,5084262281266930,2010-10-01,599,YES,2,24943,2006-02-01,2012
383,Mastercard,Debit,5932626353957300,2020-06-01,709,YES,2,13350,2006-02-01,2011
559,Mastercard,Debit,5017284678566470,2022-05-01,246,YES,2,9852,2006-02-01,2012
1181,Mastercard,Debit,5141288066109640,2024-10-01,209,YES,1,27146,2006-02-01,2011
1604,Visa,Debit,4636387668938190,2022-09-01,597,YES,2,20858,2006-02-01,2011
1737,Visa,Debit,4840352039939040,2021-03-01,40,YES,1,11906,2006-02-01,2009
1741,Visa,Credit,4328552729246710,2021-12-01,102,YES,1,7300,2006-02-01,2013
1488,Visa,Debit,4799094840755470,2011-03-01,152,YES,1,22124,2006-02-01,2010
478,Visa,Credit,4564555970607140,2022-07-01,200,YES,1,15600,2006-02-01,2011
90,Visa,Debit,4224384711964350,2015-03-01,585,YES,2,26872,2006-02-01,2015
1697,Amex,Credit,338367003904163,2013-12-01,279,YES,1,2100,2007-02-01,2009
1058,Amex,Credit,303084720106463,2023-09-01,130,YES,1,7100,2007-02-01,2009
105,Amex,Credit,327833439977815,2012-06-01,215,YES,2,6100,2007-02-01,2008
1413,Discover,Credit,6945679421971450,2020-10-01,816,YES,1,6500,2007-02-01,2014
1258,Discover,Credit,6116887229829450,2017-04-01,772,YES,2,9600,2007-02-01,2012
708,Mastercard,Debit (Prepaid),5581970288727990,2020-06-01,448,YES,1,62,2007-02-01,2007
996,Mastercard,Credit,5659042637826470,2023-06-01,857,YES,2,4200,2007-02-01,2011
1508,Mastercard,Credit,5418163465826330,2023-06-01,559,YES,2,10700,2007-02-01,2015
1941,Mastercard,Credit,5931316682508140,2019-11-01,164,YES,2,8700,2007-02-01,2007
1382,Mastercard,Debit (Prepaid),5517746118509990,2017-01-01,251,YES,1,54,2007-02-01,2008
21,Mastercard,Debit,5962105909908850,2021-08-01,615,YES,2,21131,2007-02-01,2007
351,Mastercard,Debit (Prepaid),5348108239138920,2023-11-01,893,YES,2,54,2007-02-01,2010
1015,Mastercard,Debit (Prepaid),5964863053217700,2024-02-01,287,YES,1,58,2007-02-01,2012
1551,Mastercard,Debit,5230397441824610,2020-12-01,954,YES,2,15967,2007-02-01,2009
732,Mastercard,Debit (Prepaid),5486503850400560,2021-05-01,264,NO,2,49,2007-02-01,2011
895,Mastercard,Debit (Prepaid),5490867691921010,2018-10-01,222,YES,2,49,2007-02-01,2017
1453,Mastercard,Debit,5836173617667130,2024-11-01,80,YES,1,14561,2007-02-01,2015
730,Mastercard,Debit,5930455553645090,2023-08-01,617,NO,1,29268,2007-02-01,2010
1834,Mastercard,Debit,5772577657126280,2023-06-01,335,YES,2,10348,2007-02-01,2014
545,Mastercard,Debit,5500745251339730,2021-12-01,290,YES,2,7898,2007-02-01,2014
932,Mastercard,Debit,5416901310036130,2023-05-01,533,YES,1,4700,2007-02-01,2015
1586,Visa,Credit,4635588567901590,2022-05-01,313,YES,2,20700,2007-02-01,2007
514,Visa,Credit,4662965490409080,2023-04-01,240,YES,2,8500,2007-02-01,2007
1896,Visa,Debit,4748375055768050,2020-02-01,425,YES,1,21207,2007-02-01,2007
1956,Visa,Debit,4898677117108640,2023-01-01,802,YES,1,13356,2007-02-01,2007
1066,Visa,Debit,4623474503708070,2022-11-01,960,YES,2,17309,2007-02-01,2010
1797,Visa,Debit,4777281869545650,2017-02-01,256,YES,2,23237,2007-02-01,2009
615,Visa,Debit,4609580292509610,2021-08-01,303,YES,1,15338,2007-02-01,2011
362,Visa,Debit,4385365268806500,2024-09-01,151,YES,2,11868,2007-02-01,2015
1800,Visa,Credit,4275119808129750,2014-01-01,864,YES,1,11000,2007-02-01,2010
974,Visa,Debit,4938315510703910,2007-07-01,181,YES,1,36271,2007-02-01,2010
1992,Visa,Debit,4346364600707720,2021-05-01,819,YES,1,10374,2007-02-01,2007
1605,Visa,Debit,4607163659779570,2024-01-01,954,YES,1,18358,2007-02-01,2010
112,Amex,Credit,302014253634948,2022-03-01,649,YES,2,8900,2008-02-01,2015
1445,Amex,Credit,388851984396675,2022-02-01,934,YES,1,11000,2008-02-01,2010
1909,Amex,Credit,356753784698882,2015-01-01,199,YES,1,6100,2008-02-01,2019
1034,Discover,Credit,6745517172173140,2009-02-01,611,YES,2,13000,2008-02-01,2009
1744,Discover,Credit,6093726906729130,2024-11-01,528,YES,2,10000,2008-02-01,2011
1479,Mastercard,Credit,5676305121855730,2021-11-01,58,YES,1,2800,2008-02-01,2010
1314,Mastercard,Debit,5283924863850620,2022-03-01,447,NO,2,14664,2008-02-01,2010
1425,Mastercard,Credit,5264643141041080,2022-03-01,743,YES,1,8000,2008-02-01,2010
1951,Mastercard,Debit,5494695767588580,2023-12-01,105,YES,1,10354,2008-02-01,2010
146,Mastercard,Credit,5895121423095410,2022-11-01,726,YES,1,14200,2008-02-01,2011
320,Mastercard,Debit,5621833591257810,2012-10-01,690,YES,3,11696,2008-02-01,2015
59,Mastercard,Debit,5731961436914510,2020-08-01,348,YES,2,6397,2008-02-01,2015
432,Mastercard,Debit,5515952308018880,2020-02-01,490,NO,3,17515,2008-02-01,2010
1615,Mastercard,Debit,5625958291463280,2023-07-01,783,YES,2,9696,2008-02-01,2014
1676,Mastercard,Debit,5571882432332660,2020-07-01,838,YES,2,77,2008-02-01,2016
1002,Mastercard,Debit,5609582366095380,2020-01-01,292,YES,2,15962,2008-02-01,2013
977,Mastercard,Debit,5352993424347800,2022-01-01,551,YES,2,5649,2008-02-01,2016
669,Mastercard,Debit,5816338605169380,2020-06-01,932,YES,1,11164,2008-02-01,2009
177,Mastercard,Debit,5974924187009490,2022-06-01,102,YES,2,4880,2008-02-01,2010
1668,Mastercard,Debit (Prepaid),5921304090510630,2022-07-01,404,YES,2,20,2008-02-01,2017
1783,Visa,Credit,4172882144788970,2012-03-01,902,YES,2,11300,2008-02-01,2009
1742,Visa,Credit,4768983039467320,2015-03-01,74,YES,1,14700,2008-02-01,2010
1529,Visa,Debit,4294047917295710,2023-05-01,325,YES,2,38171,2008-02-01,2011
1334,Visa,Debit,4509551449788690,2020-07-01,152,YES,1,13821,2008-02-01,2009
246,Visa,Debit,4957823817777300,2022-03-01,413,YES,1,40350,2008-02-01,2014
551,Visa,Debit,4527984307819250,2012-03-01,502,YES,2,19017,2008-02-01,2012
1926,Visa,Debit,4833362009066620,2023-09-01,611,NO,2,793,2008-02-01,2008
1891,Visa,Debit,4268017872699460,2016-11-01,476,YES,2,15227,2008-02-01,2015
1117,Visa,Debit,4101718321165420,2020-02-01,388,YES,1,9827,2008-02-01,2009
1225,Visa,Credit,4234868356191480,2024-11-01,759,YES,2,18600,2008-02-01,2011
1454,Amex,Credit,379047099954355,2023-11-01,178,YES,1,8200,2009-02-01,2009
1735,Discover,Credit,6515253433115420,2020-04-01,190,YES,1,15700,2009-02-01,2011
34,Mastercard,Debit,5039048842448180,2023-11-01,339,YES,2,10775,2009-02-01,2010
46,Mastercard,Debit (Prepaid),5310685272979010,2018-02-01,830,YES,2,97,2009-02-01,2015
354,Mastercard,Debit,5226253469892720,2023-06-01,896,YES,1,20859,2009-02-01,2009
1888,Mastercard,Debit,5210754741357770,2014-12-01,402,NO,2,27112,2009-02-01,2015
1208,Mastercard,Debit,5084690936737000,2020-02-01,476,YES,2,8024,2009-02-01,2012
1976,Mastercard,Debit,5320540849135700,2023-10-01,66,YES,1,21160,2009-02-01,2009
803,Mastercard,Debit (Prepaid),5390318153988790,2020-02-01,243,YES,2,67,2009-02-01,2014
1465,Mastercard,Debit,5023279394330750,2022-02-01,976,NO,1,42142,2009-02-01,2010
728,Mastercard,Debit,5206347664104990,2019-06-01,337,YES,2,10618,2009-02-01,2009
377,Mastercard,Debit,5009400051376020,2023-11-01,417,YES,1,30403,2009-02-01,2014
1889,Mastercard,Credit,5581736783190390,2021-08-01,839,YES,1,11400,2009-02-01,2014
1475,Mastercard,Debit,5123561690852830,2024-05-01,861,YES,1,13378,2009-02-01,2009
5,Mastercard,Debit,5419592121545150,2022-01-01,42,YES,2,18894,2009-02-01,2015
1530,Mastercard,Credit,5368997770474830,2024-11-01,813,YES,1,600,2009-02-01,2013
1420,Mastercard,Debit,5383684382213650,2018-03-01,931,YES,1,16028,2009-02-01,2009
1921,Mastercard,Debit (Prepaid),5403639313421700,2020-04-01,283,YES,2,89,2009-02-01,2009
1710,Mastercard,Debit,5130947171604510,2023-12-01,342,YES,2,17611,2009-02-01,2011
37,Mastercard,Debit,5345636299699530,2013-02-01,788,YES,1,16315,2009-02-01,2010
1808,Mastercard,Debit,5651004451380040,2022-04-01,421,YES,2,12736,2009-02-01,2014
548,Mastercard,Debit,5154918786979440,2013-08-01,791,NO,1,570,2009-02-01,2010
1937,Mastercard,Debit,5016047912098590,2013-11-01,561,NO,1,17883,2009-02-01,2017
1648,Mastercard,Debit,5489127405017810,2021-02-01,287,NO,2,64565,2009-02-01,2019
1449,Mastercard,Debit (Prepaid),5154212510711020,2022-09-01,821,YES,2,51,2009-02-01,2013
718,Mastercard,Debit (Prepaid),5164766009976950,2020-09-01,691,YES,2,11,2009-02-01,2013
906,Visa,Credit,4173086816288780,2024-09-01,817,YES,2,10400,2009-02-01,2010
613,Visa,Debit,4102523265404420,2023-07-01,669,YES,1,28320,2009-02-01,2009
1432,Visa,Credit,4328042122247730,2010-01-01,97,YES,1,15900,2009-02-01,2009
641,Visa,Credit,4068972276491700,2009-06-01,87,YES,2,11000,2009-02-01,2010
667,Visa,Debit,4793849043206020,2019-11-01,994,YES,1,26024,2009-02-01,2013
1238,Visa,Credit,4892840339331130,2024-07-01,127,YES,2,22500,2009-02-01,2012
1995,Visa,Debit,4014763594580470,2024-10-01,355,YES,2,11268,2009-02-01,2013
652,Visa,Debit,4493414838028910,2020-02-01,504,YES,2,2045,2009-02-01,2014
332,Visa,Debit,4673279351880300,2023-07-01,339,YES,2,12106,2009-02-01,2009
398,Visa,Debit,4801008002314220,2021-03-01,290,YES,1,17111,2009-02-01,2010
1654,Amex,Credit,333081160230544,2024-06-01,480,YES,1,14000,2010-02-01,2012
1190,Amex,Credit,347182989454327,2012-07-01,755,YES,2,13800,2010-02-01,2010
590,Amex,Credit,361343872480844,2010-09-01,837,YES,2,7400,2010-02-01,2012
928,Amex,Credit,322674119450622,2012-08-01,250,YES,1,8700,2010-02-01,2010
1518,Discover,Credit,6183952528759940,2022-12-01,831,YES,2,16800,2010-02-01,2015
1120,Discover,Credit,6983129592633810,2022-10-01,237,YES,2,21400,2010-02-01,2010
723,Discover,Credit,6155749284043200,2023-12-01,616,YES,1,10300,2010-02-01,2013
1777,Discover,Credit,6890958566283010,2018-08-01,17,YES,2,24400,2010-02-01,2011
984,Discover,Credit,6617667813539640,2022-06-01,357,YES,2,6900,2010-02-01,2015
461,Mastercard,Debit,5033135709911480,2024-07-01,170,YES,1,23344,2010-02-01,2010
1217,Mastercard,Debit,5228295335343430,2011-03-01,82,NO,1,23907,2010-02-01,2010
1192,Mastercard,Debit,5303411542373680,2023-10-01,305,YES,1,2001,2010-02-01,2018
358,Mastercard,Debit,5039744580376550,2021-12-01,653,YES,1,16633,2010-02-01,2010
442,Mastercard,Debit,5422663837290600,2015-02-01,95,YES,1,25209,2010-02-01,2011
1779,Mastercard,Debit,5786581990221960,2023-02-01,672,YES,2,7623,2010-02-01,2015
1919,Mastercard,Credit,5361975786587160,2024-07-01,39,YES,1,17400,2010-02-01,2010
440,Mastercard,Debit,5244693372159100,2024-10-01,682,YES,1,6875,2010-02-01,2012
962,Mastercard,Debit,5180139423244090,2022-07-01,633,YES,2,9141,2010-02-01,2011
1552,Mastercard,Debit,5494745672321740,2021-05-01,61,YES,2,14913,2010-02-01,2010
560,Mastercard,Debit,5293577583483470,2021-12-01,468,NO,2,11620,2010-02-01,2010
416,Mastercard,Debit,5587024233247130,2022-11-01,531,YES,2,14066,2010-02-01,2012
1685,Mastercard,Debit,5638911805485520,2023-02-01,857,YES,1,8451,2010-02-01,2010
1166,Mastercard,Credit,5702377806791440,2021-08-01,548,YES,2,14100,2010-02-01,2010
649,Mastercard,Debit,5155724078477840,2024-06-01,606,YES,2,11401,2010-02-01,2016
1020,Mastercard,Debit,5295246280473120,2023-07-01,117,YES,1,26277,2010-02-01,2010
1150,Mastercard,Credit,5587070999180300,2023-04-01,335,YES,2,9700,2010-02-01,2011
1298,Mastercard,Debit,5818148628470960,2024-02-01,296,NO,2,10040,2010-02-01,2010
371,Mastercard,Debit (Prepaid),5138905290496520,2024-07-01,348,YES,2,34,2010-02-01,2011
20,Mastercard,Debit,5706360016972470,2024-04-01,34,YES,1,7702,2010-02-01,2010
242,Mastercard,Debit,5000761209331070,2021-02-01,797,YES,1,15259,2010-02-01,2010
37,Mastercard,Debit,5417518550067020,2022-12-01,737,YES,1,10608,2010-02-01,2010
959,Mastercard,Debit (Prepaid),5030524191307850,2023-08-01,680,YES,2,8,2010-02-01,2017
172,Mastercard,Debit,5453650582708790,2015-11-01,531,YES,1,16373,2010-02-01,2010
90,Mastercard,Debit (Prepaid),5454320123258470,2020-03-01,429,YES,1,102,2010-02-01,2010
1417,Mastercard,Debit (Prepaid),5082923874323790,2021-02-01,774,YES,2,85,2010-02-01,2010
781,Mastercard,Debit,5724812856736550,2024-12-01,821,YES,2,16474,2010-02-01,2010
1655,Mastercard,Credit,5273827620362750,2012-12-01,361,YES,1,8400,2010-02-01,2013
1478,Mastercard,Debit,5024480860444780,2024-03-01,877,YES,1,6732,2010-02-01,2010
900,Visa,Debit (Prepaid),4580252759299280,2021-02-01,397,YES,2,68,2010-02-01,2010
171,Visa,Debit,4548390986370910,2021-10-01,555,YES,2,21022,2010-02-01,2011
247,Visa,Debit,4045887901142820,2013-07-01,54,YES,2,24968,2010-02-01,2010
851,Visa,Credit,4484651040009260,2023-04-01,400,YES,2,8900,2010-02-01,2010
1297,Visa,Debit,4470355925741360,2022-05-01,231,YES,1,18301,2010-02-01,2010
1239,Visa,Debit,4488660162981930,2023-06-01,852,YES,1,14295,2010-02-01,2010
666,Visa,Debit,4422198494122150,2020-10-01,852,YES,2,22501,2010-02-01,2010
721,Visa,Credit,4024411952428030,2022-04-01,865,YES,1,11900,2010-02-01,2014
1639,Visa,Debit,4973656988526720,2023-02-01,703,YES,2,31554,2010-02-01,2010
254,Visa,Debit,4817071694522150,2020-06-01,185,YES,2,27623,2010-02-01,2018
1755,Visa,Debit,4353998165821080,2016-10-01,159,YES,2,367,2010-02-01,2015
330,Visa,Debit,4013218758934390,2012-10-01,551,YES,2,25124,2010-02-01,2010
676,Visa,Credit,4209302581526440,2023-06-01,777,YES,2,9300,2010-02-01,2010
1891,Visa,Credit,4033929197271880,2023-01-01,190,YES,2,3300,2010-02-01,2010
734,Visa,Debit,4090974875409300,2021-11-01,478,YES,2,5507,2010-02-01,2010
225,Visa,Debit,4556097032146110,2020-12-01,779,YES,1,20661,2010-02-01,2010
1482,Visa,Debit,4474303260979460,2021-10-01,877,YES,2,34877,2010-02-01,2012
652,Visa,Debit,4874919817321910,2023-02-01,392,YES,2,21607,2010-02-01,2018
1385,Visa,Debit,4083090955300560,2022-12-01,259,YES,2,36940,2010-02-01,2010
1510,Visa,Credit,4051609818366860,2011-11-01,795,YES,1,11400,2010-02-01,2012
1998,Visa,Credit,4573665962578720,2020-11-01,452,YES,2,100,2010-02-01,2011
462,Visa,Debit (Prepaid),4262959598704280,2016-01-01,710,YES,1,22,2010-02-01,2013
1305,Visa,Debit,4804168677193110,2023-03-01,32,YES,2,22025,2010-02-01,2010
361,Visa,Credit,4972676446491090,2022-06-01,555,NO,2,11500,2010-02-01,2010
376,Visa,Debit,4961188850895800,2021-08-01,629,NO,1,28884,2010-02-01,2015
328,Visa,Credit,4737448001688510,2020-06-01,626,YES,2,13200,2010-02-01,2010
265,Visa,Credit,4179464821874360,2022-10-01,376,YES,2,16600,2010-02-01,2010
948,Amex,Credit,371833102197375,2024-07-01,591,YES,2,6200,2011-02-01,2011
217,Mastercard,Credit,5359358098670030,2019-07-01,428,YES,1,6500,2011-02-01,2014
217,Mastercard,Debit,5093514487076210,2020-06-01,889,YES,2,2650,2011-02-01,2013
985,Mastercard,Credit,5936949471946670,2022-10-01,372,YES,2,16000,2011-02-01,2012
873,Mastercard,Debit,5649539832197630,2011-04-01,892,YES,1,15521,2011-02-01,2011
743,Mastercard,Debit,5434039936536220,2022-01-01,58,YES,1,11664,2011-02-01,2011
0,Mastercard,Debit,5050211780967420,2021-04-01,316,YES,2,31490,2011-02-01,2011
1830,Mastercard,Debit,5413909063250460,2022-04-01,732,YES,1,12782,2011-02-01,2011
1456,Mastercard,Credit,5451139349544220,2019-08-01,832,NO,2,7200,2011-02-01,2011
914,Mastercard,Debit,5493872171755050,2016-12-01,757,YES,2,17522,2011-02-01,2011
952,Mastercard,Debit,5357953507565190,2021-07-01,726,YES,2,76966,2011-02-01,2011
256,Mastercard,Debit,5355715623674970,2024-12-01,956,YES,1,27489,2011-02-01,2011
1682,Mastercard,Credit,5399068844339820,2024-09-01,512,YES,1,12600,2011-02-01,2015
1746,Visa,Debit,4001482973848630,2022-07-01,972,YES,2,28508,2011-02-01,2011
996,Visa,Debit,4803335286454190,2020-02-01,568,NO,1,27231,2011-02-01,2011
1311,Visa,Credit,4304336989685850,2022-10-01,38,YES,1,14000,2011-02-01,2011
1342,Visa,Debit (Prepaid),4971872629769690,2022-06-01,724,YES,3,64,2011-02-01,2011
852,Visa,Credit,4373234712011850,2020-01-01,735,YES,2,4400,2011-02-01,2011
1958,Visa,Debit (Prepaid),4015493899295530,2023-04-01,455,YES,1,62,2011-02-01,2011
1973,Visa,Debit,4175483090792330,2021-04-01,147,YES,2,13202,2011-02-01,2011
856,Visa,Debit,4938580795028350,2015-07-01,12,NO,1,61399,2011-02-01,2011
1148,Visa,Credit,4074614873243590,2020-12-01,16,YES,1,9400,2011-02-01,2011
282,Visa,Credit,4614912096462100,2020-11-01,84,YES,1,7300,2011-02-01,2011
343,Visa,Debit,4906697568806150,2014-04-01,115,YES,2,38385,2011-02-01,2011
40,Visa,Debit (Prepaid),4569310605904110,2021-07-01,990,YES,2,58,2011-02-01,2011
385,Visa,Debit,4972542983783750,2020-03-01,383,YES,2,2210,2011-02-01,2014
20,Visa,Debit,4326462005421380,2022-09-01,83,YES,1,16465,2011-02-01,2011
372,Visa,Debit,4391595396891550,2020-07-01,346,YES,2,10876,2011-02-01,2011
1090,Visa,Credit,4667046973414960,2023-05-01,952,YES,2,14400,2011-02-01,2011
48,Visa,Debit,4441378583955440,2022-12-01,568,YES,2,15018,2011-02-01,2011
1240,Visa,Credit,4212472982412280,2023-03-01,449,YES,1,4000,2011-02-01,2011
688,Amex,Credit,361648729239104,2018-11-01,709,NO,2,6600,2012-02-01,2012
233,Amex,Credit,374396421501669,2024-03-01,659,YES,2,13700,2012-02-01,2012
697,Mastercard,Debit,5139001522381220,2021-04-01,740,YES,2,20195,2012-02-01,2012
108,Mastercard,Debit,5085144478543460,2021-05-01,100,YES,2,14321,2012-02-01,2012
678,Mastercard,Credit,5190363040476840,2022-08-01,377,YES,2,8600,2012-02-01,2012
1066,Mastercard,Debit,5803246848212920,2023-08-01,269,YES,2,20060,2012-02-01,2012
197,Mastercard,Debit,5237861402927600,2022-01-01,536,YES,1,17889,2012-02-01,2012
1037,Mastercard,Credit,5669892249102750,2013-06-01,518,YES,2,7500,2012-02-01,2012
1944,Mastercard,Debit,5867403593584840,2022-01-01,493,NO,1,17116,2012-02-01,2012
1007,Mastercard,Credit,5929512204765910,2020-08-01,237,NO,2,9200,2012-02-01,2012
1016,Visa,Credit,4720586956662000,2023-01-01,320,YES,1,200,2012-02-01,2012
74,Visa,Debit,4901356321424930,2020-07-01,92,NO,1,17682,2012-02-01,2012
1444,Visa,Debit,4445219636598500,2024-03-01,699,YES,1,42670,2012-02-01,2012
1635,Visa,Credit,4029286233026670,2023-09-01,218,YES,2,15000,2012-02-01,2012
1049,Visa,Credit,4661230447201570,2015-05-01,53,YES,1,9400,2012-02-01,2012
753,Visa,Credit,4033661530367490,2023-01-01,95,YES,2,8000,2012-02-01,2012
1950,Mastercard,Debit,5258035150490120,2021-10-01,728,YES,1,6710,2013-02-01,2013
1603,Mastercard,Debit,5495606147026040,2024-06-01,810,YES,2,14223,2013-02-01,2013
565,Mastercard,Debit,5122535818803520,2020-11-01,15,NO,1,18090,2013-02-01,2013
1755,Mastercard,Credit,5560819053137810,2017-09-01,173,YES,2,9400,2013-02-01,2013
302,Mastercard,Debit,5544586425634310,2020-09-01,652,YES,2,16799,2013-02-01,2013
338,Mastercard,Debit,5004660687674180,2023-01-01,841,YES,2,50127,2013-02-01,2013
1611,Mastercard,Credit,5309806228982690,2015-11-01,888,YES,2,1900,2013-02-01,2013
748,Mastercard,Debit,5811894674904850,2022-06-01,745,YES,1,18204,2013-02-01,2013
1098,Mastercard,Debit,5740589965857600,2022-11-01,40,YES,1,11121,2013-02-01,2013
385,Mastercard,Debit,5494762880839680,2020-03-01,915,YES,1,17907,2013-02-01,2013
819,Mastercard,Debit,5196085406728700,2022-12-01,937,YES,1,11818,2013-02-01,2013
751,Mastercard,Credit,5044418694504570,2021-07-01,693,YES,2,14900,2013-02-01,2013
58,Mastercard,Debit,5850540702416610,2022-05-01,840,YES,2,23838,2013-02-01,2013
948,Mastercard,Debit,5196909207454960,2023-05-01,71,YES,1,13035,2013-02-01,2013
624,Mastercard,Debit,5620777347987310,2019-04-01,203,YES,1,12931,2013-02-01,2013
1178,Visa,Debit,4470822684089910,2020-09-01,923,YES,2,17976,2013-02-01,2013
1155,Visa,Credit,4973662128767220,2021-12-01,9,YES,2,6100,2013-02-01,2013
1158,Visa,Debit,4863697166227070,2013-10-01,748,NO,1,13761,2013-02-01,2013
1059,Visa,Credit,4365828013345600,2023-02-01,945,YES,2,11700,2013-02-01,2013
1328,Visa,Credit,4186230455407120,2020-04-01,452,YES,1,1000,2013-02-01,2013
479,Visa,Debit,4569944754910430,2022-10-01,19,YES,2,43767,2013-02-01,2013
235,Visa,Debit,4870540675741450,2024-04-01,716,YES,1,15578,2013-02-01,2013
156,Amex,Credit,338476518852926,2021-05-01,955,YES,2,5200,2014-02-01,2014
137,Amex,Credit,315776046694876,2024-05-01,574,YES,2,9700,2014-02-01,2014
11,Mastercard,Debit,5208447578218090,2021-09-01,126,YES,1,51012,2014-02-01,2014
1300,Mastercard,Debit,5280939323100570,2023-07-01,909,YES,1,10691,2014-02-01,2014
1809,Mastercard,Debit,5396886931773520,2024-08-01,7,YES,1,27308,2014-02-01,2014
200,Mastercard,Debit,5950906892579650,2014-03-01,93,YES,1,18552,2014-02-01,2014
109,Mastercard,Debit,5301549251992550,2021-10-01,773,YES,1,27762,2014-02-01,2014
1151,Mastercard,Debit,5643282528177270,2018-02-01,475,YES,1,429,2014-02-01,2014
1823,Mastercard,Debit,5395349112538160,2020-03-01,34,YES,1,37468,2014-02-01,2014
1683,Mastercard,Debit,5688998474789350,2020-06-01,292,YES,1,13014,2014-02-01,2014
794,Mastercard,Debit,5511781840326930,2022-09-01,876,YES,1,12501,2014-02-01,2014
661,Mastercard,Debit,5468889618070150,2024-03-01,110,YES,2,13193,2014-02-01,2014
1846,Mastercard,Credit,5618611337229360,2021-12-01,114,NO,2,6400,2014-02-01,2014
1509,Mastercard,Debit,5352211789998930,2021-02-01,443,YES,1,23238,2014-02-01,2014
1598,Visa,Credit,4530836617790000,2022-06-01,596,YES,2,3400,2014-02-01,2014
993,Visa,Credit,4260552166292090,2022-06-01,384,YES,1,9500,2014-02-01,2014
571,Amex,Credit,398280185520858,2015-11-01,89,YES,2,7200,2015-02-01,2015
428,Amex,Credit,340213655737651,2024-11-01,108,YES,2,8800,2015-02-01,2015
1027,Mastercard,Debit,5735792874705660,2023-03-01,748,NO,1,35279,2015-02-01,2015
963,Mastercard,Credit,5011729300918940,2020-10-01,29,YES,1,6500,2015-02-01,2015
513,Mastercard,Debit,5974986702403540,2021-09-01,939,YES,1,24645,2015-02-01,2015
747,Mastercard,Credit,5297975423650570,2022-01-01,978,YES,2,6100,2015-02-01,2015
338,Mastercard,Debit,5404154440554850,2022-05-01,190,YES,1,31747,2015-02-01,2015
33,Mastercard,Credit,5773848829447490,2016-07-01,833,YES,2,9000,2015-02-01,2015
286,Mastercard,Debit,5601172841459290,2024-02-01,29,YES,1,23009,2015-02-01,2015
673,Visa,Debit,4815588963693440,2022-04-01,752,NO,2,14614,2015-02-01,2015
1741,Visa,Credit,4238757840498540,2022-12-01,551,YES,2,8500,2015-02-01,2015
1240,Visa,Debit,4140779954294930,2022-11-01,794,YES,2,16638,2015-02-01,2015
329,Amex,Credit,337550322941360,2024-04-01,449,YES,2,11100,2016-02-01,2016
1710,Discover,Credit,6449625285546780,2020-11-01,985,YES,1,6600,2016-02-01,2016
217,Mastercard,Debit,5161929618424760,2016-07-01,743,YES,1,9737,2016-02-01,2016
1586,Mastercard,Debit,5891506977538040,2021-02-01,906,YES,2,17587,2016-02-01,2016
955,Mastercard,Debit,5653775383513650,2023-09-01,867,YES,2,12887,2016-02-01,2016
856,Mastercard,Credit,5327278156671960,2018-03-01,105,YES,2,26800,2016-02-01,2016
1654,Mastercard,Debit,5041427711902770,2022-01-01,748,YES,1,36502,2016-02-01,2016
1490,Visa,Debit,4033453235002120,2021-01-01,434,YES,1,20225,2016-02-01,2016
189,Mastercard,Debit,5027764290591240,2019-01-01,566,YES,1,17678,2017-02-01,2017
560,Mastercard,Credit,5312371772380380,2020-05-01,749,YES,1,6900,2017-02-01,2017
1121,Mastercard,Debit,5629988786276960,2018-01-01,537,YES,1,51951,2017-02-01,2017
884,Mastercard,Debit (Prepaid),5457193458056810,2024-08-01,138,YES,2,68,2017-02-01,2017
1841,Mastercard,Debit,5987109951536860,2019-04-01,424,YES,2,17386,2017-02-01,2017
1340,Visa,Debit,4249908788734060,2024-07-01,892,YES,2,36546,2017-02-01,2017
649,Visa,Debit,4974987012125940,2023-03-01,50,YES,2,46342,2017-02-01,2017
960,Visa,Debit,4008395642072930,2021-09-01,740,YES,1,16210,2017-02-01,2017
258,Mastercard,Debit,5200497031723070,2021-11-01,790,YES,1,21726,2018-02-01,2018
1727,Mastercard,Debit (Prepaid),5000846807980560,2024-07-01,345,YES,3,102,2018-02-01,2018
1552,Mastercard,Debit,5909552342193740,2021-12-01,675,YES,1,13866,2018-02-01,2018
764,Mastercard,Debit,5445576229804920,2021-11-01,764,YES,1,20467,2018-02-01,2018
1118,Visa,Debit,4336190352382280,2024-10-01,795,NO,1,26206,2018-02-01,2018
1717,Visa,Debit,4246551286869280,2022-08-01,593,YES,2,22765,2018-02-01,2018
1091,Visa,Debit,4330882727770780,2019-10-01,22,YES,1,29685,2018-02-01,2018
863,Visa,Debit (Prepaid),4669769619755990,2020-01-01,338,YES,1,80,2018-02-01,2018
1455,Amex,Credit,349159635383087,2023-01-01,386,YES,2,2200,2019-02-01,2019
355,Discover,Credit,6525938932537500,2020-02-01,511,YES,2,19600,2019-02-01,2019
1198,Mastercard,Credit,5621725368325860,2022-10-01,60,YES,1,6300,2019-02-01,2019
961,Mastercard,Debit,5672981759485190,2024-02-01,676,YES,1,31907,2019-02-01,2019
1062,Mastercard,Debit (Prepaid),5959889429403770,2020-02-01,978,YES,2,86,2019-02-01,2019
59,Mastercard,Debit (Prepaid),5366605660821200,2021-07-01,820,YES,2,56,2019-02-01,2019
263,Mastercard,Debit,5981206880089610,2020-02-01,421,YES,1,12103,2019-02-01,2019
815,Visa,Debit (Prepaid),4476092248320970,2019-04-01,428,YES,1,111,2019-02-01,2019
1043,Visa,Credit,4985963940810510,2022-01-01,341,YES,2,15500,2019-02-01,2019
643,Amex,Credit,381572912003735,2024-08-01,145,YES,1,10000,2020-02-01,2020
953,Amex,Credit,343258769247986,2024-11-01,210,YES,3,8400,2020-02-01,2020
945,Amex,Credit,383902088570937,2023-07-01,353,YES,2,12700,2020-02-01,2020
685,Amex,Credit,382500319012149,2022-12-01,443,YES,2,12100,2020-02-01,2020
1724,Amex,Credit,329884815703027,2022-05-01,818,YES,2,7400,2020-02-01,2020
1304,Amex,Credit,303823669078373,2020-02-01,876,YES,2,27000,2020-02-01,2020
152,Amex,Credit,353041795366517,2021-06-01,896,YES,2,4900,2020-02-01,2020
1770,Amex,Credit,360626221519170,2022-06-01,933,YES,1,8400,2020-02-01,2020
1592,Amex,Credit,357520397345697,2022-01-01,371,YES,2,20800,2020-02-01,2020
1760,Amex,Credit,356719617570025,2022-05-01,536,YES,1,14600,2020-02-01,2020
93,Amex,Credit,338538414564400,2024-09-01,557,YES,2,11400,2020-02-01,2020
407,Amex,Credit,372726260198911,2020-02-01,995,YES,2,15800,2020-02-01,2020
834,Amex,Credit,315248670248049,2020-02-01,451,NO,2,7200,2020-02-01,2020
302,Amex,Credit,344544551925411,2024-04-01,781,YES,2,13800,2020-02-01,2020
1845,Amex,Credit,327497948507859,2020-02-01,829,YES,1,22900,2020-02-01,2020
1136,Amex,Credit,349691331721092,2020-07-01,122,YES,1,19000,2020-02-01,2020
1047,Amex,Credit,346964605654298,2020-02-01,530,YES,1,16400,2020-02-01,2020
1630,Amex,Credit,387423675573298,2021-06-01,864,YES,1,11800,2020-02-01,2020
1374,Amex,Credit,324659664188559,2024-04-01,330,NO,2,8300,2020-02-01,2020
965,Amex,Credit,344844394968700,2020-12-01,973,YES,1,11200,2020-02-01,2020
1196,Amex,Credit,313591301980634,2020-02-01,696,YES,2,10900,2020-02-01,2020
43,Amex,Credit,332244260422916,2024-08-01,240,YES,1,13200,2020-02-01,2020
1020,Amex,Credit,354491217269737,2020-02-01,772,YES,1,16900,2020-02-01,2020
9,Amex,Credit,326339433819854,2022-12-01,719,NO,1,7600,2020-02-01,2020
1135,Amex,Credit,335380246966517,2020-11-01,42,YES,3,11700,2020-02-01,2020
1071,Amex,Credit,326436217704163,2023-06-01,879,YES,2,11200,2020-02-01,2020
1714,Amex,Credit,310441130576257,2024-04-01,394,YES,2,12600,2020-02-01,2020
988,Amex,Credit,381186607769548,2023-04-01,440,YES,2,1900,2020-02-01,2020
1205,Amex,Credit,358973431417109,2024-06-01,874,YES,1,13300,2020-02-01,2020
1953,Amex,Credit,302031764623099,2020-11-01,654,YES,2,9900,2020-02-01,2020
1970,Amex,Credit,355173462104949,2020-02-01,172,YES,1,14800,2020-02-01,2020
933,Amex,Credit,312591080633831,2022-04-01,910,YES,1,5100,2020-02-01,2020
1235,Amex,Credit,389499805815638,2024-02-01,391,YES,2,11500,2020-02-01,2020
903,Amex,Credit,330491125625090,2024-11-01,856,YES,1,15700,2020-02-01,2020
1270,Amex,Credit,340244443373002,2023-03-01,846,YES,2,20400,2020-02-01,2020
215,Amex,Credit,368046753984282,2020-02-01,882,YES,2,15600,2020-02-01,2020
910,Amex,Credit,327604676331354,2020-02-01,199,YES,1,8900,2020-02-01,2020
1573,Amex,Credit,337444224350580,2022-12-01,542,YES,2,3300,2020-02-01,2020
1553,Amex,Credit,321390295697853,2020-02-01,287,YES,2,15500,2020-02-01,2020
1325,Amex,Credit,337243144975638,2020-07-01,64,YES,1,89900,2020-02-01,2020
1325,Amex,Credit,366279021724239,2024-07-01,517,YES,2,44100,2020-02-01,2020
144,Amex,Credit,375207905449012,2022-12-01,512,YES,2,0,2020-02-01,2020
536,Amex,Credit,361660199951264,2020-02-01,359,YES,2,8300,2020-02-01,2020
523,Amex,Credit,321786749835899,2024-03-01,747,YES,2,8200,2020-02-01,2020
111,Amex,Credit,399822688085690,2021-07-01,676,YES,2,6900,2020-02-01,2020
1792,Discover,Credit,6347540441639610,2024-03-01,277,YES,2,4300,2020-02-01,2020
422,Discover,Credit,6905561508213690,2024-11-01,902,YES,1,7100,2020-02-01,2020
195,Discover,Credit,6649382937549500,2020-02-01,898,YES,1,20400,2020-02-01,2020
1619,Discover,Credit,6997197066610970,2023-08-01,619,YES,2,14600,2020-02-01,2020
56,Discover,Credit,6658549025356900,2024-02-01,578,YES,1,5800,2020-02-01,2020
1263,Discover,Credit,6270499029618520,2020-02-01,54,YES,1,8700,2020-02-01,2020
1180,Discover,Credit,6422941047474550,2021-08-01,992,YES,2,8200,2020-02-01,2020
446,Discover,Credit,6154268030880320,2020-02-01,171,YES,2,11100,2020-02-01,2020
635,Discover,Credit,6130054955952430,2022-10-01,970,YES,1,6100,2020-02-01,2020
1233,Discover,Credit,6910507672679880,2022-11-01,303,YES,1,7100,2020-02-01,2020
51,Discover,Credit,6513518494320520,2023-05-01,191,YES,2,6400,2020-02-01,2020
1672,Discover,Credit,6839227927848570,2020-02-01,968,YES,2,16100,2020-02-01,2020
497,Discover,Credit,6743630812425980,2020-02-01,577,YES,2,13900,2020-02-01,2020
861,Discover,Credit,6546589729646880,2020-02-01,99,YES,2,10600,2020-02-01,2020
1162,Discover,Credit,6492132286425890,2020-02-01,811,YES,1,13700,2020-02-01,2020
862,Discover,Credit,6666283868705510,2020-02-01,112,YES,1,12900,2020-02-01,2020
1092,Discover,Credit,6731998965120910,2022-07-01,82,YES,2,9600,2020-02-01,2020
281,Discover,Credit,6057750888394990,2022-10-01,941,YES,2,10000,2020-02-01,2020
1318,Discover,Credit,6429670593440590,2022-05-01,863,YES,2,17300,2020-02-01,2020
1679,Mastercard,Debit,5656383455895230,2021-01-01,547,YES,1,25845,2020-02-01,2020
309,Mastercard,Debit,5979295728871780,2020-02-01,630,YES,3,9944,2020-02-01,2020
482,Mastercard,Credit,5392697458480960,2020-02-01,886,YES,2,12100,2020-02-01,2020
128,Mastercard,Credit,5079116875907420,2024-01-01,849,YES,2,7800,2020-02-01,2020
1231,Mastercard,Debit,5058769177189800,2020-02-01,12,NO,1,9090,2020-02-01,2020
970,Mastercard,Credit,5637149260486790,2022-07-01,630,YES,2,4900,2020-02-01,2020
381,Mastercard,Credit,5115700923413240,2022-04-01,587,NO,1,18100,2020-02-01,2020
54,Mastercard,Debit,5957925302951750,2020-08-01,746,YES,1,16375,2020-02-01,2020
749,Mastercard,Credit,5498016831726770,2020-02-01,871,YES,1,7200,2020-02-01,2020
1219,Mastercard,Debit,5546998350637120,2020-02-01,718,YES,1,22697,2020-02-01,2020
1493,Mastercard,Credit,5157439545898690,2020-03-01,657,YES,1,13000,2020-02-01,2020
1161,Mastercard,Credit,5597117503471640,2024-08-01,934,NO,1,16100,2020-02-01,2020
1161,Mastercard,Debit,5808372218918200,2023-09-01,138,YES,2,7629,2020-02-01,2020
1738,Mastercard,Credit,5133341979041600,2024-04-01,497,YES,2,18700,2020-02-01,2020
713,Mastercard,Debit,5137811039972620,2022-06-01,170,NO,2,18101,2020-02-01,2020
1631,Mastercard,Credit,5782138554730430,2020-02-01,217,YES,2,20900,2020-02-01,2020
1265,Mastercard,Debit,5658875071888530,2020-02-01,190,YES,2,18321,2020-02-01,2020
307,Mastercard,Debit,5956798767354530,2020-04-01,927,YES,2,11521,2020-02-01,2020
953,Mastercard,Debit,5779387577644600,2022-02-01,421,YES,1,13390,2020-02-01,2020
1866,Mastercard,Debit,5073514573038600,2023-02-01,802,YES,1,3106,2020-02-01,2020
1968,Mastercard,Debit (Prepaid),5439358068470040,2020-02-01,309,YES,1,46,2020-02-01,2020
1109,Mastercard,Debit,5607458054846900,2023-08-01,252,YES,2,9774,2020-02-01,2020
1301,Mastercard,Debit,5016998590035210,2020-02-01,597,YES,2,30323,2020-02-01,2020
1399,Mastercard,Credit,5314005209195970,2022-08-01,991,YES,1,8700,2020-02-01,2020
431,Mastercard,Debit,5157956439521800,2023-07-01,657,YES,1,16407,2020-02-01,2020
353,Mastercard,Debit,5316882967513700,2020-05-01,122,YES,1,10290,2020-02-01,2020
792,Mastercard,Debit,5124153601404700,2022-02-01,6,YES,1,15117,2020-02-01,2020
130,Mastercard,Debit (Prepaid),5214812311200280,2024-07-01,453,NO,1,58,2020-02-01,2020
1990,Mastercard,Debit,5702517198112780,2020-02-01,24,YES,1,16923,2020-02-01,2020
540,Mastercard,Debit,5128972927503170,2022-07-01,466,YES,2,146,2020-02-01,2020
607,Mastercard,Credit,5674179618380470,2020-02-01,303,YES,1,9900,2020-02-01,2020
698,Mastercard,Debit,5568521915813740,2023-04-01,226,YES,1,33580,2020-02-01,2020
745,Mastercard,Credit,5953949146709590,2024-01-01,474,YES,2,11400,2020-02-01,2020
1948,Mastercard,Credit,5540056584502160,2022-03-01,749,YES,1,15900,2020-02-01,2020
1011,Mastercard,Debit,5256742061038580,2024-05-01,930,YES,2,21470,2020-02-01,2020
1803,Mastercard,Debit,5717616835023180,2023-12-01,840,YES,1,16858,2020-02-01,2020
806,Mastercard,Debit,5741290693284530,2024-01-01,500,NO,2,40073,2020-02-01,2020
806,Mastercard,Credit,5007745667422000,2023-08-01,279,YES,2,22000,2020-02-01,2020
1625,Mastercard,Debit (Prepaid),5168819174478420,2024-04-01,832,YES,1,97,2020-02-01,2020
1273,Mastercard,Credit,5450176266666010,2020-08-01,94,YES,2,11700,2020-02-01,2020
925,Mastercard,Debit (Prepaid),5832570048691470,2020-02-01,589,YES,2,77,2020-02-01,2020
963,Mastercard,Debit,5407128452594540,2020-02-01,444,YES,1,16417,2020-02-01,2020
930,Mastercard,Credit,5140347165185810,2020-02-01,633,YES,2,5000,2020-02-01,2020
1377,Mastercard,Debit,5367393978634440,2020-02-01,488,YES,2,21478,2020-02-01,2020
229,Mastercard,Credit,5613179179990520,2021-04-01,874,YES,2,7900,2020-02-01,2020
229,Mastercard,Debit (Prepaid),5458802986531940,2020-02-01,895,NO,1,74,2020-02-01,2020
1218,Mastercard,Debit,5358649877200800,2020-02-01,384,YES,1,12874,2020-02-01,2020
1401,Mastercard,Debit,5949620157170510,2020-02-01,513,YES,1,12569,2020-02-01,2020
1560,Mastercard,Credit,5308155941746070,2023-02-01,627,YES,2,3300,2020-02-01,2020
183,Mastercard,Credit,5445140227910180,2020-02-01,611,YES,1,11200,2020-02-01,2020
411,Mastercard,Debit,5350446523909330,2023-05-01,611,YES,1,37192,2020-02-01,2020
421,Mastercard,Debit,5331334705575600,2023-06-01,453,YES,1,23875,2020-02-01,2020
1457,Mastercard,Credit,5017560063090850,2024-02-01,331,NO,2,5400,2020-02-01,2020
1457,Mastercard,Debit,5582785061995750,2022-01-01,82,YES,1,15834,2020-02-01,2020
1457,Mastercard,Credit,5159912190298030,2024-09-01,479,YES,1,12200,2020-02-01,2020
586,Mastercard,Debit (Prepaid),5447113003265840,2021-11-01,762,YES,1,75,2020-02-01,2020
586,Mastercard,Debit,5161769445279590,2022-03-01,746,NO,1,15163,2020-02-01,2020
664,Mastercard,Debit,5283468482627170,2023-12-01,465,YES,1,1684,2020-02-01,2020
485,Mastercard,Debit,5832889444154320,2021-11-01,820,YES,2,11641,2020-02-01,2020
283,Mastercard,Credit,5529511387485530,2020-12-01,568,YES,1,6900,2020-02-01,2020
355,Mastercard,Debit,5676668792174420,2024-07-01,869,YES,2,2725,2020-02-01,2020
1172,Mastercard,Credit,5496286717273450,2021-11-01,8,YES,2,6000,2020-02-01,2020
1255,Mastercard,Debit,5040609131348650,2023-12-01,98,YES,1,13130,2020-02-01,2020
1932,Mastercard,Debit,5050180938587170,2021-07-01,518,YES,1,405,2020-02-01,2020
422,Mastercard,Debit,5764720476661120,2023-08-01,350,NO,1,12907,2020-02-01,2020
276,Mastercard,Debit,5579968242146940,2021-03-01,908,YES,1,9628,2020-02-01,2020
936,Mastercard,Debit,5169330864187600,2020-10-01,927,YES,1,15127,2020-02-01,2020
1978,Mastercard,Debit,5293367010895790,2020-02-01,489,YES,1,15100,2020-02-01,2020
1243,Mastercard,Debit,5867870962214060,2020-02-01,278,YES,1,1744,2020-02-01,2020
874,Mastercard,Debit,5578581367019950,2020-03-01,532,YES,1,28066,2020-02-01,2020
1317,Mastercard,Credit,5171047603573610,2020-05-01,472,YES,1,7800,2020-02-01,2020
785,Mastercard,Debit (Prepaid),5802808293999580,2023-02-01,374,NO,1,80,2020-02-01,2020
685,Mastercard,Debit,5208287929207580,2022-01-01,668,YES,2,20769,2020-02-01,2020
685,Mastercard,Debit,5568206290590570,2023-06-01,658,YES,1,16371,2020-02-01,2020
685,Mastercard,Credit,5316978994490030,2020-10-01,145,YES,1,12500,2020-02-01,2020
685,Mastercard,Debit,5548416164877890,2020-02-01,573,YES,1,18976,2020-02-01,2020
1473,Mastercard,Debit,5090437031916520,2022-06-01,678,NO,2,13466,2020-02-01,2020
1353,Mastercard,Debit (Prepaid),5739755420014530,2023-01-01,543,YES,2,101,2020-02-01,2020
736,Mastercard,Credit,5428449359468270,2024-05-01,692,YES,1,13500,2020-02-01,2020
808,Mastercard,Debit,5366108681709750,2022-06-01,691,YES,1,12626,2020-02-01,2020
1608,Mastercard,Debit,5604896104987540,2022-07-01,330,YES,1,15116,2020-02-01,2020
143,Mastercard,Debit,5969614895288920,2020-02-01,729,YES,1,21227,2020-02-01,2020
143,Mastercard,Debit,5183544081050280,2022-05-01,754,YES,1,21943,2020-02-01,2020
423,Mastercard,Debit,5643186470669850,2022-09-01,12,YES,2,18281,2020-02-01,2020
270,Mastercard,Debit,5690579854372420,2020-09-01,790,YES,1,24886,2020-02-01,2020
1751,Mastercard,Credit,5089899761133470,2021-02-01,743,YES,2,4600,2020-02-01,2020
1833,Mastercard,Debit (Prepaid),5390138872145730,2020-03-01,267,YES,1,98,2020-02-01,2020
1619,Mastercard,Credit,5218007897890570,2021-12-01,185,YES,3,8000,2020-02-01,2020
1146,Mastercard,Debit,5078853441156470,2020-03-01,930,YES,1,29265,2020-02-01,2020
1146,Mastercard,Debit,5547476180953080,2020-02-01,765,YES,1,22245,2020-02-01,2020
1146,Mastercard,Debit,5788341339048160,2021-10-01,750,YES,2,17028,2020-02-01,2020
1111,Mastercard,Credit,5222647370028650,2020-02-01,719,YES,1,9200,2020-02-01,2020
1111,Mastercard,Debit,5809837164960500,2020-02-01,924,YES,2,17967,2020-02-01,2020
1574,Mastercard,Debit,5782529755084760,2023-04-01,269,YES,1,13161,2020-02-01,2020
1056,Mastercard,Debit,5227469913438850,2024-02-01,788,YES,1,41816,2020-02-01,2020
25,Mastercard,Credit,5947629329454120,2020-02-01,571,YES,1,4000,2020-02-01,2020
1396,Mastercard,Debit (Prepaid),5887279363070090,2020-02-01,119,YES,2,77,2020-02-01,2020
1253,Mastercard,Debit,5969016640971730,2020-02-01,625,YES,1,24442,2020-02-01,2020
1303,Mastercard,Debit,5483162440698410,2023-03-01,973,YES,1,19299,2020-02-01,2020
1570,Mastercard,Debit (Prepaid),5941982171557630,2021-04-01,756,YES,2,74,2020-02-01,2020
731,Mastercard,Credit,5448351633948320,2020-06-01,592,YES,1,8900,2020-02-01,2020
1532,Mastercard,Debit,5146721520853890,2022-06-01,597,YES,1,18648,2020-02-01,2020
787,Mastercard,Credit,5736136415216030,2020-02-01,332,YES,1,19500,2020-02-01,2020
251,Mastercard,Debit,5179703588055800,2022-01-01,41,YES,1,14797,2020-02-01,2020
1351,Mastercard,Credit,5250335239588570,2020-02-01,728,YES,2,13600,2020-02-01,2020
1935,Mastercard,Debit,5677329350701310,2020-10-01,768,YES,1,20695,2020-02-01,2020
1865,Mastercard,Credit,5571567914533580,2023-01-01,845,YES,2,36900,2020-02-01,2020
268,Mastercard,Debit,5458281950154230,2020-02-01,671,YES,2,3013,2020-02-01,2020
1028,Mastercard,Debit (Prepaid),5811487719571760,2020-06-01,355,YES,1,72,2020-02-01,2020
1495,Mastercard,Debit,5545501337471540,2020-02-01,42,YES,1,28188,2020-02-01,2020
439,Mastercard,Credit,5332016559235670,2020-02-01,171,YES,2,10800,2020-02-01,2020
1929,Mastercard,Debit,5950513884296120,2020-02-01,729,YES,2,24576,2020-02-01,2020
95,Mastercard,Debit,5538497557105100,2020-02-01,247,YES,1,34858,2020-02-01,2020
1778,Mastercard,Debit,5995738761199490,2021-09-01,674,YES,2,10236,2020-02-01,2020
788,Mastercard,Debit,5109840055437730,2024-12-01,456,YES,2,14303,2020-02-01,2020
715,Mastercard,Debit,5098630896285800,2023-04-01,18,YES,2,65185,2020-02-01,2020
1760,Mastercard,Debit,5416703809937280,2024-10-01,938,YES,2,10722,2020-02-01,2020
254,Mastercard,Debit,5752088223667730,2021-12-01,728,YES,1,17584,2020-02-01,2020
93,Mastercard,Debit (Prepaid),5469525970132470,2020-02-01,372,YES,2,0,2020-02-01,2020
1327,Mastercard,Debit,5190283651450150,2022-11-01,789,YES,1,15516,2020-02-01,2020
1327,Mastercard,Debit,5392366156419130,2021-08-01,97,YES,1,18462,2020-02-01,2020
1471,Mastercard,Credit,5171329824996070,2024-02-01,23,YES,1,5900,2020-02-01,2020
367,Mastercard,Debit (Prepaid),5049338760336900,2022-04-01,43,NO,1,83,2020-02-01,2020
367,Mastercard,Credit,5395773293219040,2024-04-01,11,YES,2,6200,2020-02-01,2020
1838,Mastercard,Debit,5230052090763940,2024-06-01,621,YES,2,1990,2020-02-01,2020
1740,Mastercard,Debit,5489350596141110,2021-11-01,288,YES,2,22424,2020-02-01,2020
1440,Mastercard,Debit,5351854633422430,2021-11-01,520,NO,1,9740,2020-02-01,2020
1483,Mastercard,Debit,5411753379806530,2021-08-01,353,YES,1,19952,2020-02-01,2020
1085,Mastercard,Debit (Prepaid),5078613769637210,2020-02-01,332,NO,1,57,2020-02-01,2020
1961,Mastercard,Debit,5207287536817610,2020-02-01,808,YES,2,8668,2020-02-01,2020
1961,Mastercard,Credit,5141137948796470,2020-02-01,787,YES,2,10200,2020-02-01,2020
1216,Mastercard,Debit,5163175843379230,2024-10-01,239,YES,2,21800,2020-02-01,2020
975,Mastercard,Debit (Prepaid),5550636179517350,2022-10-01,671,YES,2,104,2020-02-01,2020
347,Mastercard,Debit,5633556097120820,2020-02-01,849,YES,2,17846,2020-02-01,2020
1795,Mastercard,Debit,5205432675858930,2020-02-01,584,YES,2,5895,2020-02-01,2020
1795,Mastercard,Debit,5206418326928300,2021-10-01,897,YES,1,18891,2020-02-01,2020
1795,Mastercard,Credit,5708264357731830,2024-06-01,418,YES,2,12700,2020-02-01,2020
1620,Mastercard,Debit (Prepaid),5430882480140330,2020-02-01,307,YES,1,92,2020-02-01,2020
401,Mastercard,Debit,5053048068364090,2024-08-01,114,YES,1,11910,2020-02-01,2020
509,Mastercard,Credit,5125572827019750,2024-09-01,88,YES,1,9900,2020-02-01,2020
1991,Mastercard,Debit,5851336463259840,2024-03-01,326,YES,1,17882,2020-02-01,2020
1539,Mastercard,Credit,5729767434317020,2020-09-01,422,YES,2,6200,2020-02-01,2020
206,Mastercard,Debit,5447278925047090,2020-08-01,509,YES,1,18510,2020-02-01,2020
926,Mastercard,Debit,5655709836148640,2020-06-01,824,YES,2,2070,2020-02-01,2020
115,Mastercard,Debit,5253234186328770,2024-02-01,926,YES,1,55750,2020-02-01,2020
294,Mastercard,Debit,5750323855690430,2022-03-01,157,YES,2,20362,2020-02-01,2020
292,Mastercard,Debit,5968272205938860,2023-01-01,325,YES,1,21686,2020-02-01,2020
956,Mastercard,Debit,5291344771165860,2020-02-01,383,YES,1,29553,2020-02-01,2020
693,Mastercard,Debit,5064466274717390,2023-06-01,294,YES,2,39114,2020-02-01,2020
1822,Mastercard,Debit,5664759161976800,2024-06-01,550,YES,2,11624,2020-02-01,2020
1180,Mastercard,Debit,5950036485745250,2020-10-01,85,YES,2,9641,2020-02-01,2020
1555,Mastercard,Debit,5044161315330860,2021-01-01,635,YES,1,5284,2020-02-01,2020
1656,Mastercard,Debit,5633119819093510,2024-03-01,914,YES,1,16415,2020-02-01,2020
568,Mastercard,Debit,5938598749066570,2020-02-01,412,YES,2,1926,2020-02-01,2020
104,Mastercard,Debit,5142639208685540,2020-02-01,219,YES,2,4924,2020-02-01,2020
1136,Mastercard,Debit,5672629395790520,2022-04-01,509,YES,2,22067,2020-02-01,2020
1460,Mastercard,Debit,5404676809155780,2021-01-01,360,YES,1,8822,2020-02-01,2020
1436,Mastercard,Debit,5936573293417590,2020-02-01,173,YES,1,8163,2020-02-01,2020
1436,Mastercard,Credit,5754933315571730,2024-08-01,524,YES,2,3600,2020-02-01,2020
324,Mastercard,Debit,5946098082933880,2020-02-01,492,YES,1,37661,2020-02-01,2020
324,Mastercard,Debit,5014002698424630,2022-01-01,789,YES,2,31271,2020-02-01,2020
412,Mastercard,Debit,5652463737028900,2020-02-01,322,YES,2,7476,2020-02-01,2020
35,Mastercard,Debit,5614214525430850,2024-08-01,54,YES,2,9490,2020-02-01,2020
0,Mastercard,Debit,5691786126216800,2021-06-01,451,YES,2,31008,2020-02-01,2020
0,Mastercard,Debit,5472791324252430,2020-04-01,138,YES,2,25558,2020-02-01,2020
1919,Mastercard,Debit,5266317582741980,2020-08-01,276,YES,2,49705,2020-02-01,2020
880,Mastercard,Debit,5752353826326170,2021-05-01,929,YES,2,10141,2020-02-01,2020
522,Mastercard,Credit,5467734960108980,2024-10-01,991,YES,1,10200,2020-02-01,2020
131,Mastercard,Debit,5613513569349330,2020-02-01,114,YES,1,11934,2020-02-01,2020
1251,Mastercard,Debit,5144399692785720,2023-11-01,732,YES,2,31219,2020-02-01,2020
1119,Mastercard,Debit,5388782065071870,2024-01-01,712,YES,2,7458,2020-02-01,2020
1647,Mastercard,Credit,5443689960543700,2024-11-01,591,YES,2,9200,2020-02-01,2020
1647,Mastercard,Debit,5221540371047990,2020-06-01,258,YES,1,21244,2020-02-01,2020
1848,Mastercard,Debit,5537790974948480,2022-02-01,935,YES,2,19880,2020-02-01,2020
1871,Mastercard,Debit,5342464568793110,2020-02-01,260,YES,1,11166,2020-02-01,2020
1517,Mastercard,Debit,5764133440846680,2024-07-01,480,YES,2,23231,2020-02-01,2020
696,Mastercard,Debit,5634720557033730,2021-02-01,644,YES,1,77778,2020-02-01,2020
1015,Mastercard,Credit,5981150339766530,2023-09-01,601,YES,1,24700,2020-02-01,2020
51,Mastercard,Debit,5871278934255110,2020-02-01,101,YES,1,27124,2020-02-01,2020
1963,Mastercard,Debit (Prepaid),5287850605380290,2020-05-01,507,YES,1,71,2020-02-01,2020
213,Mastercard,Debit,5257903366583680,2024-05-01,911,YES,1,37778,2020-02-01,2020
558,Mastercard,Debit,5266232958018510,2020-02-01,481,YES,1,3402,2020-02-01,2020
1068,Mastercard,Debit,5479410872087390,2020-02-01,738,YES,1,11355,2020-02-01,2020
204,Mastercard,Debit,5190461528175420,2020-02-01,4,YES,2,18725,2020-02-01,2020
980,Mastercard,Debit,5957544477315190,2021-07-01,463,YES,1,26819,2020-02-01,2020
1847,Mastercard,Credit,5867570165176430,2023-03-01,549,YES,2,8700,2020-02-01,2020
220,Mastercard,Debit (Prepaid),5423661517740490,2022-04-01,925,YES,1,2,2020-02-01,2020
1260,Mastercard,Credit,5302098419670470,2021-05-01,517,YES,1,10100,2020-02-01,2020
1870,Mastercard,Credit,5936696982149210,2024-03-01,2,NO,1,18900,2020-02-01,2020
1906,Mastercard,Debit,5092224613044030,2020-10-01,419,YES,2,2721,2020-02-01,2020
1933,Mastercard,Debit (Prepaid),5373505226427670,2021-12-01,114,YES,1,91,2020-02-01,2020
1272,Mastercard,Debit,5589068436851280,2021-04-01,771,YES,1,8807,2020-02-01,2020
508,Mastercard,Debit,5535009995730320,2023-03-01,63,YES,1,20773,2020-02-01,2020
508,Mastercard,Debit,5355589517294780,2022-01-01,850,YES,2,24203,2020-02-01,2020
436,Mastercard,Debit,5729297445419720,2024-08-01,288,NO,2,21540,2020-02-01,2020
1350,Mastercard,Debit,5557084446860840,2022-02-01,77,YES,2,10015,2020-02-01,2020
608,Mastercard,Debit (Prepaid),5098538543569880,2020-02-01,816,YES,1,61,2020-02-01,2020
487,Mastercard,Debit,5459374115989090,2021-07-01,582,YES,1,28281,2020-02-01,2020
388,Mastercard,Debit,5683216868250720,2022-04-01,563,NO,1,5456,2020-02-01,2020
9,Mastercard,Debit,5564349746173180,2023-04-01,547,YES,1,2049,2020-02-01,2020
596,Mastercard,Credit,5610919224995160,2023-06-01,951,YES,2,10700,2020-02-01,2020
1715,Mastercard,Debit,5729617930802600,2021-11-01,320,NO,1,6824,2020-02-01,2020
426,Mastercard,Debit,5848871754957960,2021-06-01,553,NO,2,2117,2020-02-01,2020
1071,Mastercard,Debit (Prepaid),5799877051065570,2020-02-01,466,YES,1,38,2020-02-01,2020
1714,Mastercard,Credit,5121470572571840,2022-06-01,529,YES,1,20700,2020-02-01,2020
239,Mastercard,Debit,5615383905529860,2021-08-01,586,NO,2,21449,2020-02-01,2020
893,Mastercard,Debit,5369571154373540,2021-04-01,867,YES,2,10573,2020-02-01,2020
67,Mastercard,Debit,5118561237234380,2021-08-01,568,YES,2,3334,2020-02-01,2020
1205,Mastercard,Debit,5443778159540140,2020-09-01,232,YES,1,24665,2020-02-01,2020
1205,Mastercard,Debit,5493715627792700,2023-04-01,704,YES,2,28648,2020-02-01,2020
626,Mastercard,Debit,5739105038876050,2022-12-01,372,YES,1,56434,2020-02-01,2020
1953,Mastercard,Debit,5398962399583430,2020-07-01,114,YES,1,8257,2020-02-01,2020
1190,Mastercard,Debit,5944674876283290,2024-08-01,993,NO,1,23805,2020-02-01,2020
1970,Mastercard,Debit,5062306533983200,2023-03-01,742,YES,2,2593,2020-02-01,2020
1337,Mastercard,Debit,5980522152211540,2020-02-01,92,YES,2,13573,2020-02-01,2020
594,Mastercard,Debit,5546505776191830,2024-10-01,791,YES,1,23699,2020-02-01,2020
293,Mastercard,Debit,5972618168179470,2020-02-01,125,NO,1,21335,2020-02-01,2020
293,Mastercard,Credit,5622260338088910,2022-03-01,353,YES,1,9300,2020-02-01,2020
293,Mastercard,Credit,5113831870392060,2020-02-01,861,YES,1,12600,2020-02-01,2020
1868,Mastercard,Credit,5892320192852350,2020-02-01,635,YES,2,13500,2020-02-01,2020
681,Mastercard,Debit,5385090311326940,2021-04-01,909,YES,2,735,2020-02-01,2020
240,Mastercard,Debit,5398809165910930,2020-02-01,379,YES,1,14665,2020-02-01,2020
178,Mastercard,Debit,5271523097116920,2020-12-01,148,YES,1,25376,2020-02-01,2020
938,Mastercard,Debit,5248799897622190,2020-02-01,836,YES,2,17447,2020-02-01,2020
1038,Mastercard,Credit,5218366662865530,2020-02-01,935,YES,2,8200,2020-02-01,2020
1488,Mastercard,Debit,5999258860780530,2024-06-01,737,YES,2,16731,2020-02-01,2020
444,Mastercard,Debit,5084870986694890,2023-01-01,429,YES,1,12233,2020-02-01,2020
1505,Mastercard,Credit,5197842817300170,2022-12-01,763,YES,1,12100,2020-02-01,2020
1623,Mastercard,Credit,5430424247547750,2020-02-01,262,YES,2,7200,2020-02-01,2020
761,Mastercard,Debit,5190760062981850,2020-03-01,810,YES,2,21797,2020-02-01,2020
761,Mastercard,Credit,5705900872232410,2022-06-01,550,YES,1,16700,2020-02-01,2020
717,Mastercard,Debit (Prepaid),5709214226013910,2020-02-01,12,NO,2,66,2020-02-01,2020
117,Mastercard,Debit,5365464128698340,2021-03-01,127,YES,2,5372,2020-02-01,2020
1051,Mastercard,Credit,5158541599253880,2021-10-01,471,YES,2,14100,2020-02-01,2020
587,Mastercard,Debit (Prepaid),5209314764335780,2023-09-01,770,YES,1,28,2020-02-01,2020
587,Mastercard,Debit,5893624216668660,2023-05-01,56,YES,2,10365,2020-02-01,2020
389,Mastercard,Debit,5854024331185020,2024-04-01,531,YES,2,13979,2020-02-01,2020
1829,Mastercard,Credit,5344350231485240,2024-07-01,361,YES,1,6600,2020-02-01,2020
1252,Mastercard,Debit,5873838154222950,2020-02-01,759,YES,2,27556,2020-02-01,2020
935,Mastercard,Debit,5081978309209090,2022-01-01,860,YES,1,19753,2020-02-01,2020
269,Mastercard,Debit (Prepaid),5701332239788540,2023-07-01,299,YES,1,86,2020-02-01,2020
1793,Mastercard,Debit (Prepaid),5538874717660580,2023-09-01,671,YES,1,90,2020-02-01,2020
1185,Mastercard,Debit,5802516154574090,2021-07-01,566,YES,1,22353,2020-02-01,2020
903,Mastercard,Debit (Prepaid),5789086009227520,2023-04-01,492,YES,2,60,2020-02-01,2020
903,Mastercard,Credit,5270606118993940,2021-12-01,99,YES,2,10500,2020-02-01,2020
279,Mastercard,Credit,5201739490879000,2022-03-01,620,NO,2,8500,2020-02-01,2020
1143,Mastercard,Debit,5313259691069760,2022-08-01,972,YES,2,21147,2020-02-01,2020
1841,Mastercard,Debit,5207003416805340,2020-07-01,717,YES,2,12461,2020-02-01,2020
1982,Mastercard,Debit,5979667204791660,2020-02-01,983,YES,2,24954,2020-02-01,2020
1850,Mastercard,Debit,5756191460540390,2022-07-01,627,YES,2,8653,2020-02-01,2020
516,Mastercard,Debit,5777389371749140,2024-07-01,168,YES,2,11740,2020-02-01,2020
620,Mastercard,Debit,5320405483471850,2021-05-01,18,YES,2,15927,2020-02-01,2020
1632,Mastercard,Debit,5694156503465820,2021-10-01,775,YES,2,2264,2020-02-01,2020
1132,Mastercard,Debit,5948144196319680,2021-07-01,785,YES,1,23399,2020-02-01,2020
1025,Mastercard,Debit,5948594944639660,2020-02-01,386,YES,1,13558,2020-02-01,2020
1274,Mastercard,Debit,5036985513287230,2024-10-01,867,YES,1,18019,2020-02-01,2020
548,Mastercard,Debit (Prepaid),5397077557835980,2020-02-01,796,YES,1,50,2020-02-01,2020
670,Mastercard,Debit (Prepaid),5035031873988650,2021-08-01,144,YES,2,57,2020-02-01,2020
1633,Mastercard,Debit (Prepaid),5081036961889400,2022-12-01,912,NO,2,78,2020-02-01,2020
1593,Mastercard,Debit,5846041795591660,2020-02-01,788,NO,2,13139,2020-02-01,2020
1333,Mastercard,Debit,5664344247149200,2021-11-01,184,YES,2,3565,2020-02-01,2020
574,Mastercard,Credit,5943886556523560,2021-09-01,437,YES,2,12500,2020-02-01,2020
574,Mastercard,Debit (Prepaid),5680672417239480,2020-02-01,195,YES,1,72,2020-02-01,2020
574,Mastercard,Credit,5544918910984270,2020-05-01,158,YES,1,8800,2020-02-01,2020
30,Mastercard,Debit,5683330455656290,2020-02-01,447,YES,2,8998,2020-02-01,2020
1042,Mastercard,Debit (Prepaid),5849992280196250,2024-11-01,858,YES,2,95,2020-02-01,2020
1550,Mastercard,Credit,5447265501719260,2021-11-01,636,NO,1,13700,2020-02-01,2020
315,Mastercard,Debit,5046535005565010,2023-03-01,821,YES,1,16218,2020-02-01,2020
836,Mastercard,Debit,5172517796855710,2020-02-01,817,NO,2,18261,2020-02-01,2020
1761,Mastercard,Debit,5990008776952530,2020-02-01,386,YES,2,1996,2020-02-01,2020
215,Mastercard,Debit,5532144053662490,2021-01-01,154,YES,2,19998,2020-02-01,2020
1316,Mastercard,Debit,5894488780147220,2020-02-01,182,YES,1,11557,2020-02-01,2020
333,Mastercard,Debit,5689212244021230,2022-08-01,924,YES,2,14304,2020-02-01,2020
1264,Mastercard,Debit,5482357093415070,2024-11-01,625,YES,1,14393,2020-02-01,2020
1099,Mastercard,Credit,5805568930094660,2023-06-01,887,YES,2,3500,2020-02-01,2020
6,Mastercard,Credit,5070662282651100,2020-02-01,516,YES,2,14600,2020-02-01,2020
1819,Mastercard,Debit,5674572566243610,2022-10-01,702,YES,2,15474,2020-02-01,2020
36,Mastercard,Debit,5402670262764800,2021-07-01,292,NO,2,8723,2020-02-01,2020
1708,Mastercard,Debit,5932803595236800,2024-12-01,567,YES,2,23397,2020-02-01,2020
271,Mastercard,Debit,5758903151118800,2021-12-01,876,NO,1,2105,2020-02-01,2020
517,Mastercard,Debit,5814657967124430,2021-09-01,53,YES,2,8002,2020-02-01,2020
495,Mastercard,Debit,5622967893451770,2022-10-01,227,YES,2,16747,2020-02-01,2020
166,Mastercard,Debit,5733441683735970,2020-02-01,667,YES,2,11039,2020-02-01,2020
167,Mastercard,Credit,5067574894573930,2023-09-01,755,YES,2,11400,2020-02-01,2020
853,Mastercard,Credit,5994692166168760,2020-03-01,708,YES,2,22800,2020-02-01,2020
769,Mastercard,Debit,5648870697869370,2020-02-01,686,YES,2,17633,2020-02-01,2020
958,Mastercard,Debit,5505033368140300,2023-10-01,281,YES,1,10742,2020-02-01,2020
262,Mastercard,Debit (Prepaid),5922455636977980,2021-09-01,516,YES,1,62,2020-02-01,2020
160,Mastercard,Debit,5043025719349380,2022-10-01,212,YES,2,12282,2020-02-01,2020
1329,Mastercard,Debit,5586967087960860,2023-07-01,920,NO,1,8651,2020-02-01,2020
833,Mastercard,Debit,5886331202952820,2023-04-01,569,YES,1,16986,2020-02-01,2020
208,Mastercard,Debit,5973418253600950,2023-05-01,54,YES,1,31164,2020-02-01,2020
1356,Mastercard,Debit (Prepaid),5019455882080710,2024-05-01,607,YES,2,57,2020-02-01,2020
1999,Mastercard,Debit,5245266215525840,2021-01-01,956,YES,1,14895,2020-02-01,2020
614,Mastercard,Debit,5173250188599460,2020-02-01,842,YES,1,12829,2020-02-01,2020
1545,Mastercard,Debit,5237713667538120,2020-02-01,674,YES,1,19294,2020-02-01,2020
537,Mastercard,Debit,5741088763813560,2020-02-01,480,YES,1,36967,2020-02-01,2020
537,Mastercard,Debit,5259808955370180,2020-02-01,147,YES,2,28458,2020-02-01,2020
628,Mastercard,Debit,5257083044708310,2024-02-01,600,YES,2,44912,2020-02-01,2020
111,Mastercard,Debit,5805865464891140,2020-02-01,145,YES,1,9061,2020-02-01,2020
312,Mastercard,Debit,5207403371427180,2020-05-01,462,YES,2,19613,2020-02-01,2020
174,Mastercard,Debit,5013028791214180,2023-04-01,910,YES,1,18748,2020-02-01,2020
174,Mastercard,Debit,5879193554887190,2020-10-01,924,YES,2,13733,2020-02-01,2020
174,Mastercard,Debit,5012988175512440,2021-12-01,188,YES,2,20623,2020-02-01,2020
1805,Mastercard,Credit,5145463747127180,2023-11-01,913,YES,1,8500,2020-02-01,2020
1278,Mastercard,Debit,5309146201291570,2020-02-01,566,YES,1,21099,2020-02-01,2020
588,Mastercard,Debit,5800888888822200,2020-02-01,80,YES,1,26265,2020-02-01,2020
192,Visa,Debit,4857799018106610,2021-07-01,930,YES,1,25499,2020-02-01,2020
192,Visa,Debit,4324062360619920,2020-02-01,358,YES,1,18641,2020-02-01,2020
1094,Visa,Credit,4508388296516450,2021-02-01,364,NO,2,7400,2020-02-01,2020
429,Visa,Debit,4668447208616690,2020-02-01,314,NO,2,4612,2020-02-01,2020
309,Visa,Credit,4800116569994470,2020-12-01,201,YES,1,5600,2020-02-01,2020
1689,Visa,Credit,4509365132510760,2020-03-01,281,NO,2,6600,2020-02-01,2020
54,Visa,Debit (Prepaid),4883222888293060,2020-09-01,2,YES,1,73,2020-02-01,2020
749,Visa,Debit,4360859456629850,2022-11-01,428,YES,3,11873,2020-02-01,2020
1493,Visa,Debit,4079516725179260,2023-04-01,72,YES,2,22701,2020-02-01,2020
713,Visa,Credit,4409545480052950,2024-11-01,528,YES,1,8400,2020-02-01,2020
1631,Visa,Credit,4450097042295690,2021-11-01,601,YES,1,23700,2020-02-01,2020
290,Visa,Debit,4052306795072860,2021-12-01,369,YES,2,31767,2020-02-01,2020
1866,Visa,Debit,4274334344737340,2024-12-01,174,YES,1,24390,2020-02-01,2020
800,Visa,Debit (Prepaid),4338828980282990,2021-12-01,148,YES,2,62,2020-02-01,2020
1159,Visa,Credit,4201957315957620,2023-01-01,619,YES,1,13200,2020-02-01,2020
1372,Visa,Credit,4806267788873520,2020-08-01,289,YES,2,5900,2020-02-01,2020
1799,Visa,Debit,4955481558570010,2024-03-01,397,YES,2,62081,2020-02-01,2020
1990,Visa,Credit,4862011857697370,2022-05-01,405,YES,1,9600,2020-02-01,2020
298,Visa,Debit,4858818886878480,2020-12-01,125,NO,1,16486,2020-02-01,2020
607,Visa,Credit,4588933671536300,2021-09-01,748,YES,2,8900,2020-02-01,2020
607,Visa,Credit,4729324689482420,2023-10-01,582,YES,2,7900,2020-02-01,2020
1199,Visa,Credit,4495252841912340,2023-04-01,938,YES,2,14000,2020-02-01,2020
1745,Visa,Debit,4420607109678460,2020-02-01,318,YES,2,24677,2020-02-01,2020
1745,Visa,Debit,4863290933542100,2020-02-01,80,YES,1,16520,2020-02-01,2020
1824,Visa,Debit,4378087486126490,2022-09-01,813,NO,2,22143,2020-02-01,2020
1824,Visa,Debit (Prepaid),4100715330943600,2023-03-01,975,YES,2,61,2020-02-01,2020
66,Visa,Debit,4491913667007050,2023-10-01,158,YES,1,16711,2020-02-01,2020
1377,Visa,Debit (Prepaid),4389249731393090,2020-02-01,950,YES,1,11,2020-02-01,2020
1804,Visa,Credit,4333566542239050,2020-02-01,211,NO,1,10200,2020-02-01,2020
1804,Visa,Debit,4970053603571610,2022-04-01,864,YES,2,2174,2020-02-01,2020
229,Visa,Debit,4492510144355970,2020-02-01,858,YES,1,52585,2020-02-01,2020
183,Visa,Debit,4215026986628620,2022-06-01,544,YES,2,10430,2020-02-01,2020
183,Visa,Credit,4194820728333900,2021-12-01,521,YES,1,9400,2020-02-01,2020
934,Visa,Credit,4159426139130540,2020-02-01,640,YES,2,0,2020-02-01,2020
934,Visa,Credit,4920574801884070,2021-11-01,378,NO,1,12300,2020-02-01,2020
1650,Visa,Credit,4794716774405770,2022-09-01,468,NO,2,15300,2020-02-01,2020
1613,Visa,Debit,4489235577455870,2020-07-01,557,YES,2,15747,2020-02-01,2020
326,Visa,Debit,4356308555060320,2021-12-01,452,YES,2,15569,2020-02-01,2020
1268,Visa,Debit,4674089067309580,2022-07-01,713,YES,1,10609,2020-02-01,2020
664,Visa,Credit,4411219685754970,2024-09-01,926,YES,2,2000,2020-02-01,2020
866,Visa,Debit,4403825163350980,2022-09-01,451,YES,2,9542,2020-02-01,2020
1206,Visa,Debit,4182923459647400,2020-02-01,603,YES,1,47359,2020-02-01,2020
1035,Visa,Debit (Prepaid),4477381812397470,2020-02-01,256,YES,2,60,2020-02-01,2020
936,Visa,Credit,4254671354232310,2022-06-01,566,YES,2,5400,2020-02-01,2020
23,Visa,Debit (Prepaid),4140588094739360,2020-02-01,914,YES,2,74,2020-02-01,2020
339,Visa,Debit,4728985692143250,2021-05-01,894,YES,2,13964,2020-02-01,2020
1353,Visa,Debit,4739129887814770,2024-12-01,840,YES,1,13635,2020-02-01,2020
1474,Visa,Debit,4559380028737070,2023-01-01,791,YES,1,33397,2020-02-01,2020
1450,Visa,Debit,4752300617048430,2021-09-01,511,YES,2,36976,2020-02-01,2020
224,Visa,Debit,4254478565698360,2020-02-01,642,YES,2,13547,2020-02-01,2020
270,Visa,Debit,4102843004395640,2022-07-01,452,YES,2,12257,2020-02-01,2020
694,Visa,Debit (Prepaid),4316296167662580,2023-04-01,621,YES,2,67,2020-02-01,2020
1833,Visa,Credit,4301058381185320,2023-03-01,147,YES,1,10100,2020-02-01,2020
1067,Visa,Debit,4937598275581330,2020-06-01,557,YES,1,21409,2020-02-01,2020
1160,Visa,Debit,4123194661733540,2020-06-01,64,YES,1,3149,2020-02-01,2020
659,Visa,Debit,4341345706839090,2023-04-01,273,YES,1,13162,2020-02-01,2020
841,Visa,Debit,4252420197645240,2021-08-01,661,YES,2,20182,2020-02-01,2020
599,Visa,Debit,4802532694603490,2021-03-01,868,YES,1,82677,2020-02-01,2020
1979,Visa,Credit,4461982939631750,2020-02-01,706,YES,1,19600,2020-02-01,2020
1253,Visa,Credit,4254314337252550,2022-05-01,597,NO,1,10600,2020-02-01,2020
310,Visa,Debit,4906910670363160,2020-12-01,443,YES,2,21990,2020-02-01,2020
673,Visa,Credit,4023269244492110,2024-06-01,413,YES,1,8700,2020-02-01,2020
1319,Visa,Debit,4576325893639020,2020-02-01,8,YES,2,27305,2020-02-01,2020
1580,Visa,Debit,4699690787956730,2023-05-01,5,NO,2,21741,2020-02-01,2020
1580,Visa,Debit,4748742930224050,2020-09-01,974,YES,1,1741,2020-02-01,2020
1570,Visa,Credit,4224965156816540,2024-02-01,389,NO,1,8700,2020-02-01,2020
1860,Visa,Debit,4786571889403860,2023-08-01,592,YES,2,28422,2020-02-01,2020
1860,Visa,Credit,4061205624693610,2020-02-01,148,YES,1,10100,2020-02-01,2020
786,Visa,Debit,4892181339731570,2022-07-01,846,YES,2,21032,2020-02-01,2020
1713,Visa,Debit,4798004786727360,2023-04-01,439,YES,1,19079,2020-02-01,2020
1506,Visa,Debit,4170284395296710,2021-02-01,886,YES,2,30000,2020-02-01,2020
950,Visa,Credit,4989332552056920,2020-04-01,250,YES,1,3000,2020-02-01,2020
1197,Visa,Debit,4320531705592790,2021-12-01,275,YES,2,4326,2020-02-01,2020
1197,Visa,Credit,4713354839986610,2023-05-01,290,YES,2,13600,2020-02-01,2020
1935,Visa,Debit,4172298033102500,2020-05-01,477,YES,1,17223,2020-02-01,2020
268,Visa,Debit,4772137298381080,2020-02-01,231,YES,2,14263,2020-02-01,2020
1494,Visa,Credit,4001128847479530,2020-02-01,545,YES,1,6300,2020-02-01,2020
1770,Visa,Debit,4026093953102400,2023-09-01,100,YES,2,10607,2020-02-01,2020
1592,Visa,Credit,4346868490904980,2020-11-01,171,YES,2,12700,2020-02-01,2020
1592,Visa,Debit (Prepaid),4656354454428690,2020-02-01,733,YES,2,76,2020-02-01,2020
1680,Visa,Credit,4041948266255610,2020-09-01,531,YES,2,11500,2020-02-01,2020
494,Visa,Debit,4578081011383130,2024-01-01,45,YES,1,29335,2020-02-01,2020
95,Visa,Debit,4184962720948420,2020-02-01,526,NO,1,28147,2020-02-01,2020
788,Visa,Debit,4771614681971760,2021-06-01,353,YES,2,27220,2020-02-01,2020
1232,Visa,Debit,4515472056993650,2020-06-01,464,YES,1,21752,2020-02-01,2020
1409,Visa,Debit,4157877736359760,2023-09-01,927,YES,2,16998,2020-02-01,2020
1601,Visa,Credit,4483016880530870,2021-05-01,825,NO,1,17100,2020-02-01,2020
927,Visa,Debit,4095066683929900,2024-02-01,892,NO,2,27618,2020-02-01,2020
179,Visa,Debit,4275777560156840,2022-05-01,497,YES,2,519,2020-02-01,2020
513,Visa,Credit,4667535072590500,2020-09-01,606,YES,1,8000,2020-02-01,2020
226,Visa,Debit,4250276478482510,2022-10-01,648,YES,1,39553,2020-02-01,2020
1446,Visa,Debit (Prepaid),4381421188201280,2022-06-01,539,YES,3,84,2020-02-01,2020
1216,Visa,Debit (Prepaid),4465883481384440,2024-08-01,709,YES,2,69,2020-02-01,2020
1216,Visa,Debit,4337391914435650,2023-04-01,598,YES,2,24759,2020-02-01,2020
975,Visa,Debit,4039295566770810,2021-05-01,214,YES,1,7225,2020-02-01,2020
109,Visa,Credit,4792943022971290,2020-11-01,451,NO,1,9300,2020-02-01,2020
1893,Visa,Credit,4650382070645840,2022-10-01,900,YES,2,7600,2020-02-01,2020
955,Visa,Credit,4732842191322140,2022-06-01,847,YES,2,1100,2020-02-01,2020
1768,Visa,Debit,4738058846626250,2020-02-01,717,YES,1,14149,2020-02-01,2020
1393,Visa,Credit,4468863439550660,2024-05-01,156,NO,2,10000,2020-02-01,2020
452,Visa,Debit,4957232481366750,2024-12-01,916,YES,1,21820,2020-02-01,2020
1157,Visa,Debit (Prepaid),4204541801800660,2020-12-01,998,YES,1,77,2020-02-01,2020
1795,Visa,Debit,4051778032991060,2020-08-01,369,YES,1,19250,2020-02-01,2020
1795,Visa,Debit (Prepaid),4659275859789140,2020-07-01,92,YES,2,96,2020-02-01,2020
1821,Visa,Credit,4137037054113510,2022-10-01,432,YES,1,12500,2020-02-01,2020
1620,Visa,Credit,4028392432751990,2024-12-01,448,YES,2,10600,2020-02-01,2020
1620,Visa,Debit,4963309602092580,2021-09-01,70,YES,2,13588,2020-02-01,2020
1043,Visa,Credit,4342101696313870,2020-02-01,355,YES,2,20800,2020-02-01,2020
1376,Visa,Credit,4161224797334570,2021-06-01,445,YES,2,4500,2020-02-01,2020
834,Visa,Credit,4254270802602100,2020-10-01,79,YES,1,7800,2020-02-01,2020
834,Visa,Debit,4369288282643440,2024-03-01,308,YES,2,6407,2020-02-01,2020
834,Visa,Debit (Prepaid),4345078758052750,2024-09-01,929,YES,1,91,2020-02-01,2020
834,Visa,Credit,4730938420487120,2020-02-01,613,YES,2,1200,2020-02-01,2020
1328,Visa,Debit,4130691040375170,2020-06-01,573,YES,1,37491,2020-02-01,2020
1878,Visa,Debit,4882085126810650,2020-02-01,635,YES,1,11029,2020-02-01,2020
1246,Visa,Credit,4503003404657980,2020-02-01,994,YES,1,6600,2020-02-01,2020
1292,Visa,Credit,4303693867822800,2024-04-01,55,YES,1,5900,2020-02-01,2020
245,Visa,Debit (Prepaid),4476065851945680,2020-07-01,36,NO,2,94,2020-02-01,2020
949,Visa,Debit,4406651851662470,2020-03-01,535,YES,1,20826,2020-02-01,2020
1136,Visa,Credit,4499074473589640,2023-01-01,333,YES,2,11500,2020-02-01,2020
653,Visa,Credit,4219659798225500,2021-06-01,560,YES,2,12900,2020-02-01,2020
1460,Visa,Debit,4536446657466640,2020-03-01,729,YES,1,3549,2020-02-01,2020
1436,Visa,Debit,4551396345815630,2021-10-01,834,YES,2,26599,2020-02-01,2020
324,Visa,Credit,4177846249033050,2024-08-01,974,YES,1,21400,2020-02-01,2020
1082,Visa,Debit,4556029140337810,2024-07-01,537,YES,2,1696,2020-02-01,2020
1502,Visa,Debit,4361413457601340,2020-09-01,932,NO,1,28471,2020-02-01,2020
1122,Visa,Debit,4998267438899180,2020-02-01,675,YES,1,45222,2020-02-01,2020
255,Visa,Debit,4795449431320480,2020-08-01,55,YES,2,16783,2020-02-01,2020
765,Visa,Debit,4401985504522490,2023-10-01,745,YES,2,13524,2020-02-01,2020
765,Visa,Credit,4070730691570550,2021-04-01,834,YES,2,15000,2020-02-01,2020
76,Visa,Debit,4684387276535730,2024-08-01,268,YES,2,6513,2020-02-01,2020
249,Visa,Debit (Prepaid),4728580889162670,2020-02-01,997,YES,2,87,2020-02-01,2020
1119,Visa,Debit,4573378734803800,2022-06-01,261,YES,1,22768,2020-02-01,2020
1119,Visa,Credit,4460007278587500,2021-01-01,225,NO,1,3000,2020-02-01,2020
341,Visa,Debit,4531149590903510,2020-08-01,97,YES,1,37941,2020-02-01,2020
1647,Visa,Debit,4041750526955030,2022-06-01,408,NO,2,20751,2020-02-01,2020
1374,Visa,Debit,4641287909590410,2020-09-01,819,YES,1,14993,2020-02-01,2020
1855,Visa,Credit,4746650219933870,2022-09-01,32,YES,2,17100,2020-02-01,2020
867,Visa,Debit,4954234286771970,2022-09-01,1,YES,2,16736,2020-02-01,2020
1101,Visa,Credit,4591328314306370,2020-11-01,252,YES,1,8500,2020-02-01,2020
725,Visa,Debit,4736166071228960,2020-10-01,535,YES,1,17382,2020-02-01,2020
725,Visa,Debit,4043193069414730,2021-09-01,859,NO,1,19483,2020-02-01,2020
1271,Visa,Credit,4261459508856280,2024-03-01,100,NO,1,10900,2020-02-01,2020
1358,Visa,Debit,4260770454530840,2023-10-01,303,YES,1,26394,2020-02-01,2020
764,Visa,Credit,4066658055142800,2022-01-01,743,YES,1,4400,2020-02-01,2020
1336,Visa,Credit,4222289017221450,2020-02-01,875,YES,2,15000,2020-02-01,2020
558,Visa,Debit,4313544946550440,2024-07-01,107,YES,1,8980,2020-02-01,2020
424,Visa,Credit,4389517849777060,2021-05-01,53,YES,1,11100,2020-02-01,2020
1870,Visa,Debit,4680529603481900,2020-02-01,619,YES,1,39850,2020-02-01,2020
1933,Visa,Debit,4146946026841280,2020-02-01,69,YES,2,2094,2020-02-01,2020
572,Visa,Debit (Prepaid),4867647786729300,2020-02-01,504,YES,2,54,2020-02-01,2020
1960,Visa,Debit (Prepaid),4424096582531660,2021-04-01,325,NO,2,69,2020-02-01,2020
969,Visa,Debit,4728777894194120,2020-12-01,480,YES,2,13478,2020-02-01,2020
374,Visa,Debit,4202710228630180,2023-10-01,579,YES,1,12446,2020-02-01,2020
727,Visa,Credit,4751378907766310,2024-04-01,254,YES,2,6700,2020-02-01,2020
944,Visa,Debit,4313972060102090,2024-11-01,601,YES,1,52717,2020-02-01,2020
1018,Visa,Debit,4564887957887150,2023-01-01,17,YES,1,13609,2020-02-01,2020
1965,Visa,Credit,4092157051011100,2020-02-01,223,YES,2,11200,2020-02-01,2020
79,Visa,Debit,4636375740619750,2022-09-01,747,YES,1,23083,2020-02-01,2020
596,Visa,Credit,4520440445748140,2022-01-01,108,NO,1,7200,2020-02-01,2020
1607,Visa,Credit,4620214760209900,2022-10-01,406,YES,1,20700,2020-02-01,2020
402,Visa,Debit,4946571800021790,2023-04-01,686,NO,1,20709,2020-02-01,2020
383,Visa,Debit,4448354145874780,2020-02-01,333,YES,1,10367,2020-02-01,2020
893,Visa,Debit,4039007832059770,2022-04-01,99,YES,1,17499,2020-02-01,2020
594,Visa,Credit,4715212743807290,2021-02-01,636,YES,1,3500,2020-02-01,2020
594,Visa,Debit,4785940182637900,2020-03-01,305,YES,1,14793,2020-02-01,2020
197,Visa,Debit (Prepaid),4897762471214010,2024-06-01,599,YES,2,53,2020-02-01,2020
197,Visa,Credit,4021220662934810,2020-02-01,943,YES,2,8000,2020-02-01,2020
501,Visa,Debit,4033834745437540,2020-02-01,326,YES,1,11779,2020-02-01,2020
622,Visa,Debit (Prepaid),4786118873835530,2020-02-01,119,YES,1,126,2020-02-01,2020
444,Visa,Debit (Prepaid),4897531644645190,2020-08-01,326,YES,1,80,2020-02-01,2020
418,Visa,Credit,4474089244704700,2020-02-01,228,YES,1,11100,2020-02-01,2020
1454,Visa,Credit,4268635785571600,2021-01-01,36,YES,2,12400,2020-02-01,2020
1036,Visa,Debit,4732750497887750,2021-08-01,29,YES,2,7330,2020-02-01,2020
389,Visa,Debit,4898395876038300,2021-07-01,574,YES,1,18699,2020-02-01,2020
1949,Visa,Debit (Prepaid),4739715375933690,2021-08-01,229,YES,1,38,2020-02-01,2020
1437,Visa,Debit,4854757670875220,2020-02-01,239,YES,2,30404,2020-02-01,2020
1252,Visa,Debit (Prepaid),4725811445977510,2020-08-01,276,YES,2,29,2020-02-01,2020
413,Visa,Credit,4775884194235980,2020-02-01,411,YES,2,16900,2020-02-01,2020
269,Visa,Debit (Prepaid),4119373610006560,2021-04-01,374,YES,1,55,2020-02-01,2020
903,Visa,Debit,4396300530343290,2023-08-01,768,YES,2,5222,2020-02-01,2020
903,Visa,Debit,4316804623436510,2022-07-01,145,YES,1,14897,2020-02-01,2020
531,Visa,Credit,4969893593143810,2022-10-01,58,YES,1,9600,2020-02-01,2020
279,Visa,Debit,4390973591646080,2020-02-01,260,YES,2,29078,2020-02-01,2020
1841,Visa,Credit,4076004030170550,2024-01-01,180,NO,2,11300,2020-02-01,2020
235,Visa,Debit,4943014295329210,2024-06-01,641,YES,1,23069,2020-02-01,2020
1808,Visa,Credit,4719950506919430,2021-06-01,185,YES,2,4100,2020-02-01,2020
1716,Visa,Credit,4031363218390310,2021-07-01,632,YES,1,8400,2020-02-01,2020
1632,Visa,Debit (Prepaid),4273210469600810,2022-02-01,536,YES,1,58,2020-02-01,2020
1556,Visa,Credit,4965321363827910,2021-03-01,413,YES,2,15300,2020-02-01,2020
1025,Visa,Debit,4471238909033230,2022-02-01,368,YES,2,11237,2020-02-01,2020
344,Visa,Debit,4241836475964920,2022-12-01,229,YES,2,1663,2020-02-01,2020
1189,Visa,Credit,4745341098877380,2023-10-01,273,YES,2,11800,2020-02-01,2020
1254,Visa,Debit,4086661906008900,2022-11-01,113,NO,2,20674,2020-02-01,2020
1118,Visa,Debit,4554382114845490,2020-06-01,561,YES,1,66287,2020-02-01,2020
548,Visa,Credit,4153185047549330,2021-08-01,585,YES,3,7800,2020-02-01,2020
1593,Visa,Credit,4063394095029280,2023-03-01,599,YES,1,8900,2020-02-01,2020
720,Visa,Credit,4340313779939280,2024-04-01,147,YES,2,2000,2020-02-01,2020
1126,Visa,Debit,4224143942174850,2022-03-01,4,YES,1,20318,2020-02-01,2020
1490,Visa,Debit,4585531601433100,2020-02-01,364,NO,1,15742,2020-02-01,2020
1366,Visa,Debit,4419528709052000,2022-09-01,578,YES,2,8829,2020-02-01,2020
1827,Visa,Debit,4807723891729120,2022-08-01,174,YES,1,23156,2020-02-01,2020
1410,Visa,Debit,4792996181300900,2022-01-01,998,YES,2,7846,2020-02-01,2020
1690,Visa,Debit,4693555328780530,2022-05-01,281,YES,2,14495,2020-02-01,2020
1162,Visa,Debit,4716305740813490,2022-06-01,984,YES,1,15695,2020-02-01,2020
1761,Visa,Credit,4717288923637330,2020-02-01,818,YES,1,12200,2020-02-01,2020
1316,Visa,Debit,4930615029109800,2024-01-01,514,YES,2,11983,2020-02-01,2020
493,Visa,Debit,4097047880363970,2024-10-01,652,YES,2,9241,2020-02-01,2020
289,Visa,Credit,4570269578447080,2024-02-01,74,YES,2,5000,2020-02-01,2020
18,Visa,Debit (Prepaid),4940092514148140,2024-01-01,337,YES,2,62,2020-02-01,2020
1320,Visa,Debit,4417317940986630,2022-04-01,598,NO,1,10693,2020-02-01,2020
1275,Visa,Debit,4749157487981210,2024-10-01,568,YES,1,10800,2020-02-01,2020
1418,Visa,Credit,4402488714330100,2021-11-01,627,YES,1,9100,2020-02-01,2020
1819,Visa,Debit,4086123102379520,2024-04-01,744,YES,1,9238,2020-02-01,2020
687,Visa,Debit,4418732012686610,2020-02-01,79,YES,2,19446,2020-02-01,2020
136,Visa,Debit,4270247503047580,2023-08-01,977,NO,1,24605,2020-02-01,2020
136,Visa,Debit,4451428446253890,2023-01-01,354,YES,2,20780,2020-02-01,2020
1743,Visa,Debit,4706273875998300,2021-02-01,662,NO,2,15234,2020-02-01,2020
781,Visa,Debit,4441537373999680,2020-02-01,193,YES,2,3356,2020-02-01,2020
1107,Visa,Debit,4779897441663920,2023-07-01,172,YES,1,11281,2020-02-01,2020
1365,Visa,Credit,4868636850065870,2023-04-01,143,YES,2,7500,2020-02-01,2020
1496,Visa,Debit,4414714260971090,2021-09-01,462,YES,1,29065,2020-02-01,2020
1624,Visa,Credit,4562385865984510,2023-06-01,2,YES,1,12600,2020-02-01,2020
738,Visa,Debit,4554612997314660,2020-10-01,551,YES,1,42253,2020-02-01,2020
1375,Visa,Credit,4750738672953670,2022-03-01,97,YES,1,19800,2020-02-01,2020
459,Visa,Debit,4702909631016690,2024-08-01,296,YES,1,13496,2020-02-01,2020
262,Visa,Debit,4258875940264450,2022-04-01,889,NO,1,9765,2020-02-01,2020
1999,Visa,Credit,4605955992344250,2022-11-01,710,YES,2,7100,2020-02-01,2020
331,Visa,Credit,4353130198173890,2024-03-01,851,YES,2,6300,2020-02-01,2020
1354,Visa,Debit,4433713978036650,2020-02-01,989,YES,2,16452,2020-02-01,2020
1773,Visa,Debit (Prepaid),4936140686570270,2024-03-01,506,YES,2,82,2020-02-01,2020
1339,Visa,Credit,4990026739935400,2022-09-01,28,YES,1,16700,2020-02-01,2020
971,Visa,Debit,4014221108776880,2020-03-01,718,YES,2,10971,2020-02-01,2020
1627,Visa,Debit,4340019142427230,2021-10-01,130,YES,2,10099,2020-02-01,2020
1735,Visa,Credit,4865108019055520,2021-07-01,237,YES,1,15100,2020-02-01,2020
378,Visa,Debit (Prepaid),4463555557160790,2020-12-01,748,NO,3,61,2020-02-01,2020
1263,Mastercard,Debit,5071178142278660,2021-01-01,738,YES,2,9094,1993-03-01,2011
1774,Discover,Credit,6974497425701260,2020-12-01,192,YES,1,8400,1997-03-01,2013
318,Mastercard,Debit,5737016502815460,1997-07-01,601,NO,1,713,1997-03-01,2008
1004,Visa,Debit,4479806423403350,2024-01-01,246,YES,1,14366,1997-03-01,2008
1259,Visa,Debit,4606036624560530,2022-07-01,40,YES,1,78790,1997-03-01,2011
735,Visa,Credit,4914564671433880,2010-03-01,700,YES,1,15700,1997-03-01,2013
1996,Visa,Debit,4378499154074850,2004-09-01,181,YES,2,24459,1997-03-01,2009
1276,Mastercard,Credit,5730775331108600,2024-04-01,910,YES,1,19000,1998-03-01,2016
582,Mastercard,Debit,5706945213874110,2009-02-01,808,YES,1,9044,1999-03-01,2013
40,Mastercard,Debit,5488342944613900,2011-03-01,880,YES,2,142,1999-03-01,2014
398,Visa,Debit,4583760469208750,2021-08-01,812,YES,2,21264,1999-03-01,2009
759,Visa,Credit,4417109828447300,2002-05-01,812,YES,2,15500,1999-03-01,2013
1880,Mastercard,Debit,5456915066505060,2021-12-01,553,NO,1,14719,2000-03-01,2008
1063,Visa,Debit,4272145779221850,2022-12-01,960,YES,2,15265,2000-03-01,2009
1588,Visa,Credit,4354340819623200,2024-04-01,195,YES,2,14300,2000-03-01,2009
1237,Amex,Credit,304727353948890,2022-07-01,930,YES,1,8400,2001-03-01,2014
502,Discover,Credit,6910816000642920,2020-03-01,845,YES,2,7900,2001-03-01,2004
379,Mastercard,Debit,5910929635230860,2020-02-01,525,YES,1,21628,2001-03-01,2008
520,Mastercard,Debit,5905896056968970,2022-05-01,924,YES,1,34278,2001-03-01,2010
1153,Mastercard,Debit (Prepaid),5026167712266470,2024-09-01,271,YES,2,64,2001-03-01,2006
592,Mastercard,Debit,5247279086681070,2024-04-01,220,YES,2,3117,2001-03-01,2006
125,Mastercard,Debit,5228524583663220,2023-06-01,720,YES,2,1326,2001-03-01,2011
487,Mastercard,Debit,5514653687166060,2024-08-01,70,YES,1,28790,2001-03-01,2009
542,Mastercard,Credit,5941275556386090,2024-03-01,128,YES,1,5500,2001-03-01,2010
1305,Mastercard,Debit,5735388999396190,2022-07-01,260,YES,1,18118,2001-03-01,2007
395,Visa,Credit,4851388792432580,2024-02-01,137,YES,2,16400,2001-03-01,2011
939,Visa,Credit,4139421068502750,2017-12-01,782,YES,1,9000,2001-03-01,2009
1718,Mastercard,Debit,5804499644308590,2023-07-01,258,NO,2,27480,2002-03-01,2008
1941,Mastercard,Debit,5183385831950700,2013-08-01,886,YES,2,22248,2002-03-01,2015
901,Mastercard,Debit (Prepaid),5050054589241380,2007-09-01,783,YES,1,69,2002-03-01,2012
951,Mastercard,Debit (Prepaid),5978230791001460,2017-08-01,310,YES,1,80,2002-03-01,2008
1843,Mastercard,Credit,5937483494199250,2020-09-01,651,YES,1,13200,2002-03-01,2018
122,Mastercard,Debit,5654495599077090,2021-10-01,407,YES,3,15774,2002-03-01,2007
1815,Mastercard,Debit,5159691137023050,2024-01-01,232,YES,2,3099,2002-03-01,2012
1105,Mastercard,Debit,5772409732789350,2020-04-01,218,YES,2,9027,2002-03-01,2015
1785,Mastercard,Debit,5176036831889980,2020-11-01,119,YES,1,4701,2002-03-01,2017
316,Visa,Credit,4331814593567420,2023-01-01,448,YES,2,10500,2002-03-01,2010
39,Visa,Credit,4877727463431060,2023-01-01,537,YES,2,16900,2002-03-01,2007
598,Visa,Debit,4706797634213660,2023-04-01,754,YES,2,19103,2002-03-01,2011
1923,Discover,Credit,6416258939868690,2022-05-01,101,NO,1,11400,2003-03-01,2014
1147,Mastercard,Debit,5065968170690020,2021-10-01,724,NO,2,18050,2003-03-01,2010
1591,Mastercard,Debit,5702444920277810,2021-08-01,137,YES,1,12358,2003-03-01,2003
1074,Mastercard,Credit,5291527325386650,2022-07-01,396,YES,2,4800,2003-03-01,2011
1259,Mastercard,Debit,5932390608727770,2014-04-01,612,YES,1,98334,2003-03-01,2007
1566,Mastercard,Debit,5779974407665980,2023-01-01,527,YES,2,16050,2003-03-01,2006
940,Mastercard,Debit,5065594473717170,2020-01-01,573,NO,2,12607,2003-03-01,2015
1048,Mastercard,Credit,5923018656297640,2020-08-01,116,YES,2,12500,2003-03-01,2003
1104,Visa,Debit,4860568003530350,2005-06-01,137,YES,1,14383,2003-03-01,2011
491,Visa,Credit,4307361097049950,2021-08-01,775,YES,2,8000,2003-03-01,2008
642,Visa,Debit,4324205574305220,2022-10-01,92,YES,2,13434,2003-03-01,2003
234,Visa,Debit,4081263773546450,2023-07-01,64,YES,1,4750,2003-03-01,2011
1367,Visa,Debit,4422286262403260,2024-05-01,81,YES,2,17405,2003-03-01,2003
1563,Visa,Debit,4793063304202940,2023-10-01,29,YES,1,9290,2003-03-01,2009
845,Mastercard,Debit,5032880040092410,2024-06-01,626,YES,1,11203,2004-03-01,2008
1591,Mastercard,Debit (Prepaid),5929148675838810,2021-04-01,955,YES,1,113,2004-03-01,2008
1414,Mastercard,Debit (Prepaid),5376758306260430,2011-04-01,26,YES,1,56,2004-03-01,2008
1719,Mastercard,Debit,5034070490953220,2022-03-01,285,YES,2,24775,2004-03-01,2010
630,Mastercard,Debit,5772590166573650,2020-07-01,370,YES,1,7546,2004-03-01,2010
506,Mastercard,Debit,5123064836240620,2023-03-01,51,YES,1,202,2004-03-01,2013
680,Mastercard,Debit,5508553199519080,2019-03-01,196,YES,2,16347,2004-03-01,2010
69,Mastercard,Debit,5859732793534490,2023-06-01,348,YES,2,24425,2004-03-01,2006
216,Mastercard,Debit,5099980998946050,2024-02-01,142,YES,1,18729,2004-03-01,2011
1154,Mastercard,Debit,5896338139736320,2022-05-01,578,YES,1,6257,2004-03-01,2014
1247,Mastercard,Debit,5287003468674170,2022-10-01,799,NO,2,13095,2004-03-01,2018
1766,Mastercard,Debit,5960254965868030,2024-06-01,91,YES,1,5141,2004-03-01,2012
1189,Mastercard,Debit,5721768564866900,2024-10-01,877,YES,2,1633,2004-03-01,2011
638,Mastercard,Debit,5648059407570220,2021-03-01,353,YES,2,21253,2004-03-01,2011
779,Mastercard,Credit,5333842700329560,2018-04-01,191,YES,2,14200,2004-03-01,2010
1371,Visa,Credit,4007064696917940,2022-11-01,478,YES,1,17300,2004-03-01,2007
1495,Visa,Credit,4455799501123940,2007-05-01,651,YES,1,3100,2004-03-01,2011
623,Visa,Debit,4227288222945150,2024-09-01,212,YES,2,9146,2004-03-01,2012
692,Visa,Debit,4160987980022080,2012-10-01,11,YES,2,18979,2004-03-01,2008
1430,Visa,Credit,4243024246722810,2022-01-01,583,YES,1,9100,2004-03-01,2010
1972,Amex,Credit,382031359848619,2012-08-01,412,NO,2,6000,2005-03-01,2013
14,Amex,Credit,336131482851954,2022-12-01,979,YES,2,14100,2005-03-01,2008
1414,Discover,Credit,6669631772050770,2012-03-01,182,YES,2,10600,2005-03-01,2008
1874,Mastercard,Debit,5401948301255030,2022-12-01,920,YES,2,20634,2005-03-01,2007
811,Mastercard,Debit,5246337038556760,2021-06-01,638,YES,2,30971,2005-03-01,2020
16,Mastercard,Debit (Prepaid),5151149006132570,2020-05-01,636,NO,2,22,2005-03-01,2011
871,Mastercard,Debit,5672870607977280,2023-11-01,952,YES,2,8052,2005-03-01,2012
871,Mastercard,Credit,5025018096886540,2024-07-01,783,YES,1,8600,2005-03-01,2007
840,Mastercard,Debit,5664895156333060,2020-07-01,500,YES,1,43169,2005-03-01,2012
247,Mastercard,Debit,5584580666180380,2006-12-01,331,YES,1,21922,2005-03-01,2011
357,Mastercard,Debit,5565610768898340,2024-07-01,214,YES,1,29170,2005-03-01,2006
1016,Mastercard,Debit,5573795199148990,2019-12-01,547,YES,2,350,2005-03-01,2011
59,Mastercard,Debit,5273002914346430,2020-03-01,208,YES,2,12210,2005-03-01,2009
190,Mastercard,Debit,5442893744984240,2019-06-01,926,YES,2,29471,2005-03-01,2011
1349,Mastercard,Debit,5370680073384830,2019-07-01,639,NO,2,4139,2005-03-01,2008
1461,Mastercard,Debit,5728689238652200,2024-10-01,532,YES,2,14480,2005-03-01,2009
526,Mastercard,Debit,5507762507273350,2022-01-01,170,YES,1,23652,2005-03-01,2014
1237,Mastercard,Debit (Prepaid),5295399317930830,2015-12-01,543,YES,2,51,2005-03-01,2007
646,Mastercard,Credit,5417194878972790,2021-04-01,638,YES,2,14500,2005-03-01,2019
614,Mastercard,Debit,5303628231225880,2022-09-01,849,YES,1,26467,2005-03-01,2007
1212,Mastercard,Debit,5127787392899920,2021-06-01,895,YES,2,13746,2005-03-01,2007
11,Visa,Debit (Prepaid),4800041020887830,2020-06-01,59,YES,2,30,2005-03-01,2014
563,Visa,Debit,4483872607052920,2009-03-01,224,YES,2,17323,2005-03-01,2011
454,Visa,Debit,4750958043493030,2024-12-01,269,YES,1,30162,2005-03-01,2010
1495,Visa,Credit,4763707007052280,2020-04-01,329,NO,2,14300,2005-03-01,2012
1526,Visa,Debit,4643281848838060,2021-02-01,413,YES,1,12299,2005-03-01,2007
1434,Visa,Debit,4683529333850680,2023-01-01,987,YES,2,27776,2005-03-01,2009
1557,Amex,Credit,323245493552532,2024-01-01,133,YES,1,19000,2006-03-01,2011
382,Discover,Credit,6773009361532100,2024-06-01,38,YES,1,8800,2006-03-01,2008
200,Discover,Credit,6988770500713540,2007-04-01,936,YES,2,14600,2006-03-01,2014
649,Discover,Credit,6267383831462520,2012-12-01,640,YES,1,0,2006-03-01,2008
1874,Mastercard,Debit,5571104183564020,2024-05-01,52,YES,2,25264,2006-03-01,2020
1877,Mastercard,Debit,5260255791659840,2024-05-01,428,YES,2,6940,2006-03-01,2009
1981,Mastercard,Debit,5550999995379530,2020-07-01,980,YES,2,13595,2006-03-01,2010
13,Mastercard,Credit,5506489220180450,2022-12-01,413,YES,1,10400,2006-03-01,2015
866,Mastercard,Debit,5036617487964940,2024-11-01,765,YES,2,7272,2006-03-01,2016
767,Mastercard,Debit,5753826788441340,2017-10-01,195,YES,2,13209,2006-03-01,2012
1575,Mastercard,Debit,5700169734076820,2011-05-01,638,YES,1,18138,2006-03-01,2008
1915,Mastercard,Debit,5409845888265720,2023-10-01,832,YES,2,11568,2006-03-01,2008
1809,Mastercard,Debit,5267464048631430,2020-04-01,482,YES,1,10683,2006-03-01,2009
637,Mastercard,Debit,5861641374361780,2019-10-01,253,YES,2,41057,2006-03-01,2010
1942,Mastercard,Debit (Prepaid),5543220640561240,2021-09-01,154,YES,2,81,2006-03-01,2018
442,Mastercard,Debit,5595793068662520,2019-12-01,821,NO,1,31307,2006-03-01,2010
1764,Mastercard,Credit,5099657480091690,2021-05-01,249,YES,1,8900,2006-03-01,2011
1895,Mastercard,Debit,5267518025716840,2022-01-01,292,YES,2,2042,2006-03-01,2013
125,Mastercard,Credit,5824671780662840,2022-05-01,554,YES,1,5500,2006-03-01,2012
483,Mastercard,Credit,5040568504566030,2024-04-01,96,YES,2,13100,2006-03-01,2009
1138,Mastercard,Debit (Prepaid),5579265768450760,2020-02-01,223,YES,2,51,2006-03-01,2011
894,Mastercard,Credit,5835067819727200,2020-12-01,381,YES,1,8200,2006-03-01,2014
106,Mastercard,Credit,5416237939291680,2022-06-01,790,YES,2,9100,2006-03-01,2011
789,Mastercard,Debit,5733951015747880,2021-08-01,629,NO,1,25206,2006-03-01,2018
1962,Mastercard,Debit,5322921857948890,2022-03-01,534,YES,2,19789,2006-03-01,2010
1905,Visa,Credit,4646061658785920,2015-02-01,856,YES,1,6700,2006-03-01,2012
595,Visa,Debit,4345682874994560,2020-02-01,331,YES,1,12009,2006-03-01,2009
1917,Visa,Debit,4592739942111810,2021-03-01,512,YES,2,20428,2006-03-01,2009
623,Visa,Debit,4699958965879610,2023-09-01,792,YES,2,31917,2006-03-01,2009
1517,Visa,Debit (Prepaid),4203776062748200,2022-03-01,193,YES,2,18,2006-03-01,2013
1175,Visa,Credit,4909834750137600,2023-04-01,264,NO,1,5100,2006-03-01,2006
655,Visa,Debit,4304623994462590,2023-09-01,750,YES,2,9285,2006-03-01,2011
122,Visa,Credit,4982421757560620,2023-10-01,669,YES,2,8800,2006-03-01,2015
323,Visa,Debit,4305298887064770,2016-05-01,895,NO,1,7003,2006-03-01,2012
213,Amex,Credit,343322895436234,2024-02-01,863,YES,2,20400,2007-03-01,2010
247,Discover,Credit,6973723422438310,2023-11-01,526,NO,2,10200,2007-03-01,2010
1603,Discover,Credit,6439934247827370,2012-03-01,549,NO,1,11200,2007-03-01,2007
986,Discover,Credit,6537516721853180,2023-02-01,573,NO,1,18300,2007-03-01,2013
1684,Mastercard,Debit (Prepaid),5955075527372950,2021-05-01,513,YES,1,46,2007-03-01,2012
891,Mastercard,Debit,5713930994921000,2023-10-01,41,YES,1,16986,2007-03-01,2010
447,Mastercard,Debit,5345290500556930,2021-12-01,888,YES,2,17980,2007-03-01,2007
207,Mastercard,Debit (Prepaid),5657038959779900,2015-12-01,742,YES,2,9,2007-03-01,2015
148,Mastercard,Debit,5286304797515160,2019-12-01,871,YES,1,14054,2007-03-01,2015
1362,Mastercard,Debit,5566695688917040,2017-03-01,309,NO,2,29708,2007-03-01,2009
1858,Mastercard,Credit,5990870436342590,2022-12-01,373,YES,2,8200,2007-03-01,2010
240,Mastercard,Debit,5555919926157130,2020-02-01,725,YES,1,17667,2007-03-01,2011
914,Mastercard,Credit,5010223259259250,2022-07-01,664,YES,1,11700,2007-03-01,2012
810,Mastercard,Debit,5991613423087630,2020-02-01,498,YES,1,15620,2007-03-01,2010
107,Mastercard,Credit,5527178999283010,2007-09-01,561,YES,1,5500,2007-03-01,2015
435,Mastercard,Debit,5329257764930740,2021-03-01,359,YES,2,4898,2007-03-01,2015
1923,Mastercard,Debit,5276877021810790,2014-05-01,149,YES,2,12653,2007-03-01,2012
1785,Mastercard,Debit,5456509634452100,2012-08-01,557,YES,2,6360,2007-03-01,2016
1758,Visa,Debit,4631099146168680,2018-12-01,597,YES,1,13725,2007-03-01,2014
514,Visa,Debit,4170396856656250,2020-03-01,831,YES,2,11473,2007-03-01,2008
285,Visa,Debit,4141516913053060,2020-05-01,962,YES,1,20723,2007-03-01,2013
3,Visa,Debit (Prepaid),4642421771052120,2022-01-01,909,YES,1,65,2007-03-01,2010
1901,Visa,Debit (Prepaid),4693399280462580,2023-07-01,216,YES,2,59,2007-03-01,2015
1167,Visa,Debit,4341601262077050,2022-01-01,511,YES,2,19070,2007-03-01,2007
1998,Visa,Debit (Prepaid),4969817527377030,2022-11-01,756,YES,1,110,2007-03-01,2007
1988,Visa,Debit,4169838718882750,2021-05-01,899,YES,1,57294,2007-03-01,2010
991,Visa,Credit,4345940645469620,2007-08-01,391,YES,1,3100,2007-03-01,2008
1940,Visa,Credit,4597650893698240,2020-02-01,245,YES,2,5700,2007-03-01,2010
14,Visa,Debit,4610833826779550,2018-04-01,523,YES,2,3899,2007-03-01,2008
1811,Visa,Debit (Prepaid),4065795089404700,2023-08-01,765,NO,1,68,2007-03-01,2007
1648,Visa,Debit,4721815072237150,2021-06-01,106,YES,2,97352,2007-03-01,2019
223,Amex,Credit,300717031458937,2009-09-01,194,YES,1,5800,2008-03-01,2008
704,Amex,Credit,364780102699868,2022-12-01,611,YES,1,22800,2008-03-01,2008
976,Discover,Credit,6574776064588950,2022-06-01,509,YES,2,14700,2008-03-01,2019
1579,Discover,Credit,6789723556516100,2020-09-01,817,YES,1,8200,2008-03-01,2014
1492,Mastercard,Debit (Prepaid),5335984658439100,2022-11-01,320,YES,1,18,2008-03-01,2010
1782,Mastercard,Debit,5305462513282840,2014-06-01,605,YES,2,23475,2008-03-01,2011
663,Mastercard,Debit (Prepaid),5651451840802350,2009-04-01,851,NO,2,45,2008-03-01,2009
906,Mastercard,Debit (Prepaid),5459775781589170,2012-02-01,293,YES,2,68,2008-03-01,2012
918,Mastercard,Debit,5511261715732870,2015-02-01,356,YES,1,10843,2008-03-01,2009
346,Mastercard,Debit,5594299457198900,2023-10-01,782,YES,2,2883,2008-03-01,2015
421,Mastercard,Credit,5973458794875600,2023-09-01,685,YES,1,10600,2008-03-01,2016
1340,Mastercard,Debit (Prepaid),5260555273059320,2020-08-01,729,YES,2,36,2008-03-01,2018
247,Mastercard,Credit,5765975770169360,2021-02-01,740,YES,1,16700,2008-03-01,2008
1973,Mastercard,Debit,5905311924160310,2020-08-01,400,YES,1,25253,2008-03-01,2008
758,Mastercard,Debit,5399696839533550,2020-05-01,371,YES,2,5553,2008-03-01,2015
1376,Mastercard,Credit,5822242274317970,2023-10-01,304,YES,2,13100,2008-03-01,2015
1106,Mastercard,Debit,5807306830246690,2023-08-01,218,YES,1,10462,2008-03-01,2015
1360,Mastercard,Debit,5823085266965020,2021-10-01,876,YES,2,12367,2008-03-01,2008
1006,Mastercard,Debit,5768034144342990,2024-09-01,339,YES,2,14814,2008-03-01,2008
479,Mastercard,Credit,5692954458453300,2021-09-01,528,YES,1,16600,2008-03-01,2014
1345,Mastercard,Debit,5401027644157320,2021-09-01,636,YES,1,2267,2008-03-01,2014
1604,Mastercard,Debit,5187136842441550,2020-07-01,264,YES,2,13016,2008-03-01,2008
1330,Mastercard,Debit,5075163198448760,2022-10-01,30,YES,2,32557,2008-03-01,2008
1756,Mastercard,Credit,5253258810503860,2024-01-01,847,YES,1,19100,2008-03-01,2009
126,Mastercard,Debit,5486956731385310,2013-11-01,963,YES,1,13823,2008-03-01,2011
879,Mastercard,Credit,5674236311971700,2024-03-01,955,YES,1,5100,2008-03-01,2015
1338,Mastercard,Debit,5507680552446400,2020-09-01,227,YES,1,20479,2008-03-01,2008
1338,Mastercard,Debit (Prepaid),5147068410331390,2011-09-01,725,YES,1,100,2008-03-01,2011
1140,Mastercard,Debit (Prepaid),5967896787942490,2024-08-01,949,YES,1,61,2008-03-01,2010
1472,Mastercard,Credit,5653902794655710,2011-02-01,81,YES,2,10400,2008-03-01,2008
218,Mastercard,Debit,5932064740893460,2023-01-01,263,NO,1,18689,2008-03-01,2009
133,Mastercard,Debit,5241330528442150,2022-07-01,436,YES,1,24508,2008-03-01,2009
591,Mastercard,Debit,5247895172758070,2023-03-01,818,NO,1,10442,2008-03-01,2016
1014,Visa,Credit,4081474027835140,2015-07-01,45,YES,1,43900,2008-03-01,2013
961,Visa,Debit,4575519144263670,2021-08-01,618,YES,2,23094,2008-03-01,2011
961,Visa,Debit,4306238627611070,2020-10-01,588,YES,2,32761,2008-03-01,2008
1208,Visa,Debit,4372448627686760,2020-11-01,569,YES,2,8902,2008-03-01,2008
1699,Visa,Debit,4695324850759950,2022-08-01,519,YES,1,60610,2008-03-01,2008
1414,Visa,Debit,4952408792507240,2023-09-01,78,YES,2,5283,2008-03-01,2010
755,Visa,Debit,4667069269699060,2020-09-01,557,YES,1,15459,2008-03-01,2010
1604,Visa,Debit,4916961241194200,2024-12-01,919,YES,1,10360,2008-03-01,2009
100,Visa,Debit (Prepaid),4730478240405310,2024-12-01,114,YES,2,2,2008-03-01,2010
212,Visa,Debit,4960671625007780,2010-04-01,645,YES,2,9477,2008-03-01,2014
924,Visa,Credit,4463399619811650,2017-09-01,944,YES,2,5800,2008-03-01,2011
1456,Discover,Credit,6932682320710660,2023-08-01,294,YES,2,7400,2009-03-01,2017
511,Mastercard,Debit,5355281784290560,2020-06-01,810,YES,1,8367,2009-03-01,2009
1863,Mastercard,Debit,5129325410635430,2022-01-01,128,YES,2,1298,2009-03-01,2012
232,Mastercard,Debit (Prepaid),5828021478542640,2016-01-01,350,YES,1,98,2009-03-01,2009
1791,Mastercard,Debit,5324796450432100,2022-11-01,746,YES,3,18021,2009-03-01,2009
782,Mastercard,Debit (Prepaid),5659519661095760,2020-10-01,634,YES,2,85,2009-03-01,2011
729,Mastercard,Credit,5958667117657310,2022-12-01,906,YES,2,9000,2009-03-01,2011
474,Mastercard,Debit,5707467948750610,2022-03-01,233,YES,1,38084,2009-03-01,2010
754,Mastercard,Debit,5298387414396120,2024-11-01,243,YES,2,4260,2009-03-01,2012
954,Mastercard,Debit,5935596537639790,2023-11-01,851,YES,1,20270,2009-03-01,2009
1822,Mastercard,Debit (Prepaid),5631456765491980,2024-04-01,102,YES,1,10,2009-03-01,2011
505,Mastercard,Debit,5990568998813170,2015-11-01,843,YES,2,5258,2009-03-01,2013
1144,Mastercard,Credit,5519338595052190,2024-04-01,968,YES,2,7300,2009-03-01,2010
940,Mastercard,Debit,5712388411358840,2024-03-01,375,YES,2,1053,2009-03-01,2011
449,Mastercard,Debit,5397488043496240,2020-10-01,915,YES,2,16675,2009-03-01,2009
368,Mastercard,Credit,5172991779853890,2024-11-01,993,YES,1,12100,2009-03-01,2010
75,Mastercard,Debit,5122476616301890,2020-05-01,133,YES,1,17314,2009-03-01,2011
1787,Mastercard,Debit,5686962857502760,2022-06-01,257,YES,1,27590,2009-03-01,2010
1305,Mastercard,Credit,5216010288888580,2011-09-01,983,YES,1,9100,2009-03-01,2015
759,Mastercard,Debit,5864938158181060,2012-03-01,438,YES,2,8747,2009-03-01,2009
1226,Visa,Debit,4703449084120210,2023-06-01,540,YES,1,10000,2009-03-01,2012
1498,Visa,Debit,4138930585575370,2019-06-01,145,YES,1,22227,2009-03-01,2010
868,Visa,Debit (Prepaid),4595382752542330,2023-08-01,475,YES,2,48,2009-03-01,2013
1345,Visa,Debit,4957976241533680,2014-04-01,976,YES,2,4031,2009-03-01,2014
1741,Visa,Credit,4273861353237930,2021-11-01,246,YES,1,13600,2009-03-01,2013
418,Visa,Debit,4892957791439450,2009-10-01,711,YES,2,5216,2009-03-01,2009
884,Visa,Debit,4219385006716240,2023-07-01,676,YES,2,8643,2009-03-01,2015
1725,Visa,Debit,4872357106200450,2021-05-01,17,YES,1,12325,2009-03-01,2009
264,Visa,Credit,4277586046602270,2022-03-01,388,YES,2,10600,2009-03-01,2011
162,Visa,Credit,4524849172878280,2020-10-01,975,YES,2,15400,2009-03-01,2012
1859,Visa,Credit,4158498171851970,2020-07-01,263,YES,1,18600,2009-03-01,2013
220,Amex,Credit,314281190779481,2023-03-01,430,YES,1,17200,2010-03-01,2015
1967,Amex,Credit,315253583009303,2012-04-01,103,NO,1,23900,2010-03-01,2017
351,Discover,Credit,6898335342234630,2022-03-01,107,YES,1,6000,2010-03-01,2016
1634,Discover,Credit,6268030188636330,2020-09-01,717,YES,2,4700,2010-03-01,2011
843,Discover,Credit,6423950301741310,2023-03-01,419,YES,2,6600,2010-03-01,2011
466,Mastercard,Debit,5937799398015240,2023-03-01,923,YES,2,736,2010-03-01,2015
1253,Mastercard,Debit,5498290106887750,2016-03-01,927,NO,1,29637,2010-03-01,2010
949,Mastercard,Debit,5026926528558430,2023-06-01,88,YES,2,15813,2010-03-01,2011
1786,Mastercard,Debit,5212105993740360,2023-09-01,749,YES,1,12127,2010-03-01,2010
1861,Mastercard,Debit,5893992585377550,2022-04-01,46,NO,1,28352,2010-03-01,2012
33,Mastercard,Debit,5589655270470540,2017-09-01,213,YES,2,13829,2010-03-01,2016
1098,Mastercard,Debit,5547459880579010,2020-02-01,116,YES,2,16868,2010-03-01,2010
933,Mastercard,Credit,5583371284231660,2016-12-01,536,YES,1,11800,2010-03-01,2010
1413,Mastercard,Debit,5875822666213910,2021-04-01,269,YES,2,17023,2010-03-01,2011
1837,Mastercard,Debit,5757614479800970,2024-11-01,657,NO,1,7217,2010-03-01,2010
1974,Mastercard,Debit,5522110015947840,2024-02-01,663,YES,1,14747,2010-03-01,2010
702,Visa,Credit,4071413558241550,2021-04-01,58,YES,1,20100,2010-03-01,2017
1818,Visa,Debit,4536093921633360,2023-12-01,783,YES,2,15817,2010-03-01,2013
207,Visa,Debit,4149979947275480,2021-02-01,426,YES,2,5141,2010-03-01,2010
997,Visa,Credit,4887678666553620,2021-02-01,224,YES,1,17100,2010-03-01,2011
1523,Visa,Credit,4821384154009940,2024-09-01,7,YES,1,9600,2010-03-01,2011
524,Visa,Debit,4983067178659300,2024-12-01,920,NO,2,24089,2010-03-01,2010
1936,Visa,Credit,4844646610537450,2020-08-01,174,YES,2,14500,2010-03-01,2010
61,Visa,Credit,4759060378229060,2024-08-01,148,YES,1,25200,2010-03-01,2020
1693,Visa,Credit,4745663916245950,2023-08-01,938,NO,2,29900,2010-03-01,2017
1777,Visa,Credit,4287715741686220,2020-12-01,945,YES,1,12700,2010-03-01,2020
624,Visa,Debit,4428221393352280,2012-01-01,800,YES,2,18969,2010-03-01,2010
789,Visa,Debit,4466987531926970,2024-04-01,542,YES,3,15143,2010-03-01,2014
738,Visa,Credit,4975397225900590,2022-10-01,633,YES,2,19300,2010-03-01,2010
1947,Visa,Debit,4909515632835130,2015-05-01,967,YES,1,1433,2010-03-01,2010
634,Visa,Debit,4151208103004280,2018-12-01,499,YES,1,18220,2010-03-01,2011
1664,Discover,Credit,6611325354970090,2019-12-01,708,NO,2,21900,2011-03-01,2011
1362,Mastercard,Debit (Prepaid),5467215736629400,2023-07-01,98,YES,2,44,2011-03-01,2016
1163,Mastercard,Credit,5056525550531000,2022-07-01,251,YES,2,22200,2011-03-01,2011
1646,Mastercard,Debit,5298309501417980,2021-08-01,208,YES,1,11153,2011-03-01,2011
49,Mastercard,Debit,5746888458694760,2018-02-01,646,YES,1,15510,2011-03-01,2011
608,Mastercard,Debit,5521214390191680,2018-09-01,672,YES,1,746,2011-03-01,2011
905,Mastercard,Debit (Prepaid),5342080744210110,2023-05-01,335,YES,1,77,2011-03-01,2011
1470,Mastercard,Debit,5190888323082470,2020-08-01,16,YES,1,14856,2011-03-01,2011
155,Mastercard,Debit,5358949072497400,2011-12-01,324,YES,2,12163,2011-03-01,2011
618,Mastercard,Debit,5120169290018670,2022-02-01,784,YES,1,11591,2011-03-01,2011
1772,Mastercard,Debit,5306745473896520,2022-05-01,271,YES,1,27201,2011-03-01,2011
799,Mastercard,Credit,5608087801127190,2020-02-01,715,YES,2,7000,2011-03-01,2011
97,Mastercard,Debit,5447193146031170,2023-12-01,290,YES,2,9956,2011-03-01,2011
896,Visa,Debit,4851242738517630,2013-04-01,684,NO,2,1952,2011-03-01,2011
747,Visa,Debit,4704027936633990,2013-01-01,486,YES,1,21952,2011-03-01,2011
835,Visa,Credit,4006785332636410,2017-07-01,881,YES,1,11000,2011-03-01,2015
385,Visa,Debit,4874419326645320,2023-10-01,768,YES,2,24298,2011-03-01,2011
609,Visa,Debit,4162004533229290,2020-07-01,851,YES,2,19436,2011-03-01,2011
802,Visa,Credit,4637446539727370,2021-05-01,107,YES,2,21400,2011-03-01,2011
516,Visa,Debit,4949443440587510,2018-07-01,240,YES,1,13030,2011-03-01,2011
889,Visa,Credit,4476864861762310,2022-09-01,669,YES,1,14700,2011-03-01,2011
612,Visa,Debit,4414457303374730,2024-03-01,962,YES,1,19103,2011-03-01,2011
791,Amex,Credit,398644935987910,2023-03-01,22,YES,2,7900,2012-03-01,2012
877,Mastercard,Debit,5700734711260260,2023-11-01,230,YES,1,11973,2012-03-01,2012
1586,Mastercard,Credit,5991530949395980,2015-07-01,711,YES,1,5700,2012-03-01,2012
1723,Mastercard,Debit (Prepaid),5000674775470350,2016-10-01,358,YES,2,74,2012-03-01,2012
1402,Mastercard,Debit,5690418496059240,2022-07-01,216,YES,1,35299,2012-03-01,2012
601,Mastercard,Credit,5361691946548940,2022-06-01,613,YES,2,6700,2012-03-01,2012
1389,Mastercard,Debit,5603221270332940,2016-06-01,316,YES,1,11408,2012-03-01,2012
944,Mastercard,Debit,5863955184387780,2023-03-01,881,YES,2,66930,2012-03-01,2012
476,Mastercard,Credit,5187732819891500,2014-12-01,87,YES,3,10100,2012-03-01,2012
859,Mastercard,Debit,5224418160535170,2021-07-01,724,YES,2,20354,2012-03-01,2012
265,Mastercard,Debit,5187470414488990,2023-05-01,680,NO,1,13900,2012-03-01,2012
199,Visa,Debit,4879393662835540,2023-12-01,176,YES,1,32423,2012-03-01,2012
1541,Visa,Debit,4513747100786400,2023-11-01,697,YES,1,17383,2012-03-01,2012
554,Visa,Debit,4439649579256620,2021-01-01,327,YES,2,27376,2012-03-01,2012
1219,Mastercard,Credit,5326031764905960,2023-08-01,437,YES,1,18000,2013-03-01,2013
1227,Mastercard,Debit,5851845913045150,2023-09-01,71,YES,1,27132,2013-03-01,2013
1053,Mastercard,Debit,5546844697242380,2018-05-01,523,NO,2,21166,2013-03-01,2013
356,Mastercard,Debit,5636837846692550,2021-04-01,859,YES,1,15771,2013-03-01,2013
1407,Mastercard,Debit,5848203145087840,2021-05-01,597,YES,1,20816,2013-03-01,2013
796,Mastercard,Credit,5819556137893460,2019-06-01,933,YES,2,11800,2013-03-01,2013
242,Mastercard,Debit,5250424530939340,2020-09-01,354,YES,2,19728,2013-03-01,2013
1621,Mastercard,Debit,5252385354093900,2023-02-01,874,YES,2,54842,2013-03-01,2013
169,Mastercard,Debit,5802870059687260,2022-07-01,990,NO,1,10574,2013-03-01,2013
811,Visa,Debit,4055403312631050,2021-07-01,902,YES,1,33375,2013-03-01,2013
746,Visa,Credit,4511050153177270,2016-01-01,263,YES,2,9800,2013-03-01,2013
581,Visa,Debit,4997480551334710,2023-09-01,51,YES,2,11885,2013-03-01,2013
755,Visa,Debit,4668572513233210,2021-08-01,346,YES,2,11869,2013-03-01,2013
52,Visa,Debit,4343642801597520,2013-08-01,754,YES,2,23014,2013-03-01,2013
1810,Visa,Credit,4913659581054320,2020-08-01,55,YES,1,7200,2013-03-01,2013
1802,Visa,Credit,4642554061349240,2020-02-01,763,YES,2,8400,2013-03-01,2013
1008,Visa,Debit,4402133040036550,2022-05-01,178,YES,1,36515,2013-03-01,2013
1596,Mastercard,Debit,5589671096121830,2016-10-01,536,YES,1,16398,2014-03-01,2014
1976,Mastercard,Debit,5905144281673760,2020-02-01,324,YES,1,17767,2014-03-01,2014
1371,Mastercard,Credit,5282316108928790,2023-04-01,378,YES,1,13900,2014-03-01,2014
1930,Mastercard,Debit,5965080957028590,2020-11-01,934,YES,1,15416,2014-03-01,2014
1335,Mastercard,Debit (Prepaid),5771619649186810,2020-09-01,504,YES,1,54,2014-03-01,2014
359,Mastercard,Debit,5012576433104470,2015-01-01,411,YES,1,31163,2014-03-01,2014
698,Visa,Debit,4401743622113550,2014-12-01,322,YES,1,25214,2014-03-01,2014
494,Visa,Credit,4633191730342520,2023-07-01,779,YES,2,12700,2014-03-01,2014
835,Visa,Debit,4252835460924890,2021-01-01,287,YES,2,15851,2014-03-01,2014
1106,Visa,Debit,4093331419395750,2023-12-01,813,YES,1,16927,2014-03-01,2014
1515,Visa,Credit,4780949143263440,2023-08-01,540,YES,2,7700,2014-03-01,2014
398,Visa,Debit,4729603889258290,2020-02-01,830,YES,2,16472,2014-03-01,2014
1225,Visa,Credit,4529057760721500,2020-04-01,270,YES,2,2400,2014-03-01,2014
1820,Amex,Credit,344075477910403,2022-10-01,808,YES,1,5900,2015-03-01,2015
1494,Discover,Credit,6256655285791150,2020-01-01,723,YES,2,4400,2015-03-01,2015
1283,Mastercard,Debit,5418596356337170,2015-06-01,899,YES,1,24111,2015-03-01,2015
1973,Mastercard,Debit (Prepaid),5368860011761090,2020-03-01,207,YES,2,78,2015-03-01,2015
1381,Mastercard,Debit,5936146704569180,2018-10-01,616,YES,1,21357,2015-03-01,2015
325,Mastercard,Debit,5157654602857020,2021-01-01,61,YES,1,21378,2015-03-01,2015
1833,Visa,Debit,4078898258495000,2015-07-01,929,YES,2,16386,2015-03-01,2015
442,Visa,Debit,4849956694296330,2024-05-01,840,YES,2,19525,2015-03-01,2015
601,Visa,Credit,4000370059012160,2024-11-01,22,YES,2,5400,2015-03-01,2015
83,Visa,Credit,4522988269777230,2023-12-01,288,YES,2,11600,2015-03-01,2015
572,Visa,Debit,4204698331499700,2024-03-01,98,YES,1,23157,2015-03-01,2015
277,Visa,Debit (Prepaid),4591853850857690,2020-10-01,593,YES,1,145,2015-03-01,2015
952,Visa,Debit,4295877159831910,2024-02-01,602,YES,1,58234,2015-03-01,2015
1509,Visa,Debit,4417739183409950,2023-01-01,990,NO,1,18138,2015-03-01,2015
1762,Visa,Credit,4300321753140480,2022-08-01,628,YES,2,18400,2015-03-01,2015
617,Mastercard,Debit,5124149352966220,2022-07-01,255,YES,2,26147,2016-03-01,2016
608,Mastercard,Debit,5446273979485240,2022-11-01,233,YES,1,1044,2016-03-01,2016
766,Mastercard,Credit,5341478430944110,2016-06-01,222,YES,2,5400,2016-03-01,2016
197,Mastercard,Debit,5341022658860510,2024-12-01,542,YES,1,11919,2016-03-01,2016
1076,Mastercard,Credit,5410016015074470,2020-01-01,674,YES,2,7500,2016-03-01,2016
1314,Visa,Credit,4333294773814550,2017-08-01,973,YES,1,15000,2016-03-01,2016
1435,Visa,Debit,4789580361652930,2020-10-01,216,YES,2,38837,2016-03-01,2016
598,Visa,Credit,4497075414603380,2021-10-01,609,YES,2,11400,2016-03-01,2016
1046,Mastercard,Credit,5861740201459980,2020-12-01,366,YES,2,7300,2017-03-01,2017
1416,Mastercard,Debit,5254338671695550,2018-08-01,492,YES,1,14865,2017-03-01,2017
973,Mastercard,Debit,5570742279358800,2021-02-01,20,YES,1,16229,2017-03-01,2017
172,Mastercard,Debit,5195057277840260,2020-10-01,855,YES,1,19600,2017-03-01,2017
1527,Mastercard,Credit,5801798801399780,2021-06-01,527,YES,2,7100,2017-03-01,2017
466,Visa,Credit,4856130775211810,2021-11-01,465,YES,1,7700,2017-03-01,2017
1641,Visa,Credit,4500938920704810,2020-11-01,263,YES,2,1900,2017-03-01,2017
1236,Visa,Credit,4788127455899670,2021-01-01,710,YES,1,8800,2017-03-01,2017
433,Amex,Credit,365863370015670,2020-08-01,62,YES,2,12600,2018-03-01,2018
382,Mastercard,Debit,5687094950907390,2019-08-01,289,YES,1,13206,2018-03-01,2018
1675,Mastercard,Debit,5450223883062550,2023-12-01,64,NO,1,37722,2018-03-01,2018
1846,Mastercard,Debit (Prepaid),5302877087935860,2018-08-01,213,YES,1,84,2018-03-01,2018
1366,Mastercard,Debit,5148677955904140,2020-02-01,917,YES,1,17691,2018-03-01,2018
612,Mastercard,Debit,5288684620224620,2020-02-01,742,YES,1,17512,2018-03-01,2018
127,Visa,Debit,4521071637980150,2024-08-01,500,NO,2,10702,2018-03-01,2018
1548,Visa,Debit,4387424871359760,2020-03-01,620,YES,1,28762,2018-03-01,2018
1429,Visa,Debit,4284692836848150,2020-02-01,396,YES,1,18757,2018-03-01,2018
1718,Mastercard,Debit,5766352389579830,2020-02-01,992,YES,1,26743,2019-03-01,2019
875,Mastercard,Debit,5835488238900100,2020-11-01,203,NO,1,13788,2019-03-01,2019
1603,Mastercard,Credit,5903180777410760,2020-02-01,618,YES,1,14000,2019-03-01,2019
1740,Mastercard,Debit,5039643704248500,2021-01-01,50,YES,1,20612,2019-03-01,2019
401,Mastercard,Debit,5691373570423010,2020-01-01,797,YES,1,18829,2019-03-01,2019
576,Mastercard,Debit,5355091629499190,2021-01-01,945,YES,2,27537,2019-03-01,2019
1187,Mastercard,Debit (Prepaid),5874661434134400,2020-02-01,293,YES,2,74,2019-03-01,2019
913,Mastercard,Debit,5714757950966270,2020-09-01,805,YES,1,11646,2019-03-01,2019
1954,Mastercard,Debit,5885722307882990,2024-05-01,538,YES,2,22722,2019-03-01,2019
1173,Visa,Debit (Prepaid),4505985086777390,2019-06-01,675,YES,2,75,2019-03-01,2019
1551,Visa,Debit,4901552848355250,2024-08-01,325,YES,1,12250,2019-03-01,2019
1698,Visa,Credit,4936494163188300,2022-01-01,72,NO,1,13400,2019-03-01,2019
591,Visa,Credit,4409499021452000,2019-08-01,435,NO,2,8100,2019-03-01,2019
1569,Visa,Credit,4294423018570250,2022-03-01,724,YES,1,10300,1993-04-01,2013
1018,Mastercard,Debit,5675018091828270,2009-11-01,920,YES,2,4252,1994-04-01,2019
1577,Mastercard,Debit,5557499918915420,2021-01-01,576,YES,2,15793,1994-04-01,2012
1916,Visa,Credit,4234252140022110,2021-09-01,115,YES,1,7400,1994-04-01,2010
538,Visa,Debit,4071964441964380,2013-03-01,333,YES,2,1513,1994-04-01,2019
462,Visa,Debit,4428689481735980,2022-03-01,698,YES,2,15322,1994-04-01,2009
1877,Mastercard,Debit,5911939393457820,2024-03-01,410,YES,2,23408,1996-04-01,2008
416,Mastercard,Debit,5554908163647060,2023-09-01,289,YES,2,2041,1997-04-01,2012
1211,Amex,Credit,344420840489865,2024-11-01,330,YES,2,8200,1998-04-01,2010
194,Mastercard,Debit,5295553845119880,2024-04-01,465,YES,2,14501,1998-04-01,2012
392,Mastercard,Debit,5397399966487860,2023-08-01,71,YES,1,19465,1998-04-01,2012
1352,Mastercard,Debit,5065991934613610,2020-03-01,444,YES,2,19756,1999-04-01,2013
33,Mastercard,Debit,5121416562354070,2024-04-01,857,YES,2,4589,1999-04-01,2011
674,Mastercard,Debit,5819861190837910,2021-03-01,395,YES,2,4501,1999-04-01,2015
1332,Visa,Debit,4733764906350560,2021-09-01,982,YES,1,21749,1999-04-01,2008
964,Visa,Debit,4086633692001410,2020-05-01,881,YES,1,11254,1999-04-01,2018
1696,Mastercard,Debit,5412731781518750,2018-05-01,599,YES,2,12047,2000-04-01,2008
906,Visa,Credit,4457557218642440,2020-01-01,701,YES,2,13000,2000-04-01,2010
343,Visa,Credit,4293283293714110,2010-10-01,346,NO,2,12400,2000-04-01,2007
1364,Visa,Credit,4696206742094890,2021-09-01,52,YES,2,0,2000-04-01,2011
1224,Visa,Credit,4144495012148520,2024-05-01,73,YES,1,14800,2000-04-01,2007
39,Visa,Debit,4660445166648630,2012-12-01,610,YES,1,1325,2000-04-01,2011
810,Amex,Credit,310875942602694,2009-09-01,236,YES,2,10800,2001-04-01,2011
1030,Amex,Credit,335570840377948,2003-09-01,193,YES,1,16500,2001-04-01,2016
840,Mastercard,Debit,5820221852405540,2024-12-01,380,YES,2,48370,2001-04-01,2011
27,Mastercard,Credit,5054102481336550,2023-06-01,835,YES,2,9900,2001-04-01,2007
212,Mastercard,Debit,5110273101457980,2024-08-01,532,YES,2,6795,2001-04-01,2009
1859,Mastercard,Debit (Prepaid),5922687925814440,2020-05-01,982,YES,1,65,2001-04-01,2014
657,Visa,Debit,4368582518967050,2010-10-01,578,YES,1,16725,2001-04-01,2008
1922,Visa,Debit (Prepaid),4910699106963260,2021-03-01,36,YES,1,24,2001-04-01,2009
673,Visa,Credit,4239689640583420,2022-11-01,10,YES,1,12800,2001-04-01,2003
1898,Visa,Debit,4632658313488910,2024-09-01,732,NO,1,36412,2001-04-01,2007
554,Visa,Debit (Prepaid),4356014925676100,2020-07-01,139,YES,2,56,2001-04-01,2011
62,Visa,Debit,4888494328219550,2018-04-01,40,YES,2,16410,2001-04-01,2011
208,Visa,Debit,4455787437333570,2023-11-01,216,YES,2,23834,2001-04-01,2014
1229,Discover,Credit,6868773214447880,2020-02-01,279,YES,1,12600,2002-04-01,2010
1288,Mastercard,Debit,5458492483408540,2022-12-01,92,YES,1,10051,2002-04-01,2011
1595,Mastercard,Debit,5755792909736490,2023-08-01,338,YES,1,17749,2002-04-01,2011
1871,Mastercard,Debit,5203247586217390,2021-09-01,503,YES,1,9454,2002-04-01,2007
1820,Mastercard,Credit,5023190732647200,2022-01-01,785,YES,1,7900,2002-04-01,2013
1262,Mastercard,Debit,5391743291218890,2017-01-01,80,YES,1,3955,2002-04-01,2013
465,Mastercard,Debit,5340964008686380,2021-05-01,458,YES,2,16047,2002-04-01,2011
1928,Visa,Credit,4669390579436580,2020-03-01,661,YES,2,11300,2002-04-01,2011
1885,Visa,Credit,4338490944284660,2022-04-01,381,YES,2,8700,2002-04-01,2010
479,Visa,Debit,4262606931655710,2021-01-01,44,YES,2,3058,2002-04-01,2013
40,Visa,Debit,4299508349741770,2021-09-01,579,YES,2,1462,2002-04-01,2013
77,Visa,Credit,4142689074024200,2014-07-01,401,YES,2,13700,2002-04-01,2012
1995,Amex,Credit,382683082835230,2021-07-01,521,YES,2,4000,2003-04-01,2011
346,Mastercard,Debit,5100015130200650,2023-05-01,189,YES,2,28886,2003-04-01,2011
1576,Mastercard,Debit,5753824282810830,2018-01-01,985,YES,2,15839,2003-04-01,2010
1928,Mastercard,Debit (Prepaid),5241112690809800,2022-09-01,740,YES,1,31,2003-04-01,2010
369,Mastercard,Credit,5146321258920930,2021-11-01,990,NO,1,13600,2003-04-01,2012
221,Mastercard,Debit,5721793415718920,2021-07-01,936,YES,2,24582,2003-04-01,2012
416,Mastercard,Debit,5736162855690730,2024-12-01,93,YES,3,18242,2003-04-01,2011
1130,Mastercard,Debit,5813380740656050,2021-02-01,778,YES,1,15847,2003-04-01,2010
122,Mastercard,Credit,5772574383321450,2020-09-01,678,YES,1,5500,2003-04-01,2010
305,Mastercard,Debit,5023221503017150,2006-05-01,739,YES,2,11408,2003-04-01,2010
1208,Visa,Debit,4183588454885680,2020-11-01,323,NO,2,8081,2003-04-01,2011
477,Visa,Debit (Prepaid),4832425456568310,2022-12-01,771,YES,2,91,2003-04-01,2015
1956,Visa,Debit,4727180781671600,2020-02-01,986,YES,1,16385,2003-04-01,2011
1519,Visa,Debit,4009658209741630,2023-12-01,357,NO,2,19037,2003-04-01,2011
1530,Amex,Credit,338079292992360,2023-04-01,676,YES,1,400,2004-04-01,2009
980,Amex,Credit,338659584396426,2021-10-01,68,YES,2,14600,2004-04-01,2013
291,Amex,Credit,348934344491613,2005-04-01,705,YES,2,6800,2004-04-01,2010
1669,Discover,Credit,6350687054576800,2013-12-01,840,YES,1,10300,2004-04-01,2012
1257,Mastercard,Debit,5945155994376920,2021-03-01,310,YES,1,11102,2004-04-01,2012
1569,Mastercard,Debit,5837677839033840,2024-07-01,153,YES,2,2054,2004-04-01,2015
1163,Mastercard,Debit (Prepaid),5611180263447980,2020-04-01,946,NO,2,46,2004-04-01,2010
460,Mastercard,Debit,5024786214713140,2022-09-01,877,YES,1,38354,2004-04-01,2010
1908,Mastercard,Debit,5586848851452350,2021-12-01,999,YES,2,27046,2004-04-01,2015
163,Mastercard,Debit,5113638843250390,2023-09-01,734,YES,1,17629,2004-04-01,2012
1419,Mastercard,Debit,5809172741821180,2021-03-01,282,YES,2,27320,2004-04-01,2008
1634,Mastercard,Debit,5524436846278700,2020-07-01,697,YES,2,8638,2004-04-01,2014
752,Mastercard,Credit,5971047131415220,2018-02-01,191,NO,1,12900,2004-04-01,2010
1972,Mastercard,Credit,5566207489496520,2024-03-01,115,YES,1,4900,2004-04-01,2004
323,Mastercard,Debit,5363081183912410,2024-07-01,479,YES,2,7364,2004-04-01,2009
130,Visa,Credit,4437020876913490,2010-05-01,955,YES,2,9300,2004-04-01,2010
645,Visa,Debit,4017542226763670,2024-01-01,109,YES,1,10161,2004-04-01,2008
146,Visa,Debit,4417507914154980,2021-03-01,178,YES,1,28911,2004-04-01,2011
1557,Visa,Debit,4937226529694530,2021-04-01,978,NO,1,12370,2004-04-01,2008
1595,Visa,Credit,4800542079346440,2021-09-01,673,YES,1,12700,2004-04-01,2011
1291,Visa,Credit,4381113346368520,2023-11-01,51,YES,2,1900,2004-04-01,2011
231,Visa,Credit,4632232168339370,2020-01-01,970,YES,1,8900,2004-04-01,2011
184,Amex,Credit,337714799695315,2022-01-01,540,YES,1,15300,2005-04-01,2012
1519,Discover,Credit,6106487579112170,2010-08-01,762,YES,1,14200,2005-04-01,2011
1852,Mastercard,Credit,5247576622089390,2021-09-01,379,YES,1,13400,2005-04-01,2014
1266,Mastercard,Debit,5192370991764800,2024-10-01,603,YES,2,15119,2005-04-01,2011
1723,Mastercard,Debit,5197717468385410,2006-07-01,928,YES,1,12431,2005-04-01,2007
1576,Mastercard,Debit (Prepaid),5607503519034020,2022-01-01,70,YES,1,107,2005-04-01,2011
1997,Mastercard,Debit,5446247483875540,2022-02-01,977,NO,2,31829,2005-04-01,2020
1010,Mastercard,Debit,5598838646522270,2022-05-01,590,YES,1,4851,2005-04-01,2020
491,Mastercard,Debit,5101946899181160,2024-03-01,990,YES,2,6710,2005-04-01,2013
920,Mastercard,Credit,5388350141546010,2020-01-01,278,YES,2,8100,2005-04-01,2008
1169,Mastercard,Credit,5413583936219090,2023-03-01,131,YES,1,21200,2005-04-01,2012
506,Mastercard,Debit,5063433108745780,2023-04-01,5,NO,2,11460,2005-04-01,2012
1571,Mastercard,Debit,5128197080308710,2023-06-01,759,YES,1,17885,2005-04-01,2010
696,Mastercard,Credit,5628686337388300,2010-03-01,842,YES,2,25900,2005-04-01,2011
359,Mastercard,Credit,5757079020713030,2024-06-01,544,NO,1,13500,2005-04-01,2009
7,Mastercard,Debit,5550350468440250,2023-01-01,305,YES,2,12868,2005-04-01,2012
1528,Mastercard,Debit,5074464458367020,2017-08-01,226,YES,2,5656,2005-04-01,2020
1720,Visa,Debit,4063551913220530,2020-05-01,737,YES,2,1241,2005-04-01,2014
474,Visa,Credit,4700082044427650,2015-04-01,487,YES,1,16900,2005-04-01,2014
201,Visa,Credit,4825820548818210,2024-11-01,558,YES,1,10100,2005-04-01,2013
1521,Visa,Debit,4118737033782450,2023-12-01,648,YES,1,11037,2005-04-01,2012
190,Visa,Credit,4273233611719440,2014-10-01,602,YES,1,17700,2005-04-01,2010
1345,Visa,Debit,4238638738530460,2020-12-01,310,YES,2,17470,2005-04-01,2008
1904,Visa,Credit,4424092813863770,2024-07-01,996,NO,2,9900,2005-04-01,2006
105,Visa,Credit,4956654746579360,2023-10-01,15,YES,2,8800,2005-04-01,2014
1041,Visa,Debit,4955581838657240,2022-10-01,581,YES,2,5579,2005-04-01,2010
1560,Amex,Credit,363302965648730,2022-06-01,838,YES,2,4100,2006-04-01,2010
652,Amex,Credit,399097109736535,2023-12-01,311,YES,2,16500,2006-04-01,2016
1637,Amex,Credit,327172863977145,2022-05-01,496,YES,1,21700,2006-04-01,2014
1022,Mastercard,Credit,5887964726362350,2021-07-01,671,YES,1,10300,2006-04-01,2009
150,Mastercard,Debit,5331973058778540,2021-09-01,39,YES,2,16872,2006-04-01,2010
207,Mastercard,Debit,5584705161928720,2023-05-01,188,YES,1,16266,2006-04-01,2007
400,Mastercard,Debit,5220792086851060,2009-05-01,840,YES,2,3974,2006-04-01,2011
1964,Mastercard,Credit,5534545928651520,2021-09-01,779,YES,2,9600,2006-04-01,2015
1687,Mastercard,Debit,5818461677005750,2022-09-01,826,YES,2,2450,2006-04-01,2014
1254,Mastercard,Credit,5807865206016110,2021-05-01,343,YES,2,14000,2006-04-01,2007
989,Mastercard,Debit,5676028749684100,2022-01-01,678,YES,2,4707,2006-04-01,2015
227,Visa,Debit,4093850742287200,2020-04-01,286,YES,2,52609,2006-04-01,2010
503,Visa,Debit (Prepaid),4338179283608630,2022-01-01,479,YES,2,85,2006-04-01,2010
69,Visa,Debit,4952248755072910,2020-04-01,398,YES,1,21098,2006-04-01,2009
408,Visa,Debit,4450794746298140,2018-12-01,502,YES,1,22457,2006-04-01,2010
720,Visa,Debit,4289170168464510,2013-06-01,338,NO,1,4976,2006-04-01,2014
1682,Visa,Credit,4639536674901600,2024-01-01,981,NO,1,14300,2006-04-01,2007
278,Visa,Credit,4309358602980980,2023-08-01,207,YES,1,58100,2006-04-01,2011
1581,Visa,Debit,4564719638698310,2020-12-01,446,YES,1,26596,2006-04-01,2015
349,Visa,Credit,4957171481250700,2023-08-01,860,YES,2,3600,2006-04-01,2006
495,Visa,Debit,4337361376136360,2011-09-01,943,YES,1,11574,2006-04-01,2009
334,Amex,Credit,320108465182734,2020-02-01,764,YES,1,9500,2007-04-01,2010
933,Amex,Credit,394004838665108,2024-01-01,400,YES,1,11500,2007-04-01,2010
818,Amex,Credit,368778866746348,2008-08-01,125,YES,1,6200,2007-04-01,2014
246,Discover,Credit,6396980306370670,2015-10-01,37,YES,1,25300,2007-04-01,2012
38,Mastercard,Debit,5297260201877610,2024-01-01,580,YES,2,3711,2007-04-01,2013
1484,Mastercard,Debit,5093901939500030,2024-03-01,472,YES,2,39533,2007-04-01,2016
1560,Mastercard,Credit,5228090830138310,2020-11-01,545,YES,2,12800,2007-04-01,2010
733,Mastercard,Credit,5770203026188610,2024-10-01,676,YES,2,7800,2007-04-01,2011
1817,Mastercard,Debit,5686575699244480,2024-12-01,666,YES,2,43033,2007-04-01,2013
1812,Mastercard,Debit,5995209262760870,2023-04-01,430,NO,1,33557,2007-04-01,2013
597,Mastercard,Debit,5851699919509660,2024-02-01,217,YES,2,46070,2007-04-01,2008
1666,Mastercard,Credit,5888017098066830,2009-02-01,395,YES,1,12700,2007-04-01,2015
1169,Mastercard,Credit,5502650201752900,2009-04-01,519,YES,1,22000,2007-04-01,2013
1384,Mastercard,Debit,5274366987658810,2016-05-01,441,YES,1,19206,2007-04-01,2011
402,Mastercard,Debit,5332075103527990,2022-10-01,561,YES,2,20230,2007-04-01,2010
1551,Mastercard,Debit (Prepaid),5938011695949460,2023-08-01,234,YES,2,66,2007-04-01,2010
1788,Mastercard,Debit,5129852007248820,2020-03-01,581,YES,2,5500,2007-04-01,2013
1077,Mastercard,Debit,5324493090826390,2014-11-01,819,YES,2,17034,2007-04-01,2007
1881,Mastercard,Debit (Prepaid),5449948874033390,2009-10-01,208,YES,1,94,2007-04-01,2009
921,Mastercard,Debit,5535356277127260,2021-04-01,557,YES,1,33980,2007-04-01,2010
1048,Mastercard,Debit,5424466713085700,2014-06-01,575,YES,2,22527,2007-04-01,2011
566,Mastercard,Credit,5124181575265450,2020-02-01,308,YES,2,10800,2007-04-01,2010
1785,Mastercard,Debit,5356557830959670,2023-04-01,125,NO,2,14404,2007-04-01,2015
1179,Mastercard,Debit,5575263233323310,2020-04-01,712,YES,2,15518,2007-04-01,2011
1805,Mastercard,Credit,5541745788882180,2022-02-01,58,NO,1,3800,2007-04-01,2007
1073,Visa,Debit,4614417915507950,2024-09-01,808,YES,1,25977,2007-04-01,2009
1979,Visa,Debit,4086265157159120,2023-05-01,965,YES,2,15182,2007-04-01,2009
747,Visa,Debit,4893820018017240,2020-02-01,319,YES,1,18217,2007-04-01,2008
1867,Visa,Debit (Prepaid),4562657491942630,2015-04-01,23,YES,2,96,2007-04-01,2015
1150,Visa,Credit,4320443111658300,2021-10-01,613,YES,1,13200,2007-04-01,2014
947,Visa,Debit,4005670530527550,2023-03-01,434,NO,1,11344,2007-04-01,2007
804,Visa,Debit,4554800858688580,2011-11-01,867,NO,1,14507,2007-04-01,2010
1881,Visa,Debit,4592017788097890,2021-09-01,501,YES,1,20943,2007-04-01,2008
1904,Visa,Credit,4906330160441420,2021-06-01,740,NO,1,13600,2007-04-01,2011
1315,Visa,Debit,4857655456740060,2023-01-01,655,NO,1,14464,2007-04-01,2008
1664,Amex,Credit,318803318319134,2009-05-01,526,YES,2,19600,2008-04-01,2011
822,Mastercard,Debit,5281056728185170,2020-03-01,835,YES,2,15125,2008-04-01,2012
165,Mastercard,Debit,5283475217390040,2010-08-01,149,YES,2,24980,2008-04-01,2014
629,Mastercard,Debit,5164347231652880,2024-04-01,14,YES,2,24739,2008-04-01,2011
1253,Mastercard,Debit,5805455899430050,2024-09-01,461,YES,2,28390,2008-04-01,2008
1080,Mastercard,Debit,5657550046539670,2021-06-01,692,YES,1,1470,2008-04-01,2008
721,Mastercard,Credit,5933265709179130,2010-09-01,730,YES,1,10800,2008-04-01,2012
1028,Mastercard,Debit,5249989431095310,2024-02-01,844,YES,2,16475,2008-04-01,2009
1031,Mastercard,Debit,5477335030821500,2012-06-01,801,YES,2,31604,2008-04-01,2014
956,Mastercard,Debit,5894303084517350,2012-03-01,643,YES,2,2355,2008-04-01,2009
263,Mastercard,Debit (Prepaid),5332123291595760,2019-05-01,494,YES,1,61,2008-04-01,2009
28,Mastercard,Debit,5957565102001210,2015-03-01,686,YES,2,29717,2008-04-01,2008
374,Mastercard,Debit,5166839761897520,2022-05-01,983,YES,2,7081,2008-04-01,2010
773,Mastercard,Debit,5364347373974580,2019-07-01,197,YES,1,11372,2008-04-01,2009
100,Mastercard,Credit,5051745688370280,2016-03-01,195,YES,1,16200,2008-04-01,2013
542,Mastercard,Credit,5606160450914600,2023-08-01,46,YES,2,6600,2008-04-01,2016
1531,Mastercard,Credit,5697281977143650,2024-02-01,18,YES,2,7500,2008-04-01,2008
397,Mastercard,Debit,5748345653201800,2021-01-01,704,YES,2,10889,2008-04-01,2010
1904,Mastercard,Debit (Prepaid),5018139436441140,2022-11-01,978,YES,1,40,2008-04-01,2011
2,Mastercard,Debit,5077942665919870,2023-08-01,127,NO,2,9669,2008-04-01,2011
295,Mastercard,Debit,5606664610863320,2024-04-01,859,YES,2,5521,2008-04-01,2015
1405,Mastercard,Debit,5599596861279010,2020-11-01,190,YES,1,16317,2008-04-01,2010
628,Mastercard,Debit (Prepaid),5483397485442230,2017-04-01,795,YES,1,76,2008-04-01,2008
84,Visa,Credit,4152829240073090,2016-08-01,446,YES,1,5400,2008-04-01,2013
1700,Visa,Credit,4012401097853240,2022-03-01,931,YES,3,4600,2008-04-01,2010
1512,Visa,Credit,4865864021142940,2022-11-01,615,YES,1,18500,2008-04-01,2012
909,Visa,Debit,4276711504175400,2023-04-01,793,YES,2,11239,2008-04-01,2010
1518,Visa,Credit,4444532245535170,2020-11-01,623,YES,1,9600,2008-04-01,2008
108,Visa,Debit,4466627264365740,2014-06-01,238,YES,1,12783,2008-04-01,2010
1133,Visa,Debit,4874200877830190,2023-04-01,234,YES,2,21442,2008-04-01,2015
152,Visa,Debit (Prepaid),4745512667212880,2021-10-01,371,YES,2,60,2008-04-01,2009
549,Visa,Credit,4321088757745040,2023-05-01,450,YES,2,16200,2008-04-01,2013
261,Visa,Debit,4757706847861770,2008-06-01,121,YES,1,26891,2008-04-01,2010
317,Visa,Debit,4367233384706340,2015-11-01,188,NO,2,12810,2008-04-01,2008
1294,Visa,Debit,4306973519740030,2024-05-01,139,YES,2,14477,2008-04-01,2008
1008,Visa,Debit,4341654408733200,2023-01-01,76,YES,2,20245,2008-04-01,2008
964,Visa,Debit,4842195195266310,2020-09-01,497,YES,2,2271,2008-04-01,2008
1962,Visa,Debit,4452357307336460,2021-07-01,260,YES,1,42176,2008-04-01,2008
1741,Amex,Credit,376643401959954,2022-04-01,75,YES,2,5900,2009-04-01,2009
631,Amex,Credit,354553734129805,2024-02-01,512,NO,1,8500,2009-04-01,2010
633,Mastercard,Debit,5558040779986500,2021-09-01,69,YES,2,17941,2009-04-01,2009
1783,Mastercard,Credit,5153494647482340,2019-10-01,492,YES,1,8400,2009-04-01,2011
1103,Mastercard,Debit,5557896137687490,2023-06-01,598,YES,2,15409,2009-04-01,2010
1425,Mastercard,Debit (Prepaid),5241188157660830,2018-11-01,876,YES,2,49,2009-04-01,2009
1300,Mastercard,Debit (Prepaid),5666642339206520,2010-08-01,996,YES,1,75,2009-04-01,2009
1019,Mastercard,Debit,5722539468448170,2014-03-01,567,YES,2,7406,2009-04-01,2014
176,Mastercard,Debit,5064601983715340,2024-06-01,589,YES,2,34799,2009-04-01,2014
1379,Mastercard,Debit,5800056520721640,2021-02-01,92,YES,1,16668,2009-04-01,2009
1257,Mastercard,Debit (Prepaid),5295522176690980,2021-10-01,577,NO,2,91,2009-04-01,2014
1309,Mastercard,Debit,5001932148943380,2024-11-01,861,YES,1,25021,2009-04-01,2009
1771,Mastercard,Debit (Prepaid),5579600195785010,2024-04-01,50,YES,2,59,2009-04-01,2009
375,Mastercard,Debit,5594766760079500,2020-01-01,541,YES,1,17598,2009-04-01,2009
435,Mastercard,Debit,5903653067942570,2020-09-01,25,NO,1,10654,2009-04-01,2010
1250,Mastercard,Debit,5249391871473890,2024-02-01,845,YES,1,11857,2009-04-01,2011
360,Mastercard,Debit,5641208271147810,2016-12-01,668,YES,2,28003,2009-04-01,2009
1179,Mastercard,Debit,5517928534321040,2022-06-01,283,YES,1,21989,2009-04-01,2009
979,Mastercard,Debit,5508211695909080,2024-05-01,164,YES,1,12586,2009-04-01,2010
932,Mastercard,Credit,5692198759214970,2024-03-01,761,YES,2,11400,2009-04-01,2010
1492,Visa,Debit (Prepaid),4860320285002450,2023-12-01,366,YES,2,84,2009-04-01,2017
714,Visa,Debit (Prepaid),4636082679216720,2022-11-01,931,YES,2,119,2009-04-01,2009
1686,Visa,Credit,4623874187817160,2024-07-01,385,YES,1,16300,2009-04-01,2013
1889,Visa,Debit,4763467572950700,2016-07-01,73,YES,2,15781,2009-04-01,2015
469,Visa,Debit,4855184148394840,2022-01-01,646,YES,2,31504,2009-04-01,2014
947,Visa,Debit,4812303101695560,2017-11-01,113,YES,2,11254,2009-04-01,2009
529,Visa,Credit,4065997009484970,2024-01-01,446,YES,1,9300,2009-04-01,2013
61,Visa,Debit,4251438588647760,2021-03-01,177,YES,2,27878,2009-04-01,2011
438,Visa,Debit,4763832977457190,2009-12-01,581,YES,2,10362,2009-04-01,2015
1648,Visa,Debit,4559856655520960,2021-04-01,475,NO,2,5921,2009-04-01,2010
166,Visa,Debit,4539775091869860,2021-02-01,740,YES,1,271,2009-04-01,2012
932,Visa,Debit,4752509852890430,2024-07-01,219,YES,2,3648,2009-04-01,2009
577,Amex,Credit,313916461304111,2021-01-01,852,YES,1,8500,2010-04-01,2011
951,Amex,Credit,371780853319378,2021-06-01,461,YES,2,11000,2010-04-01,2010
1176,Amex,Credit,339154209082656,2010-09-01,909,YES,1,21700,2010-04-01,2010
1065,Amex,Credit,395345060148797,2023-05-01,951,YES,2,23900,2010-04-01,2012
27,Discover,Credit,6392121692006580,2023-11-01,277,YES,1,13100,2010-04-01,2013
1852,Mastercard,Credit,5911319900289830,2021-04-01,37,YES,2,21600,2010-04-01,2010
858,Mastercard,Debit (Prepaid),5241392304445800,2023-07-01,137,YES,1,89,2010-04-01,2010
147,Mastercard,Credit,5890900416850840,2021-08-01,152,YES,1,18000,2010-04-01,2010
613,Mastercard,Debit,5946607095736670,2020-02-01,861,YES,2,18764,2010-04-01,2014
223,Mastercard,Debit,5287664021778790,2012-06-01,973,YES,2,16647,2010-04-01,2012
1596,Mastercard,Debit (Prepaid),5871381416815400,2021-07-01,254,YES,1,59,2010-04-01,2010
662,Mastercard,Debit,5178588521108550,2021-04-01,647,YES,2,28747,2010-04-01,2010
89,Mastercard,Debit,5250142801861710,2023-02-01,485,YES,2,9401,2010-04-01,2011
89,Mastercard,Debit,5291753153918140,2018-07-01,855,YES,1,9742,2010-04-01,2010
1059,Mastercard,Debit,5577607865497290,2024-12-01,463,YES,2,16460,2010-04-01,2010
1699,Mastercard,Debit (Prepaid),5899056864789400,2020-01-01,49,YES,1,70,2010-04-01,2010
1966,Mastercard,Debit,5638732969366740,2023-04-01,854,YES,2,13326,2010-04-01,2010
954,Mastercard,Debit,5915880344129110,2024-08-01,471,YES,2,18320,2010-04-01,2010
432,Mastercard,Debit,5469440611983410,2018-06-01,723,YES,2,11625,2010-04-01,2012
432,Mastercard,Credit,5944277345824230,2021-11-01,689,YES,2,5800,2010-04-01,2011
1736,Mastercard,Credit,5389414515165980,2022-12-01,32,YES,1,9100,2010-04-01,2019
1444,Mastercard,Debit,5734359364174760,2024-03-01,802,YES,2,27982,2010-04-01,2010
1533,Mastercard,Credit,5946485614560580,2021-04-01,261,YES,1,11800,2010-04-01,2013
1442,Mastercard,Debit,5370998800503320,2021-06-01,122,YES,2,11986,2010-04-01,2015
209,Mastercard,Credit,5758229821813980,2020-06-01,759,YES,1,8900,2010-04-01,2010
1717,Mastercard,Debit,5089930923373790,2020-08-01,17,YES,1,23956,2010-04-01,2010
1983,Mastercard,Debit,5340780229634190,2023-07-01,257,YES,1,47211,2010-04-01,2010
1947,Mastercard,Debit,5263399480715020,2022-09-01,84,YES,1,5440,2010-04-01,2010
1372,Visa,Debit,4574373333053390,2020-08-01,742,YES,2,2330,2010-04-01,2011
724,Visa,Credit,4998601196255200,2020-07-01,12,YES,3,7100,2010-04-01,2010
644,Visa,Credit,4403164286544030,2022-04-01,303,YES,2,7700,2010-04-01,2010
1268,Visa,Credit,4636984888214440,2018-04-01,380,YES,2,5900,2010-04-01,2010
520,Visa,Debit,4594555086793740,2022-10-01,454,YES,2,28156,2010-04-01,2010
73,Visa,Credit,4813468957928980,2020-03-01,563,YES,1,14300,2010-04-01,2010
207,Visa,Credit,4842107930686430,2022-01-01,786,YES,1,7700,2010-04-01,2010
758,Visa,Credit,4525162655452080,2024-06-01,626,YES,1,9200,2010-04-01,2013
394,Visa,Debit,4130599250567060,2023-05-01,25,YES,2,23884,2010-04-01,2010
351,Visa,Debit,4760435386907930,2022-01-01,2,YES,2,5080,2010-04-01,2010
727,Visa,Credit,4116639367344720,2021-05-01,923,YES,2,9700,2010-04-01,2016
164,Visa,Credit,4141753158398480,2022-03-01,11,YES,1,5100,2010-04-01,2011
62,Visa,Debit,4511173067957920,2022-08-01,468,YES,2,5520,2010-04-01,2010
1461,Visa,Debit,4534127090202760,2010-08-01,827,YES,2,35757,2010-04-01,2011
1348,Visa,Debit,4924159268930790,2010-09-01,790,YES,1,1,2010-04-01,2010
942,Amex,Credit,376110023635089,2023-05-01,593,YES,1,20800,2011-04-01,2013
79,Amex,Credit,352313983770185,2021-03-01,46,YES,2,12200,2011-04-01,2011
1882,Discover,Credit,6504367247289960,2019-01-01,580,YES,1,13600,2011-04-01,2011
1977,Mastercard,Debit (Prepaid),5755720451424420,2021-02-01,988,YES,1,91,2011-04-01,2011
1758,Mastercard,Credit,5105518827174570,2024-11-01,883,YES,1,3800,2011-04-01,2011
1662,Mastercard,Debit,5275365619003580,2021-10-01,507,YES,1,29948,2011-04-01,2011
260,Mastercard,Debit,5136583159442030,2019-07-01,321,YES,1,21007,2011-04-01,2011
1129,Mastercard,Credit,5744954381314390,2022-06-01,501,YES,1,7600,2011-04-01,2011
28,Mastercard,Credit,5623379608463300,2024-01-01,922,YES,1,16400,2011-04-01,2011
132,Mastercard,Debit,5959099643778590,2022-01-01,625,YES,2,15022,2011-04-01,2011
674,Mastercard,Debit,5317549941978660,2013-04-01,455,YES,2,11402,2011-04-01,2011
177,Mastercard,Credit,5237138657431090,2023-09-01,589,YES,1,11900,2011-04-01,2011
1089,Mastercard,Debit,5862553540544500,2022-08-01,206,YES,2,25390,2011-04-01,2011
229,Visa,Debit,4909457460257160,2020-03-01,892,NO,1,20827,2011-04-01,2011
1546,Visa,Debit,4483206793672490,2024-06-01,339,YES,2,19015,2011-04-01,2011
1757,Visa,Debit,4126600786733030,2023-10-01,380,YES,1,12628,2011-04-01,2012
469,Visa,Credit,4499974645760870,2024-12-01,556,YES,1,13700,2011-04-01,2014
1736,Visa,Debit,4211715476152920,2024-03-01,345,YES,1,2289,2011-04-01,2011
1652,Visa,Debit,4652000658523000,2023-05-01,271,YES,2,15652,2011-04-01,2011
80,Visa,Debit,4321023718227210,2024-02-01,881,YES,1,13569,2011-04-01,2011
1405,Visa,Debit (Prepaid),4465717590252400,2020-10-01,476,YES,2,62,2011-04-01,2011
217,Mastercard,Debit,5565497732362120,2022-03-01,430,NO,1,16538,2012-04-01,2012
477,Mastercard,Credit,5573356132288870,2024-02-01,39,NO,2,14400,2012-04-01,2012
1207,Mastercard,Credit,5670831659213510,2020-11-01,143,YES,1,16800,2012-04-01,2012
1229,Mastercard,Debit (Prepaid),5325455545002990,2023-10-01,421,YES,2,74,2012-04-01,2012
696,Mastercard,Debit,5648047323588800,2024-11-01,470,YES,1,28601,2012-04-01,2012
473,Mastercard,Debit,5182798655253660,2022-02-01,237,YES,1,10005,2012-04-01,2012
220,Mastercard,Credit,5572404956005530,2024-12-01,905,YES,3,23500,2012-04-01,2012
402,Mastercard,Debit,5299237121049630,2023-10-01,876,YES,2,14749,2012-04-01,2012
1190,Mastercard,Debit,5714691469447870,2020-07-01,319,YES,2,19919,2012-04-01,2012
1788,Mastercard,Credit,5277514275369870,2024-01-01,175,YES,2,7100,2012-04-01,2012
1702,Mastercard,Debit,5717363470674550,2020-02-01,98,YES,2,22787,2012-04-01,2012
855,Mastercard,Debit,5060743978360450,2021-08-01,638,YES,2,13841,2012-04-01,2012
1859,Mastercard,Debit,5843937298541000,2021-06-01,609,YES,1,15976,2012-04-01,2012
985,Visa,Credit,4862788591864790,2019-02-01,466,YES,1,300,2012-04-01,2012
1303,Visa,Debit,4671850635889890,2020-11-01,859,YES,2,31662,2012-04-01,2012
261,Visa,Debit,4234542365249670,2022-02-01,25,YES,1,23781,2012-04-01,2012
132,Visa,Credit,4832180811213550,2021-01-01,231,YES,2,0,2012-04-01,2012
107,Visa,Credit,4710429105538730,2015-04-01,958,YES,2,5500,2012-04-01,2012
1621,Visa,Credit,4035574637806080,2020-04-01,28,NO,3,25100,2012-04-01,2012
603,Visa,Credit,4958653958330130,2022-11-01,821,YES,2,3900,2012-04-01,2012
185,Visa,Credit,4718517475996010,2021-01-01,492,YES,2,5700,2012-04-01,2012
1176,Amex,Credit,337116884587546,2018-09-01,164,NO,2,13400,2013-04-01,2013
523,Discover,Credit,6364215863625390,2023-10-01,14,YES,1,13000,2013-04-01,2013
718,Discover,Credit,6596755789941870,2024-11-01,931,YES,2,5700,2013-04-01,2013
1520,Mastercard,Debit (Prepaid),5139150904667380,2016-05-01,509,YES,1,86,2013-04-01,2013
561,Mastercard,Debit (Prepaid),5918296616309870,2024-05-01,983,YES,1,69,2013-04-01,2013
226,Mastercard,Debit,5392117170606250,2018-03-01,949,YES,1,56640,2013-04-01,2013
921,Mastercard,Debit,5838395313903970,2024-06-01,439,NO,1,21466,2013-04-01,2013
360,Mastercard,Debit,5168276651669090,2022-07-01,939,YES,2,15972,2013-04-01,2013
73,Visa,Debit,4782359944930740,2024-06-01,12,NO,1,17252,2013-04-01,2013
1585,Visa,Debit,4535134357521440,2022-03-01,877,YES,2,19197,2013-04-01,2013
184,Visa,Debit,4266071650368100,2024-12-01,345,YES,1,20773,2013-04-01,2013
1684,Mastercard,Debit,5903499521440690,2024-12-01,779,YES,1,16899,2014-04-01,2014
580,Mastercard,Debit,5498308482575220,2021-03-01,952,YES,1,14471,2014-04-01,2014
124,Mastercard,Debit,5024398810633930,2020-02-01,575,NO,2,23999,2014-04-01,2014
1432,Mastercard,Debit,5033363979740910,2022-07-01,246,YES,2,25740,2014-04-01,2014
1477,Mastercard,Debit,5770262844753640,2020-02-01,717,YES,2,18171,2014-04-01,2014
1020,Mastercard,Debit,5716337574011950,2020-02-01,231,YES,1,26317,2014-04-01,2014
827,Mastercard,Credit,5246519897413640,2024-05-01,408,YES,2,7100,2014-04-01,2014
1616,Mastercard,Debit,5724240961290010,2023-12-01,700,YES,1,28861,2014-04-01,2014
825,Visa,Debit,4956965974959980,2020-12-01,393,YES,2,21968,2014-04-01,2014
1718,Visa,Debit,4242015583697290,2020-06-01,928,YES,1,31463,2014-04-01,2014
1484,Visa,Credit,4941415000431970,2022-11-01,50,YES,2,12800,2014-04-01,2014
918,Visa,Debit,4442346065712690,2023-08-01,225,YES,2,12057,2014-04-01,2014
1201,Visa,Debit,4563146572171390,2020-12-01,510,YES,2,38317,2014-04-01,2014
1722,Visa,Credit,4012239673381940,2020-03-01,960,YES,2,3900,2014-04-01,2014
1908,Visa,Debit,4667494597335920,2016-04-01,716,YES,1,23053,2014-04-01,2014
449,Visa,Debit,4169464534562520,2021-09-01,770,YES,2,13368,2014-04-01,2014
894,Visa,Credit,4744158528922930,2020-02-01,983,YES,3,9300,2014-04-01,2014
160,Visa,Debit,4052223642085360,2020-11-01,695,YES,1,15204,2014-04-01,2014
1034,Amex,Credit,321353785529607,2020-02-01,213,YES,2,11800,2015-04-01,2015
42,Discover,Credit,6128331852366830,2019-02-01,56,YES,2,5600,2015-04-01,2015
1406,Mastercard,Debit,5597563473232220,2020-04-01,348,YES,1,9431,2015-04-01,2015
1201,Mastercard,Debit,5614281662886510,2024-12-01,906,YES,2,61355,2015-04-01,2015
21,Mastercard,Debit,5977475805952050,2015-06-01,815,YES,2,13383,2015-04-01,2015
1697,Mastercard,Debit (Prepaid),5803099724523610,2020-09-01,930,YES,1,63,2015-04-01,2015
709,Mastercard,Debit,5810782752163020,2021-10-01,359,YES,2,19915,2015-04-01,2015
987,Mastercard,Debit (Prepaid),5929319761273570,2024-02-01,367,YES,1,69,2015-04-01,2015
241,Mastercard,Debit,5424175323034310,2018-11-01,340,YES,1,11143,2015-04-01,2015
863,Mastercard,Debit,5275357240057940,2024-06-01,107,YES,2,11402,2015-04-01,2015
347,Visa,Credit,4663448396973760,2021-09-01,346,YES,2,6100,2015-04-01,2015
1964,Visa,Debit,4066451880192960,2016-04-01,9,YES,1,14960,2015-04-01,2015
596,Visa,Credit,4733769586168380,2021-02-01,556,YES,2,5100,2015-04-01,2015
1413,Visa,Debit,4793567137334720,2024-12-01,45,NO,1,13760,2015-04-01,2015
1702,Visa,Debit,4044157806268500,2020-07-01,642,YES,1,15145,2015-04-01,2015
299,Amex,Credit,339123645701074,2023-05-01,369,NO,2,8300,2016-04-01,2016
755,Discover,Credit,6854474888626750,2020-01-01,26,YES,3,4900,2016-04-01,2016
1598,Discover,Credit,6844863173851960,2024-11-01,435,YES,2,8700,2016-04-01,2016
800,Mastercard,Debit,5306340091674900,2016-05-01,523,YES,1,18242,2016-04-01,2016
563,Mastercard,Debit,5607545663588370,2022-06-01,320,YES,1,18241,2016-04-01,2016
1814,Mastercard,Debit,5333200083950490,2016-07-01,47,YES,1,17895,2016-04-01,2016
439,Mastercard,Debit,5427056152561930,2020-05-01,439,NO,1,16332,2016-04-01,2016
748,Mastercard,Debit,5448937090820050,2017-01-01,848,YES,1,20067,2016-04-01,2016
569,Visa,Credit,4345309820081330,2022-08-01,761,YES,2,5900,2016-04-01,2016
1034,Visa,Debit,4882435446100320,2024-12-01,332,YES,1,21102,2016-04-01,2016
649,Visa,Debit,4094691617950050,2020-07-01,376,YES,1,14558,2016-04-01,2016
1560,Mastercard,Debit,5489055781970210,2021-06-01,833,YES,1,15492,2017-04-01,2017
684,Mastercard,Debit,5762936498559210,2023-04-01,657,YES,1,13946,2017-04-01,2017
275,Mastercard,Debit,5348564290163180,2024-01-01,732,YES,1,31873,2017-04-01,2017
878,Mastercard,Debit,5016370406985580,2018-03-01,313,YES,1,12079,2017-04-01,2017
928,Mastercard,Debit,5578069135826630,2019-07-01,703,YES,1,10882,2017-04-01,2017
942,Visa,Credit,4309882951597540,2022-10-01,139,YES,2,5300,2017-04-01,2017
712,Visa,Debit,4891475179534970,2018-12-01,326,YES,2,18316,2017-04-01,2017
641,Visa,Debit,4090737232864590,2019-04-01,873,YES,2,18401,2017-04-01,2017
793,Visa,Credit,4030904159290020,2023-04-01,880,YES,1,13700,2017-04-01,2017
1492,Discover,Credit,6417599205270840,2021-07-01,504,YES,2,17600,2018-04-01,2018
1673,Mastercard,Debit,5557372707231200,2024-12-01,434,YES,1,10794,2018-04-01,2018
346,Mastercard,Debit,5447315840545670,2020-06-01,843,YES,1,37318,2018-04-01,2018
369,Mastercard,Debit (Prepaid),5156265505747460,2023-12-01,637,YES,1,72,2018-04-01,2018
82,Mastercard,Debit (Prepaid),5037837734992920,2019-12-01,383,YES,1,78,2018-04-01,2018
1000,Mastercard,Debit,5864857498399320,2020-03-01,31,YES,1,23088,2018-04-01,2018
1828,Visa,Debit,4054167228117850,2023-07-01,695,YES,2,974,2018-04-01,2018
29,Visa,Credit,4794836039067040,2021-02-01,764,YES,1,2700,2018-04-01,2018
91,Visa,Credit,4905977959597100,2020-10-01,543,YES,1,19100,2018-04-01,2018
396,Visa,Debit (Prepaid),4976990803040920,2020-02-01,280,YES,1,63,2018-04-01,2018
1616,Visa,Debit,4474440079220400,2022-10-01,166,NO,1,56039,2018-04-01,2018
1301,Visa,Debit,4729953228374500,2022-07-01,461,YES,2,34888,2019-04-01,2019
1204,Visa,Debit,4786456074959150,2024-04-01,463,YES,1,39578,2019-04-01,2019
846,Visa,Credit,4682031333555580,2022-12-01,219,YES,2,9700,2019-04-01,2019
1606,Mastercard,Debit,5285784915006140,2020-03-01,790,YES,2,7834,1996-05-01,2012
1920,Visa,Debit,4515665907154910,2020-06-01,91,NO,2,20318,1996-05-01,2015
118,Discover,Credit,6987061746149190,2024-11-01,75,YES,1,6700,1997-05-01,2016
250,Mastercard,Credit,5464567834760930,2017-04-01,217,YES,1,8200,1997-05-01,2007
1784,Mastercard,Credit,5862883052434840,2004-11-01,716,YES,1,15900,1997-05-01,2009
1491,Visa,Credit,4478225264154010,2006-03-01,285,YES,2,5100,1997-05-01,2010
984,Visa,Debit,4735265751138650,2022-08-01,484,YES,1,14217,1997-05-01,2013
1731,Mastercard,Debit,5543346867967370,2024-11-01,275,YES,1,16409,1998-05-01,2008
665,Mastercard,Debit,5367612713630890,2022-03-01,457,YES,1,1264,1998-05-01,2014
60,Mastercard,Debit,5713112635487340,2020-02-01,796,YES,1,11159,1998-05-01,2015
456,Visa,Credit,4751933848032840,2024-12-01,614,YES,1,5800,1998-05-01,2009
410,Visa,Credit,4599206670491660,2006-10-01,819,YES,2,15000,1998-05-01,2008
92,Mastercard,Debit,5123318890212910,2013-10-01,821,YES,1,25670,1999-05-01,2010
92,Mastercard,Credit,5719709279353500,2020-07-01,403,YES,1,9000,1999-05-01,2012
1198,Visa,Debit,4489873116412360,2021-08-01,547,YES,2,12764,1999-05-01,2010
63,Visa,Debit,4128926575959190,2020-06-01,827,YES,1,23806,1999-05-01,2008
730,Visa,Credit,4498188620007870,2021-01-01,230,YES,2,19400,1999-05-01,2011
138,Amex,Credit,323444546475230,2023-02-01,788,YES,1,6900,2000-05-01,2012
135,Mastercard,Debit,5736838327060440,2022-11-01,714,YES,2,2236,2000-05-01,2015
1115,Visa,Credit,4897384992083940,2000-05-01,382,YES,1,3500,2000-05-01,2007
1307,Visa,Credit,4757620010538960,2021-02-01,258,YES,2,29200,2000-05-01,2010
964,Visa,Debit,4780096957038020,2007-12-01,604,YES,2,6311,2000-05-01,2013
1979,Mastercard,Debit,5393830319691220,2022-08-01,765,YES,1,30065,2001-05-01,2011
1430,Mastercard,Debit,5779613966623140,2024-12-01,870,YES,2,1936,2001-05-01,2010
1725,Mastercard,Debit (Prepaid),5566680974439310,2010-02-01,454,YES,2,15,2001-05-01,2009
414,Mastercard,Debit,5489310042170570,2022-02-01,555,YES,1,62703,2001-05-01,2007
1049,Mastercard,Credit,5582940861805000,2016-08-01,142,YES,1,10500,2001-05-01,2009
373,Mastercard,Debit,5422145957568710,2020-12-01,242,YES,2,8021,2001-05-01,2018
631,Mastercard,Debit,5164138227100830,2022-07-01,553,YES,1,15591,2001-05-01,2012
99,Visa,Debit,4388509355512100,2020-01-01,52,YES,2,12837,2001-05-01,2013
138,Visa,Debit,4036369476300570,2023-08-01,682,YES,1,13325,2001-05-01,2011
253,Visa,Credit,4198207686929970,2021-03-01,480,YES,1,800,2001-05-01,2008
1102,Amex,Credit,302324154583308,2023-07-01,777,YES,1,26900,2002-05-01,2019
1807,Amex,Credit,321246869185324,2020-08-01,300,YES,2,13200,2002-05-01,2014
42,Discover,Credit,6638748785809860,2021-06-01,943,YES,1,6300,2002-05-01,2011
1441,Mastercard,Debit,5370803294413430,2021-07-01,851,YES,1,28894,2002-05-01,2011
280,Mastercard,Debit,5836255998556360,2023-01-01,124,YES,2,14592,2002-05-01,2018
24,Mastercard,Debit,5519749178345160,2020-03-01,389,YES,2,8165,2002-05-01,2009
944,Mastercard,Debit,5043143066698540,2020-09-01,288,YES,2,130971,2002-05-01,2010
497,Mastercard,Debit,5019087087012500,2020-03-01,735,YES,1,16681,2002-05-01,2011
1403,Mastercard,Debit,5658918047471970,2024-03-01,179,YES,2,11889,2002-05-01,2014
1303,Visa,Debit,4178535461392080,2015-05-01,804,YES,1,20699,2002-05-01,2008
357,Visa,Credit,4227790214165420,2022-04-01,326,YES,2,14500,2002-05-01,2007
798,Visa,Credit,4075750138489650,2022-07-01,157,YES,2,19700,2002-05-01,2011
1985,Visa,Credit,4000146965265890,2023-07-01,14,YES,1,400,2002-05-01,2018
487,Visa,Credit,4217570056214860,2013-11-01,636,YES,2,11400,2002-05-01,2014
827,Visa,Credit,4995884742655530,2024-08-01,532,YES,1,6800,2002-05-01,2012
1807,Amex,Credit,342755409763060,2007-04-01,743,YES,2,3900,2003-05-01,2008
1382,Mastercard,Debit,5947766191531250,2024-10-01,760,YES,2,11415,2003-05-01,2013
797,Mastercard,Debit,5326004022460540,2023-04-01,904,YES,1,36309,2003-05-01,2006
541,Mastercard,Credit,5176908526574910,2015-01-01,638,YES,2,12200,2003-05-01,2009
274,Mastercard,Credit,5703235867357520,2023-02-01,825,YES,2,10500,2003-05-01,2016
1079,Mastercard,Debit,5504827836625700,2024-02-01,847,YES,1,30753,2003-05-01,2008
689,Mastercard,Debit,5132514461067100,2007-12-01,356,YES,1,29283,2003-05-01,2012
864,Mastercard,Credit,5404748709503420,2021-10-01,943,NO,2,18300,2003-05-01,2008
1140,Mastercard,Debit,5152235839088170,2023-07-01,469,NO,2,27298,2003-05-01,2007
218,Mastercard,Debit,5721088827990780,2022-07-01,570,YES,2,9789,2003-05-01,2013
1591,Visa,Credit,4654712521098390,2020-03-01,269,YES,2,9800,2003-05-01,2008
152,Visa,Credit,4361942024605010,2021-03-01,649,YES,1,10300,2003-05-01,2016
744,Amex,Credit,388894604011447,2009-11-01,475,YES,2,2200,2004-05-01,2008
256,Amex,Credit,343199188380745,2024-10-01,496,YES,1,12400,2004-05-01,2014
1425,Discover,Credit,6774837644015380,2020-08-01,620,YES,2,2900,2004-05-01,2011
150,Discover,Credit,6252296592576200,2020-05-01,976,YES,3,22400,2004-05-01,2015
1034,Discover,Credit,6281560178306830,2020-10-01,359,YES,1,11500,2004-05-01,2007
1844,Mastercard,Credit,5172743861765170,2016-07-01,906,YES,1,15700,2004-05-01,2011
845,Mastercard,Debit,5982817665927230,2014-10-01,390,YES,2,20362,2004-05-01,2012
1916,Mastercard,Debit,5079032910713560,2022-12-01,402,YES,2,7343,2004-05-01,2013
1755,Mastercard,Debit,5658596727246390,2010-02-01,436,YES,1,4067,2004-05-01,2020
1183,Mastercard,Debit,5382214816700100,2019-04-01,291,YES,2,12021,2004-05-01,2014
914,Mastercard,Debit,5608287824056670,2024-09-01,345,YES,2,21074,2004-05-01,2010
430,Mastercard,Debit,5346827663529170,2024-10-01,54,NO,2,37634,2004-05-01,2006
205,Mastercard,Debit,5624048822152510,2020-02-01,78,YES,2,14859,2004-05-01,2009
1356,Mastercard,Credit,5533435981760040,2005-04-01,746,YES,2,7900,2004-05-01,2009
591,Mastercard,Debit,5274379508016900,2022-01-01,559,NO,2,21971,2004-05-01,2012
563,Visa,Debit (Prepaid),4615078938268870,2007-11-01,149,NO,2,100,2004-05-01,2010
350,Visa,Credit,4482149609303330,2023-03-01,969,YES,2,12100,2004-05-01,2010
1334,Visa,Credit,4723027876552510,2021-05-01,423,YES,1,14400,2004-05-01,2010
1408,Visa,Debit,4751759256983270,2023-12-01,978,YES,2,6513,2004-05-01,2013
823,Visa,Credit,4009130422427800,2021-02-01,247,YES,2,8600,2004-05-01,2012
99,Visa,Credit,4999872563975230,2006-01-01,258,YES,1,18800,2004-05-01,2011
1026,Visa,Debit (Prepaid),4226159572103720,2023-10-01,756,YES,2,77,2004-05-01,2007
385,Visa,Debit,4573674903451240,2021-12-01,611,YES,2,7495,2004-05-01,2005
1107,Visa,Debit (Prepaid),4218945513492400,2020-04-01,609,YES,2,102,2004-05-01,2011
1674,Amex,Credit,366520954874839,2022-05-01,447,YES,2,8800,2005-05-01,2011
1536,Amex,Credit,397856635669220,2020-11-01,2,YES,1,9500,2005-05-01,2009
200,Amex,Credit,342172377890381,2023-04-01,59,YES,2,1400,2005-05-01,2009
724,Mastercard,Debit,5832356224925490,2024-06-01,245,YES,2,16476,2005-05-01,2008
1622,Mastercard,Debit,5215629197170610,2020-12-01,502,YES,2,40176,2005-05-01,2009
1028,Mastercard,Debit,5154620986833690,2022-05-01,7,YES,1,43289,2005-05-01,2017
1973,Mastercard,Debit,5700569085858750,2021-01-01,37,YES,1,16441,2005-05-01,2008
1361,Mastercard,Debit,5046881432224650,2013-07-01,229,YES,2,1513,2005-05-01,2008
1876,Mastercard,Debit,5865202589439150,2006-12-01,927,YES,2,19107,2005-05-01,2005
1444,Mastercard,Debit,5358748385757370,2020-11-01,637,YES,2,32049,2005-05-01,2005
416,Mastercard,Debit (Prepaid),5959812127527700,2021-09-01,122,NO,2,60,2005-05-01,2013
512,Mastercard,Debit,5796522269741790,2021-12-01,918,YES,2,27677,2005-05-01,2006
1202,Mastercard,Credit,5690597003085820,2024-01-01,546,YES,2,0,2005-05-01,2012
1461,Mastercard,Credit,5778899151304680,2015-03-01,908,NO,1,16600,2005-05-01,2015
917,Mastercard,Debit,5404392353169210,2020-10-01,819,YES,1,20999,2005-05-01,2007
180,Visa,Credit,4966727954053970,2021-11-01,756,YES,2,6200,2005-05-01,2018
994,Visa,Debit,4992900043507940,2021-05-01,759,YES,1,12778,2005-05-01,2010
94,Visa,Debit,4044839537020410,2023-07-01,113,YES,1,16962,2005-05-01,2010
1026,Visa,Credit,4683287791246500,2018-05-01,517,NO,1,6200,2005-05-01,2013
609,Visa,Credit,4979556172920760,2024-08-01,507,YES,2,10600,2005-05-01,2005
1759,Visa,Credit,4174613161615030,2024-10-01,977,YES,2,11000,2005-05-01,2020
679,Amex,Credit,326701965155978,2017-11-01,478,YES,1,9900,2006-05-01,2007
1103,Mastercard,Debit,5259283165298570,2016-12-01,403,YES,1,13469,2006-05-01,2009
470,Mastercard,Debit,5569531561859090,2013-01-01,29,YES,2,2704,2006-05-01,2013
81,Mastercard,Debit (Prepaid),5391276903408070,2012-10-01,935,YES,2,48,2006-05-01,2014
1184,Mastercard,Debit,5561480222242740,2020-05-01,302,YES,1,39751,2006-05-01,2007
1445,Mastercard,Debit,5075248077516620,2022-08-01,860,YES,2,11641,2006-05-01,2010
1053,Mastercard,Credit,5506401194150440,2021-07-01,939,YES,3,9200,2006-05-01,2009
221,Mastercard,Debit,5299458985659880,2021-12-01,939,YES,2,2209,2006-05-01,2013
1281,Mastercard,Debit,5072405422049280,2023-10-01,218,YES,2,14720,2006-05-01,2014
433,Mastercard,Debit,5168270261449730,2007-08-01,417,YES,2,14716,2006-05-01,2012
1250,Mastercard,Debit,5695828176341630,2021-12-01,792,YES,2,14116,2006-05-01,2015
1274,Mastercard,Debit,5679478018180570,2017-03-01,465,YES,2,5391,2006-05-01,2013
1542,Mastercard,Debit (Prepaid),5712463929886780,2020-06-01,814,YES,2,65,2006-05-01,2009
1983,Mastercard,Credit,5268892141706910,2023-03-01,905,YES,1,51900,2006-05-01,2009
1070,Mastercard,Debit,5485919338552930,2021-11-01,934,YES,1,16898,2006-05-01,2013
1947,Mastercard,Debit,5611228007672260,2019-01-01,578,NO,2,11817,2006-05-01,2009
871,Visa,Credit,4325807240930440,2018-04-01,642,YES,1,7600,2006-05-01,2009
1314,Visa,Credit,4459121196885640,2010-08-01,455,YES,2,10100,2006-05-01,2010
851,Visa,Debit,4977782671344110,2009-01-01,467,NO,2,6335,2006-05-01,2020
1765,Visa,Debit,4240386642532590,2013-02-01,460,YES,1,11588,2006-05-01,2008
250,Visa,Debit,4123003512524800,2023-01-01,338,YES,1,7808,2006-05-01,2009
1654,Visa,Credit,4757921989009510,2023-10-01,921,YES,1,14900,2006-05-01,2014
1567,Visa,Debit,4516862441362740,2013-06-01,641,YES,2,17559,2006-05-01,2006
1872,Visa,Debit,4579828689268310,2023-07-01,234,YES,1,24308,2006-05-01,2011
1872,Visa,Debit,4168297207560520,2018-06-01,37,YES,1,21655,2006-05-01,2009
2,Visa,Credit,4809764397537140,2013-12-01,939,YES,1,7800,2006-05-01,2012
1559,Amex,Credit,369191506516942,2024-03-01,251,YES,1,13300,2007-05-01,2015
1378,Amex,Credit,335015591165588,2019-12-01,916,YES,1,10100,2007-05-01,2016
1495,Amex,Credit,324324340319414,2016-07-01,548,YES,1,15700,2007-05-01,2013
1070,Amex,Credit,331661418672228,2020-02-01,340,YES,2,13100,2007-05-01,2013
354,Discover,Credit,6846703172802180,2007-07-01,994,YES,1,9200,2007-05-01,2014
46,Mastercard,Debit,5615933957470020,2020-02-01,432,YES,2,8037,2007-05-01,2010
223,Mastercard,Credit,5573846518194120,2014-09-01,32,YES,1,12600,2007-05-01,2012
285,Mastercard,Credit,5158289509346680,2023-01-01,32,YES,2,11500,2007-05-01,2007
318,Mastercard,Debit,5604082480116920,2023-11-01,659,YES,2,9725,2007-05-01,2012
480,Mastercard,Debit,5620895880327850,2022-09-01,944,YES,1,51051,2007-05-01,2012
1636,Mastercard,Debit,5805477288229190,2020-02-01,832,YES,2,7090,2007-05-01,2017
79,Mastercard,Debit,5142418384827690,2020-12-01,69,YES,2,6588,2007-05-01,2011
44,Mastercard,Debit,5336725167428420,2020-10-01,773,YES,2,9707,2007-05-01,2009
1634,Mastercard,Credit,5720852309018310,2023-11-01,885,YES,1,4400,2007-05-01,2014
366,Mastercard,Debit,5897249041445570,2021-02-01,103,YES,2,19019,2007-05-01,2011
1051,Mastercard,Debit,5601903712765460,2020-02-01,584,YES,1,25935,2007-05-01,2012
1030,Mastercard,Credit,5615880941381850,2024-02-01,761,YES,2,12600,2007-05-01,2011
753,Mastercard,Debit (Prepaid),5333013779987100,2009-01-01,836,YES,2,4,2007-05-01,2009
989,Mastercard,Credit,5696485046042910,2024-02-01,764,YES,1,28000,2007-05-01,2007
1405,Mastercard,Credit,5520845437304870,2018-02-01,530,NO,1,10800,2007-05-01,2009
1941,Visa,Debit (Prepaid),4704135426810720,2020-02-01,251,YES,2,30,2007-05-01,2008
13,Visa,Debit,4066959047815430,2020-08-01,283,YES,1,10629,2007-05-01,2008
951,Visa,Credit,4609960492769090,2023-03-01,512,YES,2,5400,2007-05-01,2013
176,Visa,Debit,4801908937828140,2024-02-01,380,YES,2,7312,2007-05-01,2008
1896,Visa,Debit,4222966508731550,2023-07-01,816,YES,2,19635,2007-05-01,2018
704,Visa,Debit,4463424589377220,2024-12-01,763,YES,1,65540,2007-05-01,2012
1186,Visa,Debit,4731388951338390,2020-11-01,782,YES,2,3433,2007-05-01,2007
1086,Visa,Debit,4440995001444540,2021-09-01,944,YES,1,17117,2007-05-01,2010
832,Visa,Debit,4981253351585410,2022-09-01,351,YES,1,23260,2007-05-01,2010
1295,Visa,Credit,4019889574171570,2023-08-01,866,YES,1,7500,2007-05-01,2009
1604,Visa,Credit,4831831757232990,2023-02-01,528,YES,2,8800,2007-05-01,2009
1416,Visa,Credit,4093144761309720,2022-01-01,231,YES,1,14700,2007-05-01,2014
141,Visa,Debit,4385951951421350,2022-02-01,796,YES,2,17235,2007-05-01,2007
614,Visa,Debit,4208882690900430,2021-09-01,889,YES,2,17403,2007-05-01,2010
1340,Amex,Credit,329808568475348,2021-06-01,259,NO,1,13300,2008-05-01,2013
814,Amex,Credit,304032329695965,2020-07-01,406,YES,2,14300,2008-05-01,2012
1520,Mastercard,Debit,5835884730427360,2023-05-01,642,YES,1,22639,2008-05-01,2010
1397,Mastercard,Debit,5728788703554060,2023-05-01,492,YES,2,29340,2008-05-01,2010
714,Mastercard,Debit (Prepaid),5082951387967570,2022-07-01,776,YES,1,42,2008-05-01,2014
280,Mastercard,Credit,5625623929407720,2024-02-01,413,NO,2,5600,2008-05-01,2011
1455,Mastercard,Debit,5738438340474110,2020-03-01,798,YES,1,427,2008-05-01,2010
580,Mastercard,Credit,5795691987889820,2011-04-01,416,YES,3,12400,2008-05-01,2008
81,Mastercard,Debit,5054918583369090,2021-03-01,18,YES,2,1778,2008-05-01,2011
1193,Mastercard,Debit,5771106543332280,2013-03-01,600,YES,1,22858,2008-05-01,2010
179,Mastercard,Debit,5078628761076720,2024-11-01,417,YES,2,17417,2008-05-01,2009
1513,Mastercard,Credit,5634053342792520,2021-07-01,779,YES,1,27200,2008-05-01,2011
1561,Mastercard,Debit,5321097255210930,2022-10-01,151,YES,2,30909,2008-05-01,2013
41,Mastercard,Debit (Prepaid),5383108155927180,2021-05-01,298,YES,1,83,2008-05-01,2011
816,Mastercard,Debit,5499461944095270,2022-02-01,35,YES,2,13343,2008-05-01,2011
1703,Mastercard,Credit,5745606898714100,2022-06-01,753,YES,2,10600,2008-05-01,2019
366,Mastercard,Debit,5887795279651150,2009-08-01,708,YES,2,12241,2008-05-01,2008
168,Mastercard,Debit,5417072753532780,2019-08-01,346,YES,1,142,2008-05-01,2012
1556,Mastercard,Debit (Prepaid),5497590243197280,2022-07-01,306,YES,2,55,2008-05-01,2008
1903,Mastercard,Credit,5961602906943580,2021-05-01,233,YES,2,14900,2008-05-01,2008
443,Mastercard,Debit,5567990384490530,2013-05-01,643,YES,2,15317,2008-05-01,2013
1417,Mastercard,Credit,5790469227539260,2022-10-01,1,NO,1,14200,2008-05-01,2016
1562,Mastercard,Credit,5819630613408760,2023-03-01,727,YES,2,8100,2008-05-01,2014
348,Visa,Debit,4228885239928180,2013-10-01,543,NO,1,28283,2008-05-01,2012
1487,Visa,Debit,4394014058373530,2022-10-01,943,YES,1,31589,2008-05-01,2008
16,Visa,Credit,4255418851751850,2010-06-01,361,NO,2,9500,2008-05-01,2010
1323,Visa,Debit,4007252024868250,2013-05-01,524,YES,1,14074,2008-05-01,2009
637,Visa,Debit,4710368677781810,2022-12-01,979,YES,1,26410,2008-05-01,2011
369,Visa,Debit,4294953678019550,2013-04-01,826,YES,1,18280,2008-05-01,2011
1151,Visa,Debit,4973211658227260,2022-05-01,524,YES,2,495,2008-05-01,2010
1989,Visa,Debit,4556637634817260,2023-03-01,126,YES,2,16293,2008-05-01,2009
1517,Visa,Credit,4225059111399170,2021-06-01,829,YES,2,24900,2008-05-01,2013
1173,Visa,Credit,4285723805461630,2024-05-01,282,YES,2,8700,2008-05-01,2009
304,Visa,Debit,4353880576731230,2022-01-01,425,YES,2,13773,2008-05-01,2008
1551,Visa,Credit,4719385621754820,2022-09-01,503,YES,1,8500,2008-05-01,2014
1404,Visa,Debit,4847424526739150,2020-02-01,326,YES,2,4906,2008-05-01,2008
1357,Visa,Debit,4580468046825260,2012-04-01,101,YES,1,12833,2008-05-01,2010
90,Visa,Debit,4086714175586100,2010-05-01,977,YES,2,9661,2008-05-01,2015
1215,Visa,Debit,4052977938644530,2008-07-01,922,YES,2,18112,2008-05-01,2011
1861,Amex,Credit,344769057601771,2016-06-01,588,YES,2,10000,2009-05-01,2011
1389,Discover,Credit,6880652319415110,2022-08-01,218,YES,2,7900,2009-05-01,2010
1488,Discover,Credit,6362095888524270,2020-02-01,180,YES,1,11900,2009-05-01,2011
1981,Mastercard,Debit,5898198294277170,2022-08-01,332,YES,2,20962,2009-05-01,2009
1155,Mastercard,Debit,5677245240966690,2023-03-01,293,NO,1,12091,2009-05-01,2009
89,Mastercard,Debit,5384107443816530,2021-06-01,90,YES,2,10863,2009-05-01,2011
1686,Mastercard,Credit,5430681770747920,2024-04-01,594,YES,2,10800,2009-05-01,2010
1568,Mastercard,Debit,5390794078159430,2022-07-01,644,YES,2,9120,2009-05-01,2013
1644,Mastercard,Debit,5998143511839610,2022-05-01,174,YES,1,8304,2009-05-01,2013
1031,Mastercard,Debit,5984945879573910,2021-11-01,289,YES,1,44568,2009-05-01,2011
377,Mastercard,Debit,5070774990129710,2020-09-01,210,YES,2,2536,2009-05-01,2009
401,Mastercard,Debit,5192267246661560,2024-10-01,412,YES,1,17691,2009-05-01,2009
432,Mastercard,Debit,5087574290944960,2009-08-01,540,YES,2,10049,2009-05-01,2009
1936,Mastercard,Debit,5454198029567960,2023-08-01,161,YES,1,34348,2009-05-01,2010
472,Mastercard,Debit (Prepaid),5761593258077970,2020-01-01,590,YES,2,44,2009-05-01,2013
1464,Mastercard,Debit (Prepaid),5930584948662060,2020-03-01,601,YES,2,52,2009-05-01,2012
1701,Mastercard,Credit,5172226378448320,2022-12-01,648,YES,1,6400,2009-05-01,2010
1123,Mastercard,Debit (Prepaid),5789926821361970,2021-04-01,833,YES,2,83,2009-05-01,2010
1766,Mastercard,Debit,5555216812366870,2023-05-01,871,YES,1,9257,2009-05-01,2009
1096,Mastercard,Credit,5257815762743070,2020-10-01,52,YES,2,5500,2009-05-01,2009
147,Visa,Debit,4633730568874380,2009-07-01,565,NO,2,2819,2009-05-01,2009
1312,Visa,Debit,4834799974606450,2023-08-01,389,YES,1,10599,2009-05-01,2010
1619,Visa,Debit,4063054242876750,2024-08-01,647,YES,2,19054,2009-05-01,2017
1067,Visa,Credit,4668940576231180,2021-04-01,310,YES,1,9000,2009-05-01,2009
1186,Visa,Debit,4845063997012950,2021-01-01,278,YES,1,12325,2009-05-01,2009
1393,Visa,Debit,4412200129683780,2021-05-01,930,YES,2,8845,2009-05-01,2010
1491,Visa,Debit,4844854154690490,2023-05-01,285,YES,2,20773,2009-05-01,2011
1195,Visa,Credit,4213819030854810,2024-06-01,692,YES,2,12100,2009-05-01,2019
1855,Visa,Credit,4355832454848290,2020-08-01,490,YES,3,13400,2009-05-01,2011
1018,Visa,Credit,4299407178052840,2020-12-01,725,YES,2,9800,2009-05-01,2011
1697,Visa,Debit,4110479205142550,2021-12-01,951,YES,2,17104,2009-05-01,2010
1921,Visa,Credit,4297525095541790,2022-05-01,49,YES,2,8900,2009-05-01,2010
1741,Visa,Debit (Prepaid),4148892255805740,2023-02-01,546,YES,1,56,2009-05-01,2010
977,Visa,Credit,4152641013108390,2023-06-01,561,YES,2,10200,2009-05-01,2009
1076,Visa,Credit,4579975371658950,2020-06-01,13,YES,2,7600,2009-05-01,2013
141,Visa,Credit,4362354248365750,2021-01-01,283,YES,2,6400,2009-05-01,2009
1355,Visa,Debit,4107644655969760,2017-10-01,870,YES,1,9295,2009-05-01,2009
1177,Visa,Credit,4375233416487690,2023-11-01,566,YES,1,15800,2009-05-01,2015
1618,Visa,Debit,4788096167141160,2024-01-01,88,YES,1,26608,2009-05-01,2009
1781,Visa,Debit,4421074314274460,2015-10-01,365,YES,2,4924,2009-05-01,2013
1614,Visa,Credit,4605207086612810,2019-05-01,438,YES,1,0,2009-05-01,2009
1587,Amex,Credit,343245906110440,2022-07-01,728,YES,1,30900,2010-05-01,2016
401,Amex,Credit,321401373752458,2023-04-01,507,YES,2,11000,2010-05-01,2014
275,Amex,Credit,325342510254113,2024-07-01,179,YES,2,15600,2010-05-01,2019
1741,Amex,Credit,345841340861008,2014-08-01,854,YES,1,7500,2010-05-01,2011
1633,Amex,Credit,356560829047775,2020-06-01,388,NO,1,15000,2010-05-01,2015
989,Amex,Credit,309385388804488,2024-01-01,251,YES,1,16200,2010-05-01,2010
678,Discover,Credit,6863075164690670,2020-11-01,357,YES,2,7300,2010-05-01,2010
140,Mastercard,Debit,5529182104663860,2022-01-01,182,YES,1,19110,2010-05-01,2011
688,Mastercard,Debit,5238684130320060,2022-11-01,870,NO,1,25563,2010-05-01,2010
746,Mastercard,Debit (Prepaid),5287305063365330,2011-07-01,597,YES,1,93,2010-05-01,2010
1397,Mastercard,Credit,5717397423380280,2022-09-01,862,YES,2,7700,2010-05-01,2010
29,Mastercard,Debit,5345212200076220,2022-08-01,387,YES,1,16113,2010-05-01,2010
1424,Mastercard,Credit,5474945486540300,2015-06-01,533,YES,2,8300,2010-05-01,2015
1243,Mastercard,Credit,5688444191664890,2023-06-01,723,YES,1,7300,2010-05-01,2011
757,Mastercard,Debit,5604853881293160,2020-02-01,942,YES,2,12905,2010-05-01,2010
595,Mastercard,Debit,5268706720915460,2020-07-01,202,YES,1,18035,2010-05-01,2010
124,Mastercard,Debit,5683051566552760,2024-03-01,924,YES,1,13022,2010-05-01,2010
782,Mastercard,Debit,5863102770923370,2024-03-01,62,NO,2,13055,2010-05-01,2010
1719,Mastercard,Debit,5649993743023410,2022-05-01,600,YES,2,16034,2010-05-01,2010
206,Mastercard,Credit,5817132520514790,2024-01-01,425,YES,1,11300,2010-05-01,2011
1324,Mastercard,Debit,5147547789135480,2020-12-01,635,YES,1,13013,2010-05-01,2012
27,Mastercard,Debit,5876088623884850,2014-12-01,299,NO,1,10488,2010-05-01,2010
1902,Mastercard,Debit,5099488514797620,2021-06-01,652,YES,2,11087,2010-05-01,2011
576,Mastercard,Debit,5940844230264570,2024-01-01,441,YES,1,29465,2010-05-01,2010
1468,Mastercard,Debit,5820539169400550,2010-10-01,359,YES,1,32035,2010-05-01,2014
1057,Mastercard,Debit,5057040773022390,2015-09-01,546,YES,1,23395,2010-05-01,2020
1695,Mastercard,Credit,5064256706957220,2022-07-01,302,YES,2,12700,2010-05-01,2015
49,Mastercard,Debit,5463153984541850,2024-06-01,13,YES,1,20311,2010-05-01,2012
327,Mastercard,Debit,5683543220441250,2020-07-01,750,YES,2,9165,2010-05-01,2010
327,Mastercard,Debit,5911738030583600,2021-06-01,479,YES,2,13322,2010-05-01,2010
1084,Mastercard,Debit,5424410190052620,2021-04-01,437,YES,1,19807,2010-05-01,2010
1112,Mastercard,Credit,5783231256300880,2015-02-01,872,YES,1,6000,2010-05-01,2016
173,Mastercard,Debit (Prepaid),5926977700240330,2021-12-01,508,YES,2,44,2010-05-01,2010
1412,Mastercard,Credit,5135678062479800,2021-07-01,505,YES,1,12800,2010-05-01,2016
1355,Mastercard,Debit,5164840016148960,2023-08-01,26,YES,2,7112,2010-05-01,2014
329,Mastercard,Credit,5376701080589920,2020-10-01,991,YES,1,12300,2010-05-01,2013
114,Mastercard,Debit,5471501151275210,2019-01-01,875,YES,2,16617,2010-05-01,2011
742,Mastercard,Credit,5867727546265980,2010-10-01,868,YES,2,12700,2010-05-01,2010
1655,Mastercard,Debit,5129559258430450,2015-02-01,315,YES,2,22679,2010-05-01,2010
348,Visa,Credit,4210237285941910,2020-04-01,160,YES,1,13500,2010-05-01,2012
697,Visa,Debit,4873407892539440,2018-09-01,423,YES,2,33736,2010-05-01,2010
1782,Visa,Debit,4853013168432420,2015-09-01,554,NO,2,1981,2010-05-01,2014
1799,Visa,Debit,4260012890373380,2022-07-01,447,NO,2,28127,2010-05-01,2010
409,Visa,Debit,4702266560105450,2022-09-01,749,YES,1,14999,2010-05-01,2010
637,Visa,Debit,4769992479242560,2012-08-01,572,YES,2,3864,2010-05-01,2015
1694,Visa,Credit,4325110497566620,2024-12-01,658,YES,1,16900,2010-05-01,2010
1969,Visa,Debit,4288810793226670,2015-02-01,453,YES,1,3016,2010-05-01,2011
1135,Visa,Debit (Prepaid),4850287414377340,2024-10-01,123,YES,1,62,2010-05-01,2012
14,Visa,Debit,4124567693793730,2022-04-01,870,NO,1,16464,2010-05-01,2012
948,Visa,Credit,4763339915481090,2023-06-01,488,YES,2,8300,2010-05-01,2010
1913,Amex,Credit,333504501414647,2020-12-01,276,YES,1,17700,2011-05-01,2013
604,Amex,Credit,359466340825605,2024-11-01,426,YES,1,16000,2011-05-01,2011
1348,Amex,Credit,313148408217973,2021-10-01,576,YES,2,0,2011-05-01,2011
1296,Discover,Credit,6969946254132650,2022-12-01,588,YES,1,19800,2011-05-01,2011
684,Discover,Credit,6219867119924880,2022-11-01,425,YES,2,8800,2011-05-01,2011
1644,Discover,Credit,6244344461424370,2015-04-01,414,YES,2,8900,2011-05-01,2014
1828,Mastercard,Debit,5513112349725580,2020-07-01,255,YES,2,1212,2011-05-01,2011
733,Mastercard,Debit,5904146428140240,2020-12-01,277,YES,2,2656,2011-05-01,2015
662,Mastercard,Debit (Prepaid),5419683819223050,2021-07-01,690,YES,2,110,2011-05-01,2011
1131,Mastercard,Credit,5477242500035900,2023-07-01,908,YES,1,14600,2011-05-01,2018
1471,Mastercard,Credit,5155511243348830,2020-02-01,151,YES,1,7900,2011-05-01,2011
1281,Mastercard,Credit,5360137436970940,2017-01-01,838,YES,1,10100,2011-05-01,2016
161,Mastercard,Debit,5018191731735770,2024-02-01,889,YES,1,13612,2011-05-01,2011
1533,Mastercard,Debit,5118758087775710,2022-06-01,993,YES,2,27594,2011-05-01,2011
1771,Mastercard,Debit,5154358829015660,2022-03-01,153,YES,1,27534,2011-05-01,2011
75,Mastercard,Credit,5689040853282700,2021-10-01,551,YES,2,9200,2011-05-01,2011
1988,Mastercard,Debit,5565968548709320,2024-07-01,877,YES,2,30024,2011-05-01,2011
759,Mastercard,Debit,5565412921641370,2024-09-01,992,YES,1,25059,2011-05-01,2011
1258,Mastercard,Debit,5477831310262420,2020-12-01,288,YES,1,24326,2011-05-01,2011
869,Visa,Debit,4705406456208640,2022-04-01,542,YES,2,19792,2011-05-01,2011
869,Visa,Debit (Prepaid),4751613092399340,2024-09-01,600,YES,2,76,2011-05-01,2011
776,Visa,Debit,4147569007175920,2020-07-01,384,YES,2,25020,2011-05-01,2011
1213,Visa,Debit,4257444870981170,2020-02-01,297,YES,1,13905,2011-05-01,2011
832,Visa,Debit,4295278548240320,2024-07-01,380,NO,1,20776,2011-05-01,2011
992,Visa,Debit,4374177951721870,2023-12-01,692,NO,2,23636,2011-05-01,2013
592,Visa,Debit,4088000072942920,2023-04-01,532,YES,1,15504,2011-05-01,2012
913,Visa,Credit,4526538061468980,2020-03-01,180,YES,1,6900,2011-05-01,2011
155,Visa,Debit,4972569366952710,2020-01-01,855,YES,2,14959,2011-05-01,2011
826,Amex,Credit,304617902043505,2017-03-01,382,YES,1,19400,2012-05-01,2012
920,Amex,Credit,341587958222262,2024-06-01,281,YES,2,10000,2012-05-01,2012
529,Amex,Credit,348640265728493,2024-06-01,591,YES,1,4500,2012-05-01,2012
1116,Mastercard,Debit,5224739362243610,2019-01-01,922,YES,1,29333,2012-05-01,2012
577,Mastercard,Debit,5591077047400630,2020-09-01,615,YES,1,17936,2012-05-01,2012
1371,Mastercard,Debit,5739342319047050,2020-02-01,749,YES,2,23807,2012-05-01,2012
967,Mastercard,Debit,5505908551325320,2012-09-01,646,YES,1,10946,2012-05-01,2012
747,Mastercard,Debit,5241795986089990,2017-09-01,783,YES,1,16565,2012-05-01,2012
272,Mastercard,Credit,5873495069998570,2018-10-01,162,YES,2,14700,2012-05-01,2012
315,Mastercard,Debit,5948980046719580,2024-05-01,710,YES,1,22115,2012-05-01,2012
566,Mastercard,Debit (Prepaid),5019509763985500,2013-12-01,156,YES,1,58,2012-05-01,2012
463,Mastercard,Debit,5043650081401230,2017-11-01,56,YES,1,13257,2012-05-01,2012
586,Visa,Debit,4957920148379710,2022-11-01,577,YES,1,30952,2012-05-01,2012
232,Visa,Debit,4247339520232390,2022-07-01,598,YES,1,24401,2012-05-01,2012
828,Visa,Credit,4073585160932950,2023-05-01,635,YES,2,4100,2012-05-01,2012
797,Visa,Debit,4780648737008530,2019-01-01,156,YES,2,42491,2012-05-01,2012
1148,Visa,Debit,4536763812166730,2021-01-01,475,YES,1,11068,2012-05-01,2012
457,Amex,Credit,323995995043195,2021-03-01,845,YES,2,4300,2013-05-01,2013
1003,Discover,Credit,6369515530338470,2024-10-01,852,YES,2,21000,2013-05-01,2013
872,Discover,Credit,6591224063219770,2020-10-01,174,YES,2,4100,2013-05-01,2013
356,Mastercard,Debit,5261666772953090,2018-01-01,761,YES,1,39192,2013-05-01,2013
506,Mastercard,Debit,5155395661236310,2024-06-01,314,YES,1,17995,2013-05-01,2013
371,Mastercard,Credit,5931001528763540,2018-12-01,471,YES,2,27600,2013-05-01,2013
921,Mastercard,Debit,5415658075753990,2024-03-01,112,YES,1,41714,2013-05-01,2013
1301,Visa,Debit,4199613929770270,2023-09-01,765,YES,1,22833,2013-05-01,2013
1544,Visa,Debit,4875181033970230,2020-01-01,251,YES,1,16017,2013-05-01,2013
1012,Visa,Debit,4078119028995750,2022-12-01,754,YES,1,21086,2013-05-01,2013
1138,Visa,Credit,4103345732677830,2022-08-01,996,YES,2,5600,2013-05-01,2013
1429,Visa,Debit,4846690288981540,2015-03-01,677,YES,1,12353,2013-05-01,2013
1811,Visa,Debit,4910341780863440,2022-11-01,246,YES,1,87408,2013-05-01,2013
532,Visa,Debit,4777234942221860,2023-06-01,559,YES,1,21793,2013-05-01,2013
1156,Discover,Credit,6822627615926080,2022-08-01,344,NO,1,2500,2014-05-01,2014
1128,Mastercard,Credit,5389873336522250,2022-10-01,754,YES,2,11100,2014-05-01,2014
530,Mastercard,Debit,5955587375467600,2020-07-01,522,YES,2,11475,2014-05-01,2014
1915,Mastercard,Debit,5937648730770380,2024-12-01,903,YES,1,34453,2014-05-01,2014
1459,Mastercard,Credit,5890992850865870,2014-08-01,901,YES,1,4000,2014-05-01,2014
1140,Mastercard,Debit,5554081439634550,2022-07-01,695,YES,2,22409,2014-05-01,2014
1274,Mastercard,Debit,5973716612118370,2023-09-01,38,YES,1,18573,2014-05-01,2014
328,Mastercard,Debit,5900781818896310,2024-08-01,694,YES,2,15125,2014-05-01,2014
1572,Mastercard,Credit,5536644643614480,2015-08-01,627,YES,2,3500,2014-05-01,2014
928,Mastercard,Debit,5075857376370680,2020-02-01,982,YES,1,19624,2014-05-01,2014
313,Mastercard,Debit,5401966281135700,2023-02-01,737,YES,2,12183,2014-05-01,2014
1329,Mastercard,Debit,5371618774432890,2017-07-01,17,YES,1,9800,2014-05-01,2014
710,Visa,Credit,4977439177902700,2023-10-01,725,YES,1,1300,2014-05-01,2014
1353,Visa,Debit,4092359255548680,2018-07-01,548,YES,1,22566,2014-05-01,2014
1993,Visa,Debit,4474146136597580,2015-06-01,298,YES,1,54768,2014-05-01,2014
660,Visa,Debit,4522536096309010,2015-10-01,832,NO,1,16820,2014-05-01,2014
1089,Visa,Debit,4171386450929970,2020-10-01,702,YES,1,32269,2014-05-01,2014
1446,Amex,Credit,351994837631702,2022-12-01,441,YES,2,2600,2015-05-01,2015
104,Discover,Credit,6464999389821770,2020-09-01,611,YES,1,6300,2015-05-01,2015
1314,Mastercard,Debit,5946312773938300,2015-10-01,291,YES,1,12605,2015-05-01,2015
433,Mastercard,Debit,5647678785895090,2024-10-01,728,YES,1,10179,2015-05-01,2015
1851,Mastercard,Debit,5716512774333390,2024-07-01,690,YES,1,64059,2015-05-01,2015
1571,Mastercard,Debit,5908095549619750,2015-10-01,530,YES,1,30704,2015-05-01,2015
1500,Mastercard,Debit (Prepaid),5751736349751590,2020-05-01,682,YES,1,69,2015-05-01,2015
862,Mastercard,Credit,5170494527481340,2022-05-01,731,NO,1,3800,2015-05-01,2015
354,Visa,Debit,4298702562718330,2021-01-01,595,YES,1,15206,2015-05-01,2015
654,Visa,Credit,4589986776113950,2023-10-01,678,NO,2,7600,2015-05-01,2015
459,Visa,Credit,4702160782866810,2022-07-01,32,YES,1,6300,2015-05-01,2015
943,Discover,Credit,6208996174626370,2023-02-01,640,YES,2,6600,2016-05-01,2016
461,Mastercard,Debit,5102353988152900,2022-12-01,667,YES,2,20913,2016-05-01,2016
519,Mastercard,Debit,5608799929769380,2024-01-01,653,YES,2,18526,2016-05-01,2016
942,Mastercard,Debit,5253617024037340,2022-11-01,224,YES,2,27720,2016-05-01,2016
565,Mastercard,Debit,5971222369856300,2024-08-01,849,NO,1,17599,2016-05-01,2016
850,Mastercard,Debit,5981401699297030,2020-02-01,754,YES,2,23072,2016-05-01,2016
198,Mastercard,Debit,5101124751213930,2022-11-01,652,YES,2,13689,2016-05-01,2016
86,Mastercard,Debit,5738889921774670,2019-06-01,261,YES,2,12490,2016-05-01,2016
397,Mastercard,Debit,5166788218031490,2021-10-01,167,YES,1,12172,2016-05-01,2016
31,Mastercard,Debit,5325590478347300,2020-04-01,663,YES,2,25702,2016-05-01,2016
1446,Visa,Debit,4770102025264540,2020-02-01,63,NO,1,9915,2016-05-01,2016
15,Visa,Credit,4885936439907960,2020-06-01,161,YES,1,0,2016-05-01,2016
318,Visa,Credit,4949255212004880,2023-12-01,520,YES,2,0,2016-05-01,2016
1552,Visa,Credit,4498319484048580,2016-08-01,282,YES,2,11300,2016-05-01,2016
1604,Visa,Debit,4756917754933720,2021-07-01,915,YES,1,13754,2016-05-01,2016
496,Visa,Debit,4602655731592720,2019-03-01,673,YES,1,22516,2016-05-01,2016
839,Visa,Debit,4661359494660870,2024-04-01,259,YES,2,25650,2016-05-01,2016
1951,Discover,Credit,6059981259285360,2024-08-01,661,YES,1,8000,2017-05-01,2017
1301,Mastercard,Debit,5975006425756630,2023-12-01,551,YES,1,22297,2017-05-01,2017
1555,Mastercard,Credit,5004140207005820,2024-12-01,826,YES,2,2300,2017-05-01,2017
50,Mastercard,Debit,5332822054530190,2020-07-01,842,YES,2,29474,2017-05-01,2017
123,Mastercard,Debit,5404585495463220,2024-10-01,263,YES,2,15305,2017-05-01,2017
1890,Mastercard,Debit,5696067026976480,2024-03-01,895,YES,2,10582,2017-05-01,2017
801,Mastercard,Debit,5933370673358510,2020-03-01,729,YES,2,15042,2017-05-01,2017
1413,Mastercard,Debit,5135176048333370,2024-09-01,832,YES,1,14927,2017-05-01,2017
1480,Mastercard,Credit,5677473176452050,2018-01-01,686,YES,2,7100,2017-05-01,2017
258,Visa,Debit,4410595521974950,2020-08-01,468,YES,1,15063,2017-05-01,2017
497,Visa,Credit,4627450737727000,2019-03-01,306,YES,2,12500,2017-05-01,2017
1110,Visa,Credit,4994011318343990,2020-12-01,120,YES,1,14400,2017-05-01,2017
1274,Amex,Credit,350211718386898,2024-12-01,981,YES,2,10700,2018-05-01,2018
1823,Visa,Credit,4907569031158210,2024-08-01,170,YES,2,12400,2018-05-01,2018
1137,Mastercard,Credit,5018280111106130,2022-03-01,425,YES,2,11100,2019-05-01,2019
1302,Mastercard,Debit,5129159719934930,2020-02-01,886,NO,1,8993,2019-05-01,2019
1416,Mastercard,Debit,5804559102457690,2020-06-01,32,YES,1,23481,1996-06-01,2012
873,Mastercard,Debit,5289111922145090,2022-10-01,314,YES,2,28405,1998-06-01,2008
1538,Mastercard,Debit,5013050025628150,2021-10-01,272,YES,2,21284,1998-06-01,2016
1787,Visa,Credit,4616160672677130,2003-10-01,410,YES,2,11400,1998-06-01,2007
996,Mastercard,Credit,5784959743819570,2023-07-01,348,YES,1,12900,1999-06-01,2011
1484,Mastercard,Credit,5060071689988750,2022-08-01,113,YES,2,17200,1999-06-01,2013
164,Mastercard,Debit,5220177364102100,2020-02-01,680,YES,1,14103,1999-06-01,2008
184,Mastercard,Debit (Prepaid),5279859317968590,2022-12-01,265,YES,2,110,1999-06-01,2017
1422,Mastercard,Debit,5267551356380600,2022-12-01,984,NO,2,5451,1999-06-01,2012
807,Visa,Debit,4261622382091220,2023-03-01,482,NO,1,30903,1999-06-01,2008
1173,Amex,Credit,309312757333159,2015-05-01,253,YES,1,11200,2000-06-01,2013
1958,Mastercard,Debit,5622888585637620,2023-01-01,818,YES,1,9676,2000-06-01,2009
1285,Mastercard,Debit,5607772753172560,2023-12-01,609,YES,2,20933,2000-06-01,2014
665,Mastercard,Debit,5383484021585470,2001-06-01,78,NO,2,15007,2000-06-01,2013
209,Mastercard,Credit,5219421106437720,2023-11-01,66,NO,2,2500,2000-06-01,2011
1195,Visa,Debit,4896500420485740,2020-03-01,197,YES,2,15409,2000-06-01,2017
1279,Visa,Debit,4694285041085170,2021-02-01,763,YES,1,16722,2000-06-01,2005
291,Amex,Credit,352221649550364,2024-10-01,412,YES,2,9900,2001-06-01,2006
803,Discover,Credit,6713344750325700,2005-10-01,728,YES,2,15300,2001-06-01,2011
159,Discover,Credit,6337572896253920,2014-08-01,827,YES,1,5900,2001-06-01,2016
820,Mastercard,Credit,5880489541836640,2024-06-01,558,YES,1,15100,2001-06-01,2010
415,Mastercard,Debit,5411021821466200,2021-01-01,274,YES,1,17527,2001-06-01,2005
1451,Mastercard,Debit,5004479479624200,2024-06-01,206,YES,1,34319,2001-06-01,2013
1023,Mastercard,Credit,5072448935798660,2023-07-01,115,YES,2,17100,2001-06-01,2011
778,Visa,Credit,4367416449267710,2014-08-01,163,NO,1,13700,2001-06-01,2005
1882,Visa,Debit,4848394515179450,2024-01-01,918,YES,1,35943,2001-06-01,2009
1940,Visa,Debit,4910409648688380,2021-02-01,257,NO,2,311,2001-06-01,2011
1605,Visa,Credit,4050809280792650,2022-10-01,906,YES,1,8700,2001-06-01,2010
1084,Amex,Credit,338539852038786,2017-05-01,921,YES,1,20900,2002-06-01,2011
464,Amex,Credit,352397360356465,2022-08-01,465,YES,2,18000,2002-06-01,2011
1660,Mastercard,Credit,5074836567307560,2023-03-01,741,NO,2,6000,2002-06-01,2010
515,Mastercard,Debit,5870786595656020,2023-05-01,221,YES,2,15800,2002-06-01,2012
491,Mastercard,Debit,5438809137996730,2018-03-01,668,YES,2,7176,2002-06-01,2012
1171,Mastercard,Debit (Prepaid),5454433543896440,2023-06-01,8,YES,2,87,2002-06-01,2007
1811,Mastercard,Debit,5158280368787690,2024-10-01,616,YES,1,70187,2002-06-01,2011
1168,Mastercard,Debit,5809446324429030,2020-09-01,480,YES,1,25422,2002-06-01,2008
110,Visa,Debit,4359508857343080,2008-03-01,274,NO,1,32223,2002-06-01,2005
1594,Visa,Debit,4590995550885290,2011-08-01,564,YES,1,12252,2002-06-01,2010
1910,Visa,Debit (Prepaid),4227171668701150,2024-10-01,319,YES,2,33,2002-06-01,2018
994,Visa,Debit,4700657272928280,2023-06-01,777,YES,2,8874,2002-06-01,2012
1823,Visa,Credit,4206248084502470,2020-03-01,545,YES,2,14900,2002-06-01,2011
819,Visa,Credit,4067933636132210,2023-02-01,693,YES,1,8400,2002-06-01,2010
1739,Visa,Debit (Prepaid),4443766253735100,2024-04-01,361,YES,1,80,2002-06-01,2011
1581,Amex,Credit,335921476257243,2022-02-01,743,NO,1,11300,2003-06-01,2007
1981,Mastercard,Debit,5843429452249820,2021-08-01,570,YES,2,17706,2003-06-01,2010
1055,Mastercard,Debit,5476802835185780,2023-05-01,744,YES,2,1543,2003-06-01,2009
750,Mastercard,Debit,5040046262063370,2024-12-01,731,YES,2,11749,2003-06-01,2015
356,Mastercard,Debit,5812893386791850,2012-07-01,51,YES,2,14100,2003-06-01,2010
908,Mastercard,Debit,5076319230738340,2023-01-01,951,YES,1,3630,2003-06-01,2009
1541,Mastercard,Credit,5190258026083820,2020-12-01,16,YES,2,10600,2003-06-01,2008
1416,Mastercard,Debit (Prepaid),5765279389616520,2024-07-01,43,YES,2,47,2003-06-01,2013
674,Mastercard,Credit,5098677498618630,2021-01-01,475,NO,1,6500,2003-06-01,2012
169,Mastercard,Debit,5995053751840190,2024-02-01,267,YES,1,12591,2003-06-01,2010
870,Visa,Debit,4073664438482770,2022-03-01,973,NO,1,30160,2003-06-01,2017
1916,Visa,Credit,4494411189246870,2023-01-01,670,YES,1,5500,2003-06-01,2010
1046,Visa,Debit,4890055017613530,2021-04-01,956,YES,2,10124,2003-06-01,2018
1349,Visa,Credit,4983219034734700,2021-10-01,787,YES,2,4600,2003-06-01,2003
801,Visa,Debit,4116069421023160,2024-10-01,820,YES,2,9551,2003-06-01,2009
62,Visa,Debit,4129299581714210,2022-06-01,296,YES,2,11836,2003-06-01,2015
1299,Visa,Credit,4515199158031460,2021-10-01,329,YES,2,8800,2003-06-01,2016
1549,Visa,Debit,4443781290442850,2020-06-01,841,NO,2,40920,2003-06-01,2015
55,Visa,Debit,4806234146608190,2020-08-01,750,YES,1,1736,2003-06-01,2012
1087,Amex,Credit,345938557402151,2020-11-01,382,YES,2,7400,2004-06-01,2006
53,Amex,Credit,311447548311580,2020-04-01,560,YES,1,14800,2004-06-01,2010
573,Amex,Credit,350866149120216,2023-09-01,265,YES,2,3400,2004-06-01,2008
1141,Amex,Credit,382984229682656,2012-12-01,950,NO,1,9400,2004-06-01,2011
1213,Discover,Credit,6856082880767970,2021-01-01,86,YES,1,12300,2004-06-01,2013
437,Mastercard,Debit,5745854957552320,2023-08-01,938,YES,2,27687,2004-06-01,2007
1340,Mastercard,Debit,5056109817639740,2021-08-01,165,YES,1,18462,2004-06-01,2007
494,Mastercard,Credit,5445638120890620,2021-10-01,265,YES,2,13500,2004-06-01,2014
440,Mastercard,Debit,5432650033328110,2023-04-01,920,YES,2,5307,2004-06-01,2010
552,Mastercard,Debit,5115906061769120,2022-12-01,219,YES,2,18627,2004-06-01,2010
139,Mastercard,Debit (Prepaid),5271307942784930,2016-02-01,888,YES,1,86,2004-06-01,2006
996,Visa,Debit,4813292561037470,2005-07-01,979,YES,2,16167,2004-06-01,2009
1684,Visa,Credit,4814691024249330,2022-01-01,424,YES,1,5700,2004-06-01,2012
1508,Visa,Debit,4609477454357080,2022-01-01,347,YES,2,12150,2004-06-01,2008
1156,Visa,Debit,4129256843458770,2022-08-01,936,YES,2,88743,2004-06-01,2010
1248,Visa,Debit,4737713633389780,2008-11-01,17,YES,1,14725,2004-06-01,2008
1229,Visa,Credit,4751829096986110,2019-02-01,153,YES,2,7600,2004-06-01,2010
5,Visa,Debit,4062156976910800,2024-10-01,305,NO,2,12286,2004-06-01,2013
419,Visa,Debit,4580608927025360,2007-01-01,312,YES,2,18089,2004-06-01,2009
699,Amex,Credit,361232830727034,2022-08-01,626,YES,1,9500,2005-06-01,2005
831,Discover,Credit,6343000201050370,2020-06-01,991,YES,1,8300,2005-06-01,2013
1075,Mastercard,Debit,5202477865497330,2022-04-01,861,YES,1,29964,2005-06-01,2014
1910,Mastercard,Debit,5465784735932040,2021-08-01,490,YES,1,10764,2005-06-01,2007
1259,Mastercard,Debit,5681560415834990,2021-04-01,699,YES,2,141391,2005-06-01,2005
282,Mastercard,Debit,5420156044028720,2020-03-01,391,NO,1,10059,2005-06-01,2014
1712,Mastercard,Debit,5526616116382740,2021-10-01,600,YES,1,21205,2005-06-01,2010
868,Mastercard,Credit,5925756786369210,2010-06-01,556,NO,1,6800,2005-06-01,2009
1971,Mastercard,Debit,5670267603066030,2020-02-01,875,YES,1,17474,2005-06-01,2015
69,Mastercard,Debit,5707448794545760,2024-06-01,39,YES,2,6817,2005-06-01,2016
1697,Mastercard,Debit,5868327296481310,2023-01-01,32,YES,2,18721,2005-06-01,2009
1725,Mastercard,Debit,5197218235211410,2021-01-01,955,YES,2,30950,2005-06-01,2020
1846,Mastercard,Credit,5762316813851480,2022-10-01,722,NO,1,6900,2005-06-01,2012
2,Mastercard,Credit,5191615123045320,2020-11-01,485,YES,1,7400,2005-06-01,2011
779,Mastercard,Debit,5510063639324750,2012-06-01,587,YES,2,12698,2005-06-01,2010
1913,Visa,Debit,4082503635321960,2008-04-01,947,NO,2,21370,2005-06-01,2010
1559,Visa,Debit,4714754243202450,2022-12-01,297,YES,2,33539,2005-06-01,2018
186,Visa,Credit,4219906676806330,2015-09-01,998,YES,2,8900,2005-06-01,2011
1669,Visa,Debit,4739603201770870,2023-07-01,48,YES,2,2572,2005-06-01,2010
1670,Visa,Credit,4281818687372220,2020-11-01,956,YES,1,15100,2005-06-01,2011
1916,Visa,Debit (Prepaid),4541177168542350,2021-02-01,768,NO,1,64,2005-06-01,2014
1694,Visa,Credit,4867107450868590,2024-05-01,494,YES,1,16900,2005-06-01,2014
392,Visa,Debit (Prepaid),4935298479806410,2022-08-01,570,YES,2,32,2005-06-01,2012
1082,Visa,Credit,4609569293297680,2020-07-01,165,YES,2,10600,2005-06-01,2017
1195,Discover,Credit,6308747644809110,2021-10-01,62,YES,1,11300,2006-06-01,2012
996,Mastercard,Debit,5691123059106640,2024-08-01,190,YES,2,18861,2006-06-01,2011
820,Mastercard,Debit (Prepaid),5416807432483550,2013-08-01,557,YES,2,66,2006-06-01,2010
578,Mastercard,Debit,5639231472661420,2006-06-01,482,YES,1,17167,2006-06-01,2007
94,Mastercard,Debit,5468915979157790,2007-05-01,571,YES,2,17007,2006-06-01,2009
1324,Mastercard,Credit,5465005714822980,2020-08-01,676,YES,2,10400,2006-06-01,2006
1876,Mastercard,Debit,5986700523468550,2020-12-01,317,YES,1,21552,2006-06-01,2006
1271,Mastercard,Debit (Prepaid),5525521386256140,2016-11-01,10,YES,2,33,2006-06-01,2013
1963,Mastercard,Debit,5735308019363320,2024-02-01,502,YES,1,25297,2006-06-01,2006
1295,Mastercard,Debit,5253054637336990,2020-05-01,162,YES,2,11382,2006-06-01,2009
1709,Mastercard,Debit,5109330727953240,2023-12-01,947,YES,2,13461,2006-06-01,2010
1515,Mastercard,Debit (Prepaid),5823790653455970,2021-02-01,850,YES,3,29,2006-06-01,2012
982,Mastercard,Debit,5809911164005510,2013-04-01,820,YES,1,21358,2006-06-01,2010
1840,Mastercard,Debit,5359109609282450,2023-05-01,933,YES,2,21701,2006-06-01,2007
1537,Mastercard,Debit (Prepaid),5031314717836440,2023-01-01,860,YES,2,51,2006-06-01,2006
1262,Mastercard,Debit,5384973024512820,2022-04-01,569,YES,1,15702,2006-06-01,2007
1514,Mastercard,Credit,5382732373960610,2016-02-01,56,YES,2,10900,2006-06-01,2012
583,Mastercard,Debit,5799169833597040,2021-01-01,85,YES,1,3483,2006-06-01,2013
1937,Mastercard,Debit,5663910895753020,2024-08-01,385,YES,2,12212,2006-06-01,2006
809,Mastercard,Debit,5751825449090350,2018-10-01,741,YES,1,31696,2006-06-01,2015
1520,Visa,Debit,4185031026466050,2018-01-01,48,YES,2,24544,2006-06-01,2013
951,Visa,Debit,4717280495507380,2012-03-01,268,YES,1,8374,2006-06-01,2010
296,Visa,Debit (Prepaid),4237846626072610,2023-08-01,204,NO,2,87,2006-06-01,2006
692,Visa,Debit,4048124341417310,2021-10-01,117,YES,2,35649,2006-06-01,2011
1228,Visa,Debit,4200226929304950,2022-01-01,587,YES,1,17536,2006-06-01,2007
1091,Visa,Debit,4561951091545890,2022-08-01,691,YES,1,21744,2006-06-01,2011
7,Visa,Debit (Prepaid),4738669769696350,2022-08-01,376,YES,1,25,2006-06-01,2013
1735,Visa,Debit,4497189555825930,2015-05-01,378,YES,2,7320,2006-06-01,2015
866,Amex,Credit,399832211170214,2024-11-01,984,YES,1,4500,2007-06-01,2007
1636,Amex,Credit,354505344407390,2020-04-01,793,YES,1,6900,2007-06-01,2008
1810,Amex,Credit,358698367361738,2023-11-01,803,YES,2,7900,2007-06-01,2017
170,Amex,Credit,332511890564170,2022-05-01,728,YES,1,11400,2007-06-01,2007
551,Discover,Credit,6207684045556320,2008-06-01,297,YES,2,400,2007-06-01,2010
34,Mastercard,Debit (Prepaid),5672012369002300,2020-02-01,598,YES,2,105,2007-06-01,2013
1997,Mastercard,Debit,5145075395048640,2020-07-01,818,YES,2,17257,2007-06-01,2007
530,Mastercard,Debit,5919043204819590,2020-02-01,711,NO,2,15061,2007-06-01,2007
99,Mastercard,Debit,5133994303927340,2012-07-01,12,YES,1,25177,2007-06-01,2012
1029,Mastercard,Debit,5044033311360210,2012-04-01,274,YES,2,12760,2007-06-01,2009
1131,Mastercard,Credit,5677631162329480,2007-11-01,707,YES,2,18200,2007-06-01,2008
619,Mastercard,Debit,5531418228277730,2021-06-01,20,YES,2,33319,2007-06-01,2010
553,Mastercard,Debit,5821391213524430,2023-10-01,652,NO,2,14475,2007-06-01,2009
790,Mastercard,Debit,5422967140573110,2012-03-01,803,YES,1,23632,2007-06-01,2009
1911,Mastercard,Debit (Prepaid),5958774087904380,2008-03-01,758,YES,1,82,2007-06-01,2009
259,Mastercard,Debit,5738274444891250,2023-04-01,253,YES,2,14388,2007-06-01,2007
1037,Mastercard,Debit,5281988379479420,2020-04-01,313,YES,2,4230,2007-06-01,2008
375,Mastercard,Debit,5492294137017690,2012-08-01,745,YES,2,22137,2007-06-01,2007
1811,Mastercard,Debit,5978884065247070,2024-10-01,708,YES,2,96637,2007-06-01,2007
898,Visa,Debit,4447989421793040,2022-03-01,995,YES,2,1266,2007-06-01,2012
1511,Visa,Debit,4725438629956460,2022-06-01,675,YES,1,24806,2007-06-01,2007
1987,Visa,Credit,4325487328684540,2009-02-01,692,YES,2,18300,2007-06-01,2010
1390,Visa,Credit,4936982658166180,2021-02-01,521,NO,2,13600,2007-06-01,2007
1951,Visa,Debit,4667539931017680,2020-10-01,724,YES,2,36548,2007-06-01,2015
721,Visa,Debit,4093356206877400,2021-06-01,202,YES,1,8400,2007-06-01,2008
1209,Visa,Debit,4274911965973650,2020-12-01,786,YES,1,27091,2007-06-01,2018
190,Visa,Debit,4685370244169280,2022-04-01,311,YES,2,7946,2007-06-01,2014
1963,Visa,Debit,4714171193381620,2024-11-01,214,YES,1,18384,2007-06-01,2009
1369,Visa,Credit,4182511939315930,2020-11-01,806,YES,2,9000,2007-06-01,2009
801,Visa,Credit,4093859688530590,2022-07-01,643,YES,2,7100,2007-06-01,2007
1967,Visa,Debit,4738213924782740,2020-09-01,383,YES,2,38120,2007-06-01,2011
723,Visa,Debit (Prepaid),4455523301338730,2021-05-01,617,YES,1,65,2007-06-01,2008
62,Visa,Debit,4228336071745120,2023-06-01,445,NO,1,1559,2007-06-01,2010
1247,Visa,Debit,4303658032034980,2023-04-01,673,YES,2,16764,2007-06-01,2007
1962,Visa,Credit,4415046745142820,2011-06-01,166,NO,1,21000,2007-06-01,2015
1237,Visa,Debit,4925352341824320,2023-09-01,570,YES,2,5646,2007-06-01,2019
784,Amex,Credit,374653971503597,2023-08-01,358,YES,2,15400,2008-06-01,2015
1861,Amex,Credit,335960480212340,2021-01-01,29,YES,1,17300,2008-06-01,2013
634,Amex,Credit,355152345366905,2022-01-01,511,YES,1,11100,2008-06-01,2016
948,Discover,Credit,6167888794302870,2011-05-01,138,YES,1,7900,2008-06-01,2013
1874,Mastercard,Debit,5429789020188280,2012-10-01,674,YES,1,17872,2008-06-01,2008
165,Mastercard,Debit (Prepaid),5874195902667110,2023-04-01,206,YES,2,61,2008-06-01,2015
346,Mastercard,Debit (Prepaid),5511433440463500,2023-12-01,463,NO,2,86,2008-06-01,2010
519,Mastercard,Debit,5167739038207670,2020-02-01,35,YES,1,12353,2008-06-01,2008
1945,Mastercard,Debit,5131116413550840,2024-03-01,615,YES,1,11712,2008-06-01,2019
1067,Mastercard,Debit,5309046764363180,2013-01-01,336,YES,2,14576,2008-06-01,2011
1459,Mastercard,Debit,5197434740318520,2023-08-01,239,NO,2,12708,2008-06-01,2008
320,Mastercard,Debit,5421302444823980,2024-09-01,889,NO,2,15292,2008-06-01,2011
1583,Mastercard,Debit (Prepaid),5277291731808520,2023-10-01,656,NO,1,63,2008-06-01,2010
1561,Mastercard,Credit,5551931585131530,2021-04-01,846,YES,1,17900,2008-06-01,2010
1209,Mastercard,Debit (Prepaid),5771648554583820,2020-08-01,775,YES,1,76,2008-06-01,2014
480,Mastercard,Credit,5732115154614430,2022-01-01,821,YES,2,24800,2008-06-01,2013
1169,Mastercard,Debit,5148179955768340,2013-01-01,502,YES,2,3095,2008-06-01,2012
1636,Mastercard,Credit,5891980090129640,2024-05-01,843,YES,1,5600,2008-06-01,2011
726,Mastercard,Debit,5620945785367030,2022-12-01,723,YES,1,12868,2008-06-01,2011
1470,Mastercard,Debit,5205886351948910,2023-08-01,839,YES,1,5989,2008-06-01,2014
1472,Mastercard,Debit (Prepaid),5403035493529590,2024-10-01,879,YES,2,38,2008-06-01,2013
638,Mastercard,Debit,5854204096882080,2023-12-01,551,YES,2,10274,2008-06-01,2008
1827,Mastercard,Credit,5765181164708250,2022-02-01,980,YES,2,13500,2008-06-01,2008
672,Mastercard,Debit,5302317645406580,2012-02-01,347,YES,1,9397,2008-06-01,2010
1417,Mastercard,Debit,5164497134993110,2021-09-01,490,YES,1,28815,2008-06-01,2015
114,Mastercard,Debit,5563288095981740,2023-07-01,711,YES,2,27447,2008-06-01,2010
1983,Mastercard,Credit,5634102457746990,2020-02-01,250,YES,1,17700,2008-06-01,2009
246,Visa,Credit,4021539917884480,2018-08-01,497,YES,1,22500,2008-06-01,2010
1883,Visa,Credit,4971073775593250,2016-11-01,354,YES,2,13900,2008-06-01,2008
665,Visa,Debit,4528444090805860,2022-01-01,349,YES,2,7233,2008-06-01,2011
1210,Visa,Debit,4389969412017990,2020-12-01,347,YES,1,26982,2008-06-01,2008
216,Visa,Debit (Prepaid),4685370690710090,2024-03-01,450,YES,1,86,2008-06-01,2010
10,Visa,Debit,4236022081985700,2016-10-01,326,YES,2,44390,2008-06-01,2009
516,Visa,Debit,4975809545606400,2020-07-01,799,YES,2,14611,2008-06-01,2008
1682,Visa,Debit,4404150274692590,2022-03-01,155,YES,1,23452,2008-06-01,2011
1682,Visa,Credit,4892298386279580,2013-01-01,50,YES,1,13500,2008-06-01,2008
1504,Visa,Debit,4320358361635020,2013-10-01,729,YES,2,16064,2008-06-01,2011
917,Visa,Debit,4191974309505450,2018-01-01,802,YES,2,17314,2008-06-01,2014
618,Visa,Debit,4377250779161290,2024-02-01,393,YES,1,12496,2008-06-01,2010
900,Amex,Credit,347103137777594,2022-12-01,791,YES,2,4900,2009-06-01,2009
4,Amex,Credit,353090863754405,2014-03-01,451,YES,1,19300,2009-06-01,2018
597,Amex,Credit,309433518890778,2023-08-01,534,YES,1,27500,2009-06-01,2009
1920,Amex,Credit,347590336473806,2021-08-01,561,YES,1,8200,2009-06-01,2013
847,Discover,Credit,6133343341617020,2010-12-01,252,NO,2,9700,2009-06-01,2011
84,Mastercard,Debit,5754695413159460,2024-01-01,939,NO,1,3384,2009-06-01,2009
1818,Mastercard,Debit,5630819721997630,2021-03-01,160,YES,2,23691,2009-06-01,2015
477,Mastercard,Debit (Prepaid),5452849951871910,2020-04-01,510,YES,2,35,2009-06-01,2009
636,Mastercard,Debit,5898219587988120,2022-08-01,295,YES,2,8882,2009-06-01,2015
728,Mastercard,Debit,5554817119459370,2010-05-01,894,YES,2,10909,2009-06-01,2009
1259,Mastercard,Debit (Prepaid),5018503647518450,2022-06-01,319,YES,1,62,2009-06-01,2009
148,Mastercard,Debit,5074266637803820,2017-03-01,211,YES,2,17471,2009-06-01,2012
1885,Mastercard,Debit,5077515394309070,2018-12-01,216,YES,1,21895,2009-06-01,2009
740,Mastercard,Debit,5153811866078710,2017-01-01,115,YES,2,2172,2009-06-01,2017
1358,Mastercard,Debit (Prepaid),5722130479224540,2020-05-01,447,YES,1,80,2009-06-01,2012
1081,Mastercard,Credit,5741278205602110,2024-01-01,414,YES,1,10400,2009-06-01,2010
496,Mastercard,Debit,5432833513022590,2020-11-01,312,YES,2,2727,2009-06-01,2014
1203,Mastercard,Debit (Prepaid),5640678853508820,2023-03-01,57,YES,2,70,2009-06-01,2009
794,Mastercard,Debit,5794165239075450,2011-01-01,465,YES,2,11164,2009-06-01,2010
726,Mastercard,Debit,5932422810479250,2020-02-01,180,YES,1,27773,2009-06-01,2012
1505,Mastercard,Debit,5060989844010070,2021-02-01,181,NO,1,27847,2009-06-01,2011
430,Mastercard,Debit (Prepaid),5203903413139230,2023-08-01,495,NO,2,130,2009-06-01,2009
604,Mastercard,Debit,5400936415005050,2024-11-01,816,YES,2,33158,2009-06-01,2013
1678,Mastercard,Debit,5240082203312520,2021-05-01,393,YES,1,25027,2009-06-01,2009
1412,Mastercard,Debit,5818161374881410,2014-06-01,212,NO,2,10404,2009-06-01,2010
1577,Mastercard,Debit,5764651900129900,2024-03-01,596,YES,1,2037,2009-06-01,2013
1659,Mastercard,Debit,5642115649403350,2020-03-01,731,YES,1,23082,2009-06-01,2009
566,Mastercard,Credit,5578674156872450,2023-02-01,118,YES,1,11000,2009-06-01,2009
1758,Visa,Debit,4053406246662200,2020-09-01,491,YES,2,13514,2009-06-01,2018
345,Visa,Credit,4346937080498800,2024-09-01,769,YES,3,7900,2009-06-01,2009
285,Visa,Debit (Prepaid),4099931530727550,2022-02-01,393,YES,1,65,2009-06-01,2009
846,Visa,Credit,4518067619451760,2020-06-01,429,YES,2,0,2009-06-01,2011
1644,Visa,Credit,4715738219735930,2023-07-01,643,YES,1,10900,2009-06-01,2009
844,Visa,Credit,4150285670737080,2013-05-01,896,YES,1,10000,2009-06-01,2016
509,Visa,Debit,4119030099012880,2022-08-01,613,YES,2,25292,2009-06-01,2009
1083,Visa,Debit,4275554691937660,2010-02-01,49,YES,2,5511,2009-06-01,2012
92,Visa,Debit,4130167694765130,2024-06-01,299,YES,1,34123,2009-06-01,2009
1507,Visa,Debit,4613081576154860,2020-05-01,531,NO,2,19171,2009-06-01,2013
1651,Visa,Credit,4274011202694030,2022-06-01,289,YES,2,25400,2009-06-01,2012
1245,Visa,Credit,4110883178370890,2024-04-01,317,YES,1,9900,2009-06-01,2009
497,Visa,Credit,4995171731187340,2024-07-01,745,YES,1,11800,2009-06-01,2012
371,Visa,Debit,4175643298974570,2022-02-01,790,YES,2,27382,2009-06-01,2014
1084,Visa,Debit,4105025447291570,2023-07-01,810,YES,1,35268,2009-06-01,2009
976,Visa,Debit,4440574696341640,2020-04-01,962,NO,2,17145,2009-06-01,2010
48,Visa,Debit,4456924264973450,2024-03-01,483,YES,2,10099,2009-06-01,2013
921,Visa,Debit,4319734914723870,2020-05-01,720,YES,1,35073,2009-06-01,2009
172,Visa,Debit,4366055356305420,2021-06-01,186,YES,1,17815,2009-06-01,2010
1562,Visa,Debit (Prepaid),4881855799456120,2022-02-01,637,YES,1,0,2009-06-01,2012
105,Visa,Credit,4754007965044970,2021-01-01,604,YES,1,10700,2009-06-01,2013
1535,Visa,Credit,4086767707930240,2019-06-01,906,YES,2,9200,2009-06-01,2009
880,Amex,Credit,338000149804579,2013-09-01,657,YES,1,9500,2010-06-01,2014
434,Amex,Credit,386984033021293,2021-01-01,449,YES,2,15500,2010-06-01,2012
1370,Amex,Credit,354174665165986,2023-02-01,490,YES,2,25100,2010-06-01,2010
1746,Mastercard,Debit (Prepaid),5711382187309320,2020-11-01,722,YES,2,54,2010-06-01,2015
1219,Mastercard,Debit,5096150037217370,2024-10-01,862,YES,1,32903,2010-06-01,2010
882,Mastercard,Debit,5707305515533510,2020-04-01,203,YES,2,1837,2010-06-01,2010
1394,Mastercard,Debit,5542638681640100,2016-06-01,555,YES,1,19597,2010-06-01,2010
1283,Mastercard,Credit,5293527173763220,2023-04-01,542,YES,1,12800,2010-06-01,2012
112,Mastercard,Debit,5374280583814630,2024-12-01,56,NO,2,13245,2010-06-01,2012
1029,Mastercard,Debit,5986920336497200,2023-09-01,114,NO,2,15894,2010-06-01,2010
1050,Mastercard,Debit,5254337924232890,2024-07-01,93,YES,2,10224,2010-06-01,2016
1675,Mastercard,Debit,5418223001029970,2021-06-01,550,NO,2,33746,2010-06-01,2010
648,Mastercard,Credit,5409476939542310,2020-01-01,683,YES,1,9200,2010-06-01,2010
32,Mastercard,Debit,5694871166428050,2020-12-01,965,NO,2,11121,2010-06-01,2013
1503,Mastercard,Debit,5527540454179730,2023-09-01,594,YES,2,15552,2010-06-01,2014
849,Mastercard,Debit,5311017800546220,2013-09-01,133,YES,1,14889,2010-06-01,2011
550,Mastercard,Debit (Prepaid),5463279277464700,2021-01-01,63,YES,2,99,2010-06-01,2011
1563,Mastercard,Credit,5377821284992060,2022-11-01,138,YES,1,2900,2010-06-01,2010
859,Mastercard,Debit,5947211336145070,2024-03-01,807,YES,2,16783,2010-06-01,2011
71,Mastercard,Credit,5344072434039620,2012-05-01,462,YES,2,9100,2010-06-01,2016
1982,Mastercard,Debit,5919565574478940,2024-10-01,306,YES,1,24638,2010-06-01,2010
895,Mastercard,Debit,5670044732419720,2024-05-01,368,NO,2,12100,2010-06-01,2015
106,Mastercard,Debit,5834792674235700,2022-05-01,402,YES,1,9471,2010-06-01,2011
1472,Mastercard,Debit,5352913241091950,2018-03-01,231,YES,1,25236,2010-06-01,2011
1504,Mastercard,Credit,5039473078606410,2024-09-01,356,YES,1,6000,2010-06-01,2011
1089,Mastercard,Debit (Prepaid),5992452355066260,2010-07-01,255,YES,1,68,2010-06-01,2011
391,Mastercard,Debit,5021628982108620,2024-08-01,87,YES,1,11812,2010-06-01,2010
1493,Visa,Credit,4642496218651970,2018-04-01,594,YES,1,14400,2010-06-01,2012
370,Visa,Debit,4015096339812700,2023-02-01,494,YES,1,8509,2010-06-01,2010
792,Visa,Debit (Prepaid),4073696489940420,2020-04-01,274,YES,2,81,2010-06-01,2010
746,Visa,Credit,4795565502176660,2021-01-01,731,YES,2,6700,2010-06-01,2011
1728,Visa,Credit,4209145697099680,2022-10-01,498,YES,2,10900,2010-06-01,2013
650,Visa,Credit,4534523963991460,2022-11-01,855,YES,1,3800,2010-06-01,2011
875,Visa,Credit,4016664416211100,2024-05-01,840,YES,1,7600,2010-06-01,2010
1540,Visa,Credit,4495172888223800,2023-12-01,269,YES,2,13200,2010-06-01,2011
288,Visa,Debit,4495057265994440,2022-01-01,846,YES,2,1112,2010-06-01,2010
1063,Visa,Credit,4724626131573860,2023-06-01,408,YES,1,9300,2010-06-01,2010
1615,Visa,Debit,4279264771451570,2020-02-01,378,YES,2,13637,2010-06-01,2012
944,Visa,Credit,4582418773157210,2021-12-01,935,NO,1,25500,2010-06-01,2012
1241,Visa,Debit,4617983811742100,2023-03-01,469,YES,2,9335,2010-06-01,2010
1710,Visa,Credit,4945896135256780,2021-05-01,82,YES,1,11700,2010-06-01,2014
61,Visa,Debit,4873170994873040,2021-12-01,510,YES,2,19264,2010-06-01,2010
1577,Visa,Debit,4991364969575720,2021-01-01,244,YES,2,21999,2010-06-01,2015
228,Visa,Credit,4213207721993380,2023-01-01,746,YES,1,1700,2010-06-01,2010
1642,Visa,Credit,4941217468452960,2015-03-01,160,YES,2,12200,2010-06-01,2010
1091,Visa,Credit,4724864981660920,2024-08-01,403,NO,1,12700,2010-06-01,2013
1508,Amex,Credit,377302862567108,2024-02-01,524,YES,1,8700,2011-06-01,2011
1006,Amex,Credit,375781387847037,2021-09-01,910,YES,1,10900,2011-06-01,2011
1609,Amex,Credit,339792898644120,2023-06-01,936,YES,1,16100,2011-06-01,2011
1347,Amex,Credit,343289673294707,2021-02-01,678,YES,2,13100,2011-06-01,2011
612,Discover,Credit,6459832607723470,2021-03-01,613,YES,2,9300,2011-06-01,2011
46,Mastercard,Debit,5718393085724650,2022-11-01,117,YES,2,24191,2011-06-01,2011
1564,Mastercard,Debit,5158754138100900,2024-07-01,813,YES,1,15820,2011-06-01,2011
1227,Mastercard,Debit (Prepaid),5072595305260450,2021-01-01,519,YES,1,67,2011-06-01,2011
808,Mastercard,Debit,5868987765320420,2024-01-01,849,YES,2,11930,2011-06-01,2011
869,Mastercard,Debit,5737557443858190,2020-11-01,462,YES,2,17602,2011-06-01,2011
1213,Mastercard,Debit (Prepaid),5849967926572940,2021-02-01,649,YES,1,67,2011-06-01,2011
899,Mastercard,Debit,5972582186298210,2016-02-01,369,NO,1,22172,2011-06-01,2016
249,Mastercard,Debit,5920164874148880,2022-05-01,535,YES,2,14725,2011-06-01,2011
502,Mastercard,Debit,5031093004521440,2023-07-01,834,NO,1,415,2011-06-01,2013
1843,Mastercard,Debit,5247241630893010,2020-02-01,285,YES,2,12189,2011-06-01,2011
343,Mastercard,Credit,5806194988137540,2021-10-01,655,YES,2,12300,2011-06-01,2011
1398,Mastercard,Credit,5061425671526060,2022-09-01,21,NO,1,20100,2011-06-01,2012
1725,Mastercard,Debit,5810332499908320,2024-12-01,932,YES,1,14056,2011-06-01,2011
864,Mastercard,Credit,5766890677028200,2022-12-01,9,YES,3,5700,2011-06-01,2011
287,Mastercard,Debit,5291762862057500,2020-10-01,269,YES,1,26425,2011-06-01,2011
173,Mastercard,Debit,5072626821657970,2022-08-01,701,YES,2,14701,2011-06-01,2011
1032,Mastercard,Debit (Prepaid),5759154405195540,2023-08-01,644,YES,2,8,2011-06-01,2011
1931,Visa,Credit,4333340134035070,2024-03-01,27,YES,1,17300,2011-06-01,2011
1495,Visa,Debit,4211342868154020,2019-04-01,108,YES,1,42241,2011-06-01,2012
1376,Visa,Debit,4888780238652710,2022-01-01,905,YES,2,22641,2011-06-01,2011
770,Visa,Credit,4380773389755660,2013-04-01,71,YES,1,16800,2011-06-01,2011
860,Visa,Debit,4695286118783920,2011-12-01,601,YES,1,21885,2011-06-01,2011
1820,Visa,Debit,4111163314027060,2023-04-01,851,YES,1,16726,2011-06-01,2011
1154,Visa,Debit,4762563612895670,2014-11-01,466,YES,2,24835,2011-06-01,2011
921,Visa,Debit,4226627955079710,2024-10-01,874,YES,1,24069,2011-06-01,2011
380,Visa,Credit,4018146556727350,2023-05-01,544,NO,2,8000,2011-06-01,2011
1577,Visa,Credit,4816860056537330,2022-11-01,197,YES,1,10100,2011-06-01,2014
1659,Visa,Credit,4445565501557710,2020-09-01,474,YES,2,12700,2011-06-01,2011
634,Visa,Debit,4397605575320990,2023-07-01,634,YES,1,37620,2011-06-01,2011
1463,Amex,Credit,386623237356858,2023-09-01,553,NO,1,5100,2012-06-01,2012
1684,Mastercard,Debit,5287533090911330,2014-04-01,946,YES,1,13756,2012-06-01,2012
1584,Mastercard,Debit,5824919835337530,2021-10-01,975,YES,1,14539,2012-06-01,2012
1227,Mastercard,Credit,5923231174018250,2021-11-01,392,YES,2,13500,2012-06-01,2012
1513,Mastercard,Credit,5257923747690160,2020-11-01,547,YES,2,8900,2012-06-01,2012
564,Mastercard,Debit,5943272696356190,2016-03-01,746,YES,2,14179,2012-06-01,2012
832,Mastercard,Credit,5218196083865150,2024-10-01,647,YES,1,10900,2012-06-01,2012
949,Mastercard,Credit,5272390505326900,2022-06-01,137,YES,2,8000,2012-06-01,2012
1421,Mastercard,Debit,5757503231654920,2021-07-01,514,YES,1,17993,2012-06-01,2012
385,Mastercard,Debit,5399594843051410,2023-08-01,813,NO,1,29219,2012-06-01,2012
516,Mastercard,Debit,5442707945484980,2021-11-01,434,YES,1,16679,2012-06-01,2012
1476,Mastercard,Debit,5568197772676110,2012-12-01,676,YES,1,27569,2012-06-01,2012
348,Visa,Credit,4877073763902890,2014-07-01,786,YES,2,13300,2012-06-01,2012
519,Visa,Debit (Prepaid),4031459906447370,2018-04-01,0,YES,1,72,2012-06-01,2012
1467,Visa,Debit,4479897458047270,2024-12-01,411,YES,1,24498,2012-06-01,2012
118,Visa,Debit,4142110459052350,2024-09-01,112,YES,1,20653,2012-06-01,2012
120,Visa,Credit,4275721419388990,2012-08-01,125,YES,1,14000,2012-06-01,2012
449,Visa,Debit,4345910488111900,2020-02-01,867,YES,1,14277,2012-06-01,2012
1429,Visa,Debit,4981608124910360,2024-02-01,782,YES,1,18223,2012-06-01,2012
1258,Visa,Debit,4709355283958400,2022-11-01,7,NO,1,14484,2012-06-01,2012
932,Amex,Credit,313704088925690,2021-09-01,425,YES,2,6100,2013-06-01,2013
1492,Mastercard,Debit,5891053637541510,2022-02-01,362,YES,2,23049,2013-06-01,2013
1024,Mastercard,Debit,5847313041147610,2024-06-01,574,YES,1,33103,2013-06-01,2013
1594,Mastercard,Debit,5384502220541940,2023-12-01,809,YES,1,22420,2013-06-01,2013
891,Mastercard,Debit,5128543726124440,2018-12-01,303,YES,1,11037,2013-06-01,2013
359,Mastercard,Debit (Prepaid),5317204750431750,2024-05-01,412,YES,1,59,2013-06-01,2013
1903,Mastercard,Debit,5809711099663260,2020-05-01,678,YES,1,54517,2013-06-01,2013
162,Mastercard,Credit,5475237541011910,2014-02-01,774,YES,1,16700,2013-06-01,2013
1854,Mastercard,Credit,5510232749503630,2020-06-01,400,YES,1,7200,2013-06-01,2013
728,Visa,Debit,4434350524306820,2020-08-01,920,YES,2,10289,2013-06-01,2013
928,Visa,Debit,4323438857314990,2022-03-01,40,YES,1,19454,2013-06-01,2013
1642,Visa,Credit,4222423291346250,2021-01-01,67,YES,1,5000,2013-06-01,2013
237,Visa,Debit,4145423192370460,2021-02-01,398,NO,1,38900,2013-06-01,2013
145,Mastercard,Credit,5703815520417520,2020-07-01,263,YES,2,2000,2014-06-01,2014
1317,Mastercard,Credit,5765192294312480,2024-03-01,244,YES,2,6300,2014-06-01,2014
678,Mastercard,Debit,5815197990139660,2024-05-01,528,YES,2,16703,2014-06-01,2014
1958,Mastercard,Debit,5331374110302610,2020-08-01,392,YES,1,17957,2014-06-01,2014
1494,Mastercard,Debit,5975842385182410,2024-09-01,596,YES,2,10726,2014-06-01,2014
1012,Mastercard,Debit,5893405968354190,2015-08-01,336,YES,1,14531,2014-06-01,2014
53,Mastercard,Debit,5671275511039260,2024-07-01,152,NO,2,16923,2014-06-01,2014
343,Mastercard,Credit,5052795584928350,2018-07-01,868,YES,1,10800,2014-06-01,2014
1335,Mastercard,Debit,5852720136795700,2023-08-01,35,YES,2,32036,2014-06-01,2014
1429,Mastercard,Debit,5192728051393600,2024-06-01,461,YES,1,13201,2014-06-01,2014
1854,Mastercard,Debit,5821737939719970,2021-07-01,620,YES,1,22975,2014-06-01,2014
1056,Visa,Debit,4339544686242550,2020-10-01,141,YES,2,39457,2014-06-01,2014
419,Visa,Debit,4298987544338030,2020-03-01,757,YES,1,16731,2014-06-01,2014
1058,Visa,Credit,4970700220086770,2014-08-01,312,YES,2,8000,2014-06-01,2014
1281,Mastercard,Credit,5984801708604390,2019-03-01,199,YES,2,3600,2015-06-01,2015
149,Mastercard,Credit,5425086965050390,2022-07-01,286,YES,1,14200,2015-06-01,2015
1463,Mastercard,Debit,5462773776307340,2021-02-01,951,YES,2,22357,2015-06-01,2015
360,Mastercard,Debit,5008326450243570,2020-04-01,382,NO,1,21058,2015-06-01,2015
2,Mastercard,Debit,5458954548704070,2024-07-01,47,YES,1,9001,2015-06-01,2015
1434,Mastercard,Credit,5582873367992930,2016-05-01,523,YES,1,4300,2015-06-01,2015
1301,Visa,Debit,4420959167134440,2023-09-01,75,YES,1,20031,2015-06-01,2015
1776,Visa,Credit,4760959420776140,2021-05-01,81,YES,2,11100,2015-06-01,2015
3,Visa,Debit,4075087878669700,2023-05-01,818,YES,2,13515,2015-06-01,2015
1281,Visa,Credit,4150741409734990,2021-08-01,36,YES,2,6600,2015-06-01,2015
1101,Visa,Debit,4683799898016250,2021-09-01,938,NO,2,13022,2015-06-01,2015
576,Visa,Debit,4067511304922460,2020-07-01,377,YES,1,21070,2015-06-01,2015
1125,Visa,Debit,4218957266147890,2021-05-01,909,YES,2,29200,2015-06-01,2015
1703,Visa,Credit,4562875268182110,2020-02-01,630,YES,2,8700,2015-06-01,2015
1903,Visa,Credit,4785997992808660,2015-07-01,707,YES,2,12700,2015-06-01,2015
883,Amex,Credit,364278996069965,2020-02-01,191,YES,1,12500,2016-06-01,2016
406,Discover,Credit,6308795344040910,2024-11-01,205,YES,2,4200,2016-06-01,2016
1981,Mastercard,Debit,5082019741631130,2021-04-01,459,YES,1,20743,2016-06-01,2016
87,Mastercard,Debit,5210434230147620,2022-06-01,262,YES,2,20417,2016-06-01,2016
113,Mastercard,Credit,5263770459718860,2021-10-01,775,YES,2,14200,2016-06-01,2016
1360,Mastercard,Debit,5708920987862160,2021-09-01,17,YES,2,19619,2016-06-01,2016
1721,Mastercard,Debit,5754434443697250,2022-11-01,789,YES,1,12389,2016-06-01,2016
616,Mastercard,Credit,5046466769118350,2023-05-01,561,YES,2,4500,2016-06-01,2016
523,Mastercard,Debit,5690509651153900,2022-05-01,573,YES,2,20430,2016-06-01,2016
851,Visa,Credit,4453479289853590,2020-01-01,438,YES,2,8100,2016-06-01,2016
1945,Visa,Debit,4684821008065660,2021-04-01,164,YES,1,10318,2016-06-01,2016
712,Visa,Debit,4047431792511850,2024-05-01,615,YES,1,14858,2016-06-01,2016
391,Visa,Debit,4239166872169810,2020-01-01,156,YES,2,12483,2016-06-01,2016
1158,Discover,Credit,6617202891382000,2019-03-01,499,YES,1,7800,2017-06-01,2017
1737,Mastercard,Debit,5967723936818870,2022-01-01,556,YES,1,27888,2017-06-01,2017
1090,Mastercard,Debit,5620855750640300,2023-08-01,492,NO,1,18773,2017-06-01,2017
205,Mastercard,Debit,5751244963755460,2024-05-01,167,YES,1,12193,2017-06-01,2017
77,Mastercard,Debit,5560170355102540,2020-04-01,566,NO,2,15988,2017-06-01,2017
31,Mastercard,Debit,5418724960148500,2019-09-01,758,YES,1,15435,2017-06-01,2017
350,Visa,Debit,4879859310850630,2024-03-01,878,YES,2,19256,2017-06-01,2017
1141,Visa,Debit,4145457087186130,2020-02-01,837,YES,1,10466,2017-06-01,2017
459,Visa,Debit,4777682501119860,2022-03-01,841,NO,2,10636,2017-06-01,2017
870,Amex,Credit,349088998842560,2022-06-01,652,YES,2,0,2018-06-01,2018
1397,Amex,Credit,339750311058511,2020-06-01,70,YES,2,13600,2018-06-01,2018
308,Mastercard,Debit (Prepaid),5677571318458570,2023-08-01,426,YES,2,107,2018-06-01,2018
1290,Mastercard,Debit,5588067020596080,2021-01-01,208,YES,2,26704,2018-06-01,2018
1547,Mastercard,Debit (Prepaid),5896024181595030,2021-11-01,867,YES,1,77,2018-06-01,2018
1444,Mastercard,Debit,5918825657025750,2021-07-01,152,YES,2,50521,2018-06-01,2018
1618,Mastercard,Debit,5677315632040260,2020-01-01,927,YES,1,21280,2018-06-01,2018
840,Visa,Credit,4115686759373550,2019-11-01,996,YES,2,17100,2018-06-01,2018
582,Visa,Credit,4880127142903320,2024-05-01,582,NO,2,12500,2018-06-01,2018
1575,Visa,Debit (Prepaid),4323953877431030,2023-05-01,830,YES,3,74,2018-06-01,2018
829,Visa,Credit,4066440794075200,2024-04-01,921,YES,2,8200,2018-06-01,2018
1196,Visa,Debit,4848365658346020,2024-04-01,472,YES,1,14623,2018-06-01,2018
1823,Visa,Debit (Prepaid),4553257553445990,2020-02-01,55,NO,1,65,2018-06-01,2018
205,Visa,Debit,4209063259747210,2018-07-01,375,YES,1,14247,2018-06-01,2018
697,Mastercard,Debit,5420521698473430,2019-07-01,257,YES,2,39818,2019-06-01,2019
139,Mastercard,Debit (Prepaid),5027092702312420,2021-08-01,52,YES,1,86,2019-06-01,2019
1181,Mastercard,Credit,5772874140116140,2021-01-01,811,YES,2,0,2019-06-01,2019
989,Mastercard,Debit (Prepaid),5331189129913280,2020-10-01,359,YES,1,58,2019-06-01,2019
1194,Visa,Debit,4312743637718040,2019-11-01,556,YES,2,17245,2019-06-01,2019
534,Visa,Debit,4620908286307570,2022-08-01,924,YES,2,22330,2019-06-01,2019
1692,Mastercard,Debit,5656878998719320,2023-11-01,789,YES,2,35203,1991-07-01,2010
198,Amex,Credit,308172687372686,2022-08-01,784,YES,1,8200,1998-07-01,2013
40,Amex,Credit,389912068048719,2023-09-01,269,YES,2,8200,1998-07-01,2011
1357,Amex,Credit,336494766392092,2020-11-01,600,YES,2,11100,1998-07-01,2016
144,Amex,Credit,367474243774504,2001-12-01,558,YES,1,11600,1998-07-01,2009
1052,Mastercard,Debit,5750094419099840,2024-09-01,433,YES,2,12346,1998-07-01,2006
665,Mastercard,Debit,5972495236133020,2024-10-01,260,YES,1,8747,1998-07-01,2007
177,Mastercard,Debit,5764898909630970,2020-04-01,255,YES,2,25392,1998-07-01,2014
1900,Visa,Debit,4652860823814530,2016-05-01,269,YES,2,5616,1999-07-01,2010
1497,Visa,Debit,4255117392431600,2020-04-01,582,NO,2,14751,1999-07-01,2012
1904,Mastercard,Debit (Prepaid),5560959222277430,2007-08-01,327,YES,2,61,2000-07-01,2013
354,Visa,Debit,4628936693780100,2022-05-01,450,YES,1,23798,2000-07-01,2007
59,Visa,Credit,4920403884145610,2020-08-01,862,YES,1,9300,2000-07-01,2008
592,Visa,Debit,4215158911989610,2022-03-01,756,YES,1,14007,2000-07-01,2015
1840,Visa,Credit,4605343796235500,2022-03-01,188,YES,1,4600,2000-07-01,2011
1732,Visa,Debit,4044316472139410,2023-12-01,596,YES,2,26995,2000-07-01,2009
484,Amex,Credit,385811228095330,2013-01-01,173,YES,1,0,2001-07-01,2009
575,Discover,Credit,6733959530204170,2022-09-01,878,YES,1,17000,2001-07-01,2018
1526,Discover,Credit,6172129329668610,2024-10-01,585,YES,1,7400,2001-07-01,2007
1296,Mastercard,Debit,5051066154001740,2021-06-01,526,YES,2,4317,2001-07-01,2011
1167,Mastercard,Debit,5530247037796970,2024-10-01,398,YES,2,30950,2001-07-01,2006
55,Mastercard,Credit,5654301247931830,2015-10-01,534,YES,1,10300,2001-07-01,2017
1987,Visa,Credit,4759642688252590,2016-05-01,644,YES,2,13900,2001-07-01,2014
650,Visa,Debit,4585463820960900,2021-07-01,441,YES,1,10130,2001-07-01,2011
855,Visa,Debit,4730763214720580,2021-04-01,269,YES,1,15975,2001-07-01,2011
1027,Mastercard,Debit,5489970186857770,2022-02-01,7,YES,2,24215,2002-07-01,2007
1004,Mastercard,Debit,5898286991473580,2023-11-01,372,YES,2,13605,2002-07-01,2009
386,Mastercard,Debit,5639527120868390,2023-10-01,126,YES,1,25093,2002-07-01,2006
601,Mastercard,Debit (Prepaid),5512114617143180,2021-09-01,945,YES,1,68,2002-07-01,2011
252,Mastercard,Credit,5167343609558630,2024-10-01,394,YES,1,10700,2002-07-01,2013
1420,Mastercard,Debit,5085756475637520,2021-01-01,35,YES,2,25411,2002-07-01,2013
1464,Mastercard,Debit,5357083238089200,2020-06-01,131,YES,2,24129,2002-07-01,2018
772,Mastercard,Debit (Prepaid),5591003097918970,2023-05-01,390,YES,2,62,2002-07-01,2011
1946,Visa,Debit,4869845530765330,2024-08-01,701,YES,2,4488,2002-07-01,2015
1958,Visa,Credit,4090651468730800,2024-07-01,347,YES,2,4900,2002-07-01,2004
601,Visa,Debit,4313175636042730,2022-11-01,533,YES,2,9952,2002-07-01,2010
1,Visa,Credit,4417513283605630,2014-04-01,84,YES,1,10900,2002-07-01,2013
1501,Visa,Credit,4841107746635160,2014-02-01,91,YES,1,8300,2002-07-01,2013
1766,Visa,Debit,4441595356669110,2021-07-01,849,YES,1,319,2002-07-01,2016
1509,Visa,Credit,4762138266799470,2022-08-01,495,YES,2,12100,2002-07-01,2010
383,Amex,Credit,329374832925921,2024-05-01,926,YES,1,8200,2003-07-01,2012
1746,Mastercard,Debit,5627220683410940,2022-06-01,48,YES,2,9022,2003-07-01,2015
1137,Mastercard,Credit,5327096819732640,2023-04-01,715,YES,1,7600,2003-07-01,2017
1512,Mastercard,Debit,5402510129676480,2021-10-01,514,NO,2,52179,2003-07-01,2010
1897,Mastercard,Debit (Prepaid),5727246621737800,2014-09-01,184,YES,1,80,2003-07-01,2010
581,Mastercard,Debit,5572601780823600,2024-03-01,642,YES,1,18820,2003-07-01,2008
447,Mastercard,Debit,5625327420318300,2022-12-01,428,YES,2,323,2003-07-01,2009
1209,Mastercard,Debit,5781736709412190,2021-04-01,939,YES,1,16340,2003-07-01,2009
1127,Mastercard,Debit,5672946381379330,2007-03-01,314,NO,2,15076,2003-07-01,2015
96,Mastercard,Debit,5481724154378260,2023-04-01,952,YES,2,19959,2003-07-01,2013
325,Mastercard,Debit,5416630687506720,2023-03-01,240,YES,2,5793,2003-07-01,2013
1649,Mastercard,Debit (Prepaid),5855938431811530,2017-04-01,656,YES,1,80,2003-07-01,2011
1107,Mastercard,Debit,5259128969401800,2020-03-01,719,YES,1,14123,2003-07-01,2006
1359,Mastercard,Debit,5905005083070940,2023-03-01,993,YES,1,13844,2003-07-01,2011
1735,Mastercard,Debit,5506509188518630,2021-06-01,743,YES,2,12762,2003-07-01,2010
825,Visa,Debit,4582313478255490,2024-02-01,719,YES,2,46414,2003-07-01,2004
1844,Visa,Debit,4199712815274630,2024-10-01,440,YES,1,16516,2003-07-01,2011
645,Visa,Debit,4898934131827420,2021-09-01,199,YES,1,12434,2003-07-01,2012
171,Visa,Debit,4992498548379230,2015-10-01,867,YES,2,13116,2003-07-01,2012
113,Visa,Debit,4642596554799010,2020-06-01,494,YES,1,18818,2003-07-01,2008
357,Visa,Debit,4908013395790270,2021-07-01,30,YES,1,41221,2003-07-01,2011
733,Discover,Credit,6689214851949610,2020-03-01,740,YES,1,13400,2004-07-01,2005
1296,Mastercard,Debit,5033428838471720,2020-02-01,546,YES,2,22660,2004-07-01,2007
350,Mastercard,Debit,5506289501829430,2020-10-01,366,YES,1,27491,2004-07-01,2014
1083,Mastercard,Debit,5866158485564720,2022-10-01,48,YES,1,24455,2004-07-01,2014
1712,Mastercard,Debit,5313636141539710,2024-06-01,212,NO,1,39431,2004-07-01,2008
1934,Mastercard,Credit,5150069202644460,2023-01-01,263,YES,2,6000,2004-07-01,2010
982,Mastercard,Credit,5974259705472550,2022-09-01,587,YES,2,8500,2004-07-01,2009
1750,Mastercard,Debit,5117465520730130,2020-04-01,950,YES,2,34675,2004-07-01,2018
177,Mastercard,Debit,5517723360584000,2013-07-01,347,YES,1,39422,2004-07-01,2009
759,Mastercard,Debit,5418111837859470,2022-05-01,529,YES,2,23154,2004-07-01,2012
650,Visa,Credit,4452171890920160,2023-08-01,43,YES,1,7300,2004-07-01,2010
1137,Visa,Debit,4277949954820730,2012-06-01,902,YES,1,13969,2004-07-01,2008
909,Visa,Debit,4275115874708960,2023-09-01,740,YES,2,32075,2004-07-01,2010
887,Visa,Debit,4764601855343040,2006-11-01,823,YES,2,24250,2004-07-01,2010
1211,Visa,Debit,4904264423390550,2008-02-01,240,YES,2,119,2004-07-01,2012
1445,Visa,Credit,4653647692892120,2020-04-01,933,YES,2,12800,2004-07-01,2006
1384,Visa,Debit,4025390379737730,2020-02-01,473,YES,2,24617,2004-07-01,2006
1241,Visa,Debit,4041929159891550,2023-04-01,622,YES,2,14079,2004-07-01,2015
1353,Amex,Credit,340363396133555,2024-10-01,357,YES,1,12800,2005-07-01,2014
940,Amex,Credit,341920835415537,2011-02-01,577,YES,2,11100,2005-07-01,2012
764,Amex,Credit,388934759336158,2024-12-01,161,YES,1,13900,2005-07-01,2012
818,Amex,Credit,378145015065628,2005-10-01,759,YES,2,500,2005-07-01,2009
901,Discover,Credit,6630783814792740,2024-08-01,24,YES,1,9600,2005-07-01,2012
1307,Discover,Credit,6894665401576470,2024-06-01,882,YES,1,26600,2005-07-01,2009
939,Discover,Credit,6329791307366560,2023-09-01,617,YES,1,1700,2005-07-01,2010
46,Mastercard,Debit (Prepaid),5358119472579240,2023-03-01,129,YES,2,68,2005-07-01,2006
470,Mastercard,Debit,5926369913315410,2021-04-01,982,NO,1,7581,2005-07-01,2014
994,Mastercard,Debit,5489321492149950,2024-05-01,649,YES,1,9219,2005-07-01,2008
1498,Mastercard,Debit (Prepaid),5031500070846560,2023-04-01,242,YES,2,76,2005-07-01,2010
440,Mastercard,Debit,5405681429153550,2019-04-01,810,YES,2,47131,2005-07-01,2008
649,Mastercard,Credit,5880421569309040,2023-12-01,504,YES,1,17400,2005-07-01,2016
1381,Mastercard,Debit,5382896062305960,2022-11-01,543,YES,1,22964,2005-07-01,2011
211,Mastercard,Debit,5751390473198110,2020-12-01,287,YES,2,12757,2005-07-01,2009
362,Mastercard,Debit,5846069874081320,2008-11-01,812,YES,2,16541,2005-07-01,2011
679,Mastercard,Debit,5508510790983930,2023-05-01,468,YES,2,2290,2005-07-01,2011
301,Visa,Credit,4180974548713370,2023-05-01,975,YES,1,21000,2005-07-01,2009
1842,Visa,Debit,4090165219603660,2023-07-01,593,YES,2,4817,2005-07-01,2014
1239,Visa,Debit,4046787704522230,2022-04-01,654,YES,2,15112,2005-07-01,2016
637,Visa,Credit,4668652753651990,2011-10-01,262,YES,2,28600,2005-07-01,2011
1475,Visa,Debit,4818828811526440,2024-05-01,311,YES,2,9956,2005-07-01,2010
1477,Visa,Debit,4825679880273590,2024-07-01,133,YES,1,44314,2005-07-01,2008
164,Visa,Debit,4984493732494800,2022-07-01,688,YES,2,21847,2005-07-01,2011
1443,Visa,Credit,4982238579349180,2021-06-01,718,YES,1,8500,2005-07-01,2009
1558,Visa,Debit,4836616684752340,2021-07-01,399,YES,2,10182,2005-07-01,2011
457,Visa,Credit,4827782115726480,2023-07-01,26,YES,2,7900,2005-07-01,2006
1528,Visa,Credit,4784666596890930,2022-02-01,50,YES,2,7700,2005-07-01,2015
1638,Discover,Credit,6784378675449740,2020-10-01,364,NO,2,10000,2006-07-01,2008
1746,Mastercard,Debit (Prepaid),5766121508358700,2023-02-01,908,YES,1,99,2006-07-01,2012
1094,Mastercard,Debit,5515782790823580,2023-06-01,419,YES,2,18684,2006-07-01,2017
1806,Mastercard,Debit,5595562388674400,2024-07-01,594,YES,2,7488,2006-07-01,2016
1880,Mastercard,Credit,5752873844240560,2020-03-01,486,YES,1,10900,2006-07-01,2014
668,Mastercard,Debit,5624997997810580,2024-06-01,992,NO,2,10538,2006-07-01,2006
1957,Mastercard,Debit (Prepaid),5878511318941180,2006-10-01,699,YES,1,26,2006-07-01,2019
906,Mastercard,Debit,5561065562359950,2020-03-01,147,YES,1,5840,2006-07-01,2009
1334,Mastercard,Credit,5700626457783200,2010-10-01,713,YES,1,13300,2006-07-01,2007
915,Mastercard,Debit,5927769013167970,2006-12-01,774,YES,2,9609,2006-07-01,2008
1540,Mastercard,Debit,5883802092372510,2014-12-01,346,YES,1,3836,2006-07-01,2009
561,Mastercard,Debit,5250625336912950,2022-04-01,326,YES,1,26960,2006-07-01,2010
1287,Mastercard,Debit,5461068745624970,2012-04-01,47,YES,2,10934,2006-07-01,2015
1727,Mastercard,Debit,5180082121310710,2016-06-01,148,YES,2,19723,2006-07-01,2010
828,Mastercard,Credit,5569011066508190,2010-06-01,780,YES,1,8500,2006-07-01,2011
451,Mastercard,Credit,5187091395766790,2020-05-01,843,YES,3,6600,2006-07-01,2010
490,Mastercard,Debit,5302369835874370,2024-09-01,368,YES,2,3013,2006-07-01,2006
1031,Mastercard,Credit,5300090302126880,2024-04-01,94,YES,1,15700,2006-07-01,2010
1053,Mastercard,Debit (Prepaid),5546611218301210,2020-03-01,223,YES,1,61,2006-07-01,2011
1503,Mastercard,Debit,5573928816931760,2020-11-01,814,YES,2,24049,2006-07-01,2013
96,Mastercard,Credit,5718500802654430,2024-12-01,293,YES,1,18300,2006-07-01,2008
816,Mastercard,Debit,5088684137633760,2024-05-01,987,YES,2,6103,2006-07-01,2008
1345,Mastercard,Debit,5137677910118610,2020-03-01,394,YES,2,12863,2006-07-01,2010
400,Mastercard,Debit (Prepaid),5191871350541390,2018-06-01,642,YES,1,92,2006-07-01,2008
1121,Mastercard,Credit,5458395445867290,2011-10-01,347,YES,1,11500,2006-07-01,2010
1411,Mastercard,Debit,5119838138946120,2016-08-01,162,YES,2,3450,2006-07-01,2014
1416,Mastercard,Debit,5694994900500570,2020-06-01,517,YES,2,15298,2006-07-01,2009
1549,Mastercard,Credit,5682264285595880,2020-04-01,798,YES,1,14200,2006-07-01,2009
75,Mastercard,Debit,5304039785163820,2023-09-01,849,YES,1,20605,2006-07-01,2011
100,Mastercard,Debit,5706014273634670,2008-05-01,360,YES,2,11392,2006-07-01,2015
907,Mastercard,Credit,5140249606034690,2022-05-01,989,YES,2,14700,2006-07-01,2008
631,Mastercard,Debit,5093862705639580,2008-05-01,697,YES,2,20974,2006-07-01,2007
130,Visa,Credit,4996236791696780,2009-05-01,700,YES,2,19400,2006-07-01,2008
1290,Visa,Credit,4603076242608160,2009-10-01,377,YES,1,15700,2006-07-01,2011
754,Visa,Debit,4011865942072120,2021-04-01,749,YES,1,6138,2006-07-01,2016
252,Visa,Debit,4882258377184800,2020-03-01,597,NO,2,14911,2006-07-01,2014
1786,Visa,Debit,4664101203758460,2022-01-01,79,YES,2,16641,2006-07-01,2014
1451,Visa,Debit,4169042875650880,2013-04-01,941,YES,2,10831,2006-07-01,2011
374,Visa,Credit,4300760560641970,2021-01-01,406,YES,1,8200,2006-07-01,2013
419,Visa,Debit,4514910575649840,2019-07-01,398,YES,1,12764,2006-07-01,2009
669,Visa,Credit,4993477414094950,2024-10-01,698,YES,1,9900,2006-07-01,2011
122,Visa,Credit,4233666699901610,2020-03-01,331,YES,2,8200,2006-07-01,2013
209,Visa,Debit,4305950987818740,2021-07-01,42,YES,2,10681,2006-07-01,2013
492,Visa,Debit,4837452802436820,2022-05-01,288,YES,1,16905,2006-07-01,2008
1992,Visa,Debit,4169528920281150,2020-02-01,372,YES,1,11063,2006-07-01,2011
1962,Visa,Debit,4343665057958600,2021-08-01,665,YES,1,43287,2006-07-01,2013
613,Amex,Credit,312433752932924,2024-07-01,697,YES,1,12600,2007-07-01,2011
1989,Amex,Credit,387783458708691,2024-03-01,124,YES,1,21200,2007-07-01,2011
1452,Mastercard,Debit,5476407228285230,2022-11-01,688,YES,2,53466,2007-07-01,2013
1267,Mastercard,Debit,5835780437577400,2022-01-01,844,YES,2,11108,2007-07-01,2015
771,Mastercard,Debit (Prepaid),5559733534356390,2020-09-01,153,YES,2,61,2007-07-01,2016
712,Mastercard,Debit,5400865230848610,2020-06-01,591,YES,1,12992,2007-07-01,2015
460,Mastercard,Debit,5504734087292060,2023-09-01,435,YES,2,49107,2007-07-01,2011
120,Mastercard,Debit,5477771408952430,2022-04-01,980,YES,2,13510,2007-07-01,2016
1385,Mastercard,Debit,5045568837955020,2024-04-01,43,YES,2,39632,2007-07-01,2013
727,Mastercard,Debit,5215692889951880,2022-04-01,134,YES,1,12451,2007-07-01,2008
1420,Mastercard,Debit,5506105334909340,2008-01-01,72,YES,2,27723,2007-07-01,2010
1921,Mastercard,Credit,5454401798231050,2024-12-01,360,YES,1,2900,2007-07-01,2012
472,Mastercard,Debit,5694959357776620,2023-11-01,837,YES,2,13448,2007-07-01,2011
327,Mastercard,Credit,5035264823390210,2009-05-01,456,YES,1,14900,2007-07-01,2008
1079,Mastercard,Debit,5744052952747610,2024-11-01,907,YES,1,8833,2007-07-01,2016
300,Mastercard,Debit,5809580055839540,2020-12-01,908,YES,1,32704,2007-07-01,2008
159,Mastercard,Debit,5502821682729690,2021-07-01,883,YES,2,13955,2007-07-01,2008
257,Mastercard,Debit,5723984491385610,2022-03-01,703,YES,2,13345,2007-07-01,2010
1141,Mastercard,Credit,5626143345177540,2012-11-01,318,YES,2,2800,2007-07-01,2010
331,Mastercard,Debit,5949441299547680,2021-01-01,269,YES,1,12801,2007-07-01,2011
1485,Visa,Debit,4649045635719490,2020-11-01,362,YES,2,26460,2007-07-01,2017
1565,Visa,Credit,4691166269279940,2021-06-01,911,YES,2,2000,2007-07-01,2007
1204,Visa,Debit,4964837149375450,2023-08-01,692,NO,2,25079,2007-07-01,2008
368,Visa,Debit (Prepaid),4445518698030670,2024-03-01,772,YES,2,71,2007-07-01,2014
849,Visa,Debit,4944351254118660,2021-06-01,741,YES,1,19080,2007-07-01,2010
982,Visa,Credit,4354830180585460,2022-09-01,729,YES,1,16900,2007-07-01,2010
182,Visa,Debit,4166845388863480,2020-09-01,285,YES,2,9418,2007-07-01,2007
472,Visa,Credit,4956561609097120,2020-02-01,521,YES,2,11300,2007-07-01,2007
1322,Visa,Credit,4303989107608840,2024-07-01,515,YES,2,9700,2007-07-01,2009
1030,Visa,Debit,4504121814259930,2013-09-01,420,YES,2,4269,2007-07-01,2009
80,Visa,Credit,4290434433757600,2024-01-01,638,YES,1,10700,2007-07-01,2008
1579,Visa,Debit,4707894398714460,2020-02-01,848,YES,1,15960,2007-07-01,2010
871,Amex,Credit,339948848081416,2023-03-01,643,YES,1,9000,2008-07-01,2013
865,Amex,Credit,322743779978257,2024-07-01,346,YES,1,9200,2008-07-01,2011
973,Amex,Credit,343206406411256,2024-09-01,201,YES,1,8300,2008-07-01,2015
528,Amex,Credit,308644614282116,2022-07-01,930,YES,2,9500,2008-07-01,2015
1425,Discover,Credit,6898662101270190,2016-01-01,21,YES,1,10400,2008-07-01,2014
984,Discover,Credit,6286867412246580,2020-02-01,286,YES,2,4000,2008-07-01,2008
650,Mastercard,Debit (Prepaid),5046657636238620,2021-03-01,209,YES,2,121,2008-07-01,2008
824,Mastercard,Debit,5538157860540580,2016-06-01,877,YES,2,100,2008-07-01,2008
1473,Mastercard,Debit,5401708824823360,2024-09-01,387,YES,1,15909,2008-07-01,2008
1879,Mastercard,Debit,5201386771432170,2018-09-01,392,YES,1,4976,2008-07-01,2008
1253,Mastercard,Debit,5546499017389140,2023-10-01,468,YES,1,27208,2008-07-01,2008
428,Mastercard,Credit,5479226934776670,2013-09-01,276,YES,1,14300,2008-07-01,2008
1958,Mastercard,Credit,5120155075854700,2023-10-01,69,YES,2,13100,2008-07-01,2008
474,Mastercard,Debit,5171516474516120,2020-11-01,781,YES,2,33723,2008-07-01,2010
912,Mastercard,Debit,5303156731726900,2024-08-01,133,YES,1,29391,2008-07-01,2011
1901,Mastercard,Debit,5584237915645560,2023-08-01,278,NO,2,6384,2008-07-01,2017
1539,Mastercard,Credit,5729516736133350,2023-07-01,414,YES,3,21700,2008-07-01,2015
118,Mastercard,Debit,5548387982631850,2021-07-01,666,YES,2,2629,2008-07-01,2017
1060,Mastercard,Credit,5317191716062670,2023-02-01,498,YES,1,9400,2008-07-01,2012
32,Mastercard,Credit,5874079264605270,2012-05-01,569,YES,1,11600,2008-07-01,2012
190,Mastercard,Debit,5036287741782210,2023-04-01,791,YES,2,11969,2008-07-01,2008
400,Mastercard,Credit,5615229543290160,2011-05-01,438,YES,1,11400,2008-07-01,2014
1525,Mastercard,Debit (Prepaid),5095132989101390,2019-10-01,88,YES,2,50,2008-07-01,2008
419,Mastercard,Credit,5398766323081090,2022-06-01,391,YES,2,8800,2008-07-01,2008
497,Mastercard,Credit,5301383536207350,2022-09-01,114,YES,1,13200,2008-07-01,2017
1638,Mastercard,Debit,5658039288966440,2024-10-01,549,YES,2,3485,2008-07-01,2011
20,Mastercard,Debit,5375421607189920,2016-07-01,213,YES,1,15771,2008-07-01,2016
1076,Mastercard,Debit,5288183247403840,2017-12-01,391,YES,1,14514,2008-07-01,2008
1940,Mastercard,Credit,5405403307724980,2020-02-01,44,YES,2,9100,2008-07-01,2008
1054,Mastercard,Debit,5349556696203110,2024-05-01,875,YES,1,2303,2008-07-01,2011
1920,Mastercard,Debit (Prepaid),5198349029624240,2023-09-01,52,YES,2,42,2008-07-01,2017
985,Visa,Credit,4229889369220690,2024-04-01,82,YES,2,13200,2008-07-01,2010
702,Visa,Debit (Prepaid),4928847177984550,2023-04-01,730,YES,2,106,2008-07-01,2008
1543,Visa,Credit,4900671019998760,2020-02-01,304,YES,1,29800,2008-07-01,2011
447,Visa,Debit,4607469261117910,2021-06-01,388,YES,1,6611,2008-07-01,2008
1809,Visa,Credit,4638912192601820,2022-01-01,730,YES,1,17900,2008-07-01,2008
1644,Visa,Debit,4023733457618410,2024-01-01,3,YES,2,8834,2008-07-01,2017
433,Visa,Credit,4421198077171170,2020-09-01,672,YES,2,10600,2008-07-01,2014
1127,Visa,Debit,4858037645038530,2020-09-01,745,YES,1,27646,2008-07-01,2009
696,Visa,Debit,4288163100200550,2023-10-01,765,NO,1,31755,2008-07-01,2008
415,Visa,Credit,4150374459354980,2023-05-01,806,YES,1,9400,2008-07-01,2012
1501,Visa,Debit,4983998587312950,2009-01-01,204,YES,2,25719,2008-07-01,2010
1140,Visa,Debit (Prepaid),4351720469066750,2020-08-01,218,YES,1,74,2008-07-01,2011
1224,Visa,Credit,4549441380872550,2022-03-01,975,YES,2,15700,2008-07-01,2011
699,Visa,Debit,4029109059179280,2024-08-01,637,YES,2,8960,2008-07-01,2014
1240,Visa,Debit,4191753432473680,2022-08-01,915,YES,1,23169,2008-07-01,2011
877,Amex,Credit,371643368691556,2021-11-01,683,YES,2,12000,2009-07-01,2011
584,Amex,Credit,346940257761158,2023-11-01,947,YES,2,9300,2009-07-01,2009
497,Amex,Credit,314069788408541,2019-10-01,760,YES,1,15400,2009-07-01,2017
1752,Mastercard,Debit,5294178176133530,2024-07-01,265,YES,2,9496,2009-07-01,2012
379,Mastercard,Debit,5400182448188960,2021-10-01,412,YES,1,24232,2009-07-01,2009
1975,Mastercard,Debit,5059388151009770,2023-05-01,996,YES,1,18491,2009-07-01,2011
1406,Mastercard,Credit,5933548652460820,2022-04-01,92,YES,1,6100,2009-07-01,2012
1243,Mastercard,Debit,5787876223130820,2024-03-01,137,YES,1,18540,2009-07-01,2009
1243,Mastercard,Debit (Prepaid),5233021736945260,2014-01-01,561,YES,2,33,2009-07-01,2013
846,Mastercard,Credit,5437152511733310,2022-01-01,853,YES,1,13800,2009-07-01,2017
1901,Mastercard,Debit (Prepaid),5481575854699020,2013-01-01,766,YES,2,24,2009-07-01,2016
648,Mastercard,Credit,5007364960274320,2020-10-01,704,YES,2,2800,2009-07-01,2010
1598,Mastercard,Debit,5517394959961400,2023-10-01,758,NO,2,11900,2009-07-01,2010
1851,Mastercard,Credit,5806437154431800,2012-11-01,9,YES,1,21800,2009-07-01,2014
816,Mastercard,Debit,5879315999568100,2016-06-01,459,YES,1,2646,2009-07-01,2015
1081,Mastercard,Debit,5307705411215340,2022-07-01,574,YES,1,27377,2009-07-01,2016
1367,Mastercard,Debit (Prepaid),5008439256687400,2022-12-01,26,YES,1,110,2009-07-01,2012
594,Mastercard,Debit,5691973692138970,2019-01-01,434,NO,2,6754,2009-07-01,2010
20,Mastercard,Debit,5648768892251580,2024-10-01,862,YES,2,14961,2009-07-01,2015
1470,Mastercard,Debit,5794248541023900,2024-01-01,162,YES,3,4394,2009-07-01,2009
827,Mastercard,Debit,5465225216105050,2024-08-01,675,YES,2,4887,2009-07-01,2015
1918,Mastercard,Debit,5054406942161560,2024-08-01,161,YES,2,18627,2009-07-01,2015
830,Mastercard,Debit,5981196310914470,2016-06-01,143,YES,1,26575,2009-07-01,2011
742,Mastercard,Debit (Prepaid),5451240838028180,2023-07-01,89,YES,2,67,2009-07-01,2016
1258,Mastercard,Credit,5115594587514450,2020-11-01,682,YES,2,5400,2009-07-01,2010
1905,Visa,Credit,4060113536623870,2016-07-01,408,YES,1,6700,2009-07-01,2009
1074,Visa,Credit,4131571170230450,2021-05-01,738,YES,1,9700,2009-07-01,2013
994,Visa,Debit,4580268631896000,2015-09-01,809,YES,2,4322,2009-07-01,2013
729,Visa,Credit,4367249512395500,2022-08-01,956,YES,2,5700,2009-07-01,2011
377,Visa,Credit,4962400888198870,2022-09-01,266,YES,2,16400,2009-07-01,2009
1060,Visa,Credit,4309045665471170,2021-05-01,488,NO,1,10600,2009-07-01,2018
791,Visa,Debit,4590278168014290,2014-09-01,921,NO,2,31424,2009-07-01,2010
249,Visa,Credit,4235472002609750,2009-10-01,833,YES,2,8300,2009-07-01,2011
676,Visa,Debit,4273067279715890,2017-12-01,541,YES,2,34175,2009-07-01,2011
275,Visa,Credit,4348372675855420,2023-05-01,727,YES,2,6200,2009-07-01,2010
554,Visa,Debit,4096589319918040,2021-04-01,856,NO,1,25658,2009-07-01,2009
1299,Visa,Debit,4372530411325670,2020-11-01,694,YES,1,3942,2009-07-01,2016
467,Visa,Credit,4622003534052010,2024-03-01,207,YES,2,11200,2009-07-01,2011
848,Visa,Debit,4354185735186650,2020-01-01,120,YES,1,19113,2009-07-01,2014
173,Visa,Debit (Prepaid),4589358638611070,2023-03-01,207,YES,1,3,2009-07-01,2020
80,Visa,Credit,4135572355155700,2022-06-01,582,YES,2,14500,2009-07-01,2009
876,Visa,Debit,4967103653953670,2021-05-01,962,YES,1,6489,2009-07-01,2013
278,Visa,Credit,4744339709686050,2020-06-01,810,YES,2,49300,2009-07-01,2010
1417,Visa,Debit,4551485171901900,2018-11-01,892,YES,2,15285,2009-07-01,2009
241,Visa,Credit,4241977850163960,2022-05-01,803,NO,1,6900,2009-07-01,2012
1069,Amex,Credit,304372446656131,2021-03-01,495,YES,1,8800,2010-07-01,2010
1382,Amex,Credit,302128691810206,2021-11-01,236,YES,1,9000,2010-07-01,2015
1147,Discover,Credit,6275110784130490,2022-09-01,286,YES,2,21800,2010-07-01,2011
120,Discover,Credit,6960133989364220,2010-12-01,808,NO,1,21500,2010-07-01,2010
1267,Mastercard,Debit,5781287562576110,2011-10-01,834,YES,2,23152,2010-07-01,2010
1529,Mastercard,Debit,5179211547158070,2020-12-01,46,YES,1,61324,2010-07-01,2011
1243,Mastercard,Debit,5145746225869380,2014-02-01,37,NO,2,4072,2010-07-01,2010
1371,Mastercard,Debit,5572820991241220,2023-09-01,178,NO,1,25224,2010-07-01,2011
103,Mastercard,Debit,5260164218460490,2014-12-01,234,YES,2,17667,2010-07-01,2011
425,Mastercard,Debit,5551364240063140,2021-02-01,192,YES,1,43673,2010-07-01,2011
1184,Mastercard,Debit,5827454191464280,2020-07-01,580,YES,1,29828,2010-07-01,2011
1513,Mastercard,Debit,5335296190511120,2021-10-01,416,YES,1,36344,2010-07-01,2010
1779,Mastercard,Debit,5398659110488000,2024-10-01,776,YES,2,9257,2010-07-01,2018
988,Mastercard,Credit,5595598905079190,2021-09-01,15,YES,1,13200,2010-07-01,2010
184,Mastercard,Debit,5758058384603550,2023-01-01,365,YES,2,11160,2010-07-01,2010
1820,Mastercard,Debit,5243433372742990,2020-01-01,279,YES,1,18200,2010-07-01,2010
1044,Mastercard,Debit,5934234383814300,2020-05-01,173,YES,2,16317,2010-07-01,2011
1856,Mastercard,Credit,5507421180744970,2018-07-01,551,YES,1,10600,2010-07-01,2013
1088,Mastercard,Credit,5759964167622790,2023-01-01,828,YES,1,10700,2010-07-01,2011
1348,Mastercard,Debit,5372184619325690,2020-11-01,785,YES,2,1,2010-07-01,2010
1412,Mastercard,Debit (Prepaid),5670005225763170,2015-07-01,698,YES,1,42,2010-07-01,2011
742,Mastercard,Debit,5524375174709990,2020-04-01,727,NO,2,22839,2010-07-01,2015
1237,Mastercard,Debit,5293034450657200,2021-09-01,829,YES,1,14385,2010-07-01,2012
919,Mastercard,Debit,5559774982144160,2021-01-01,233,YES,1,20765,2010-07-01,2014
1427,Visa,Debit,4525977155603080,2020-06-01,662,YES,2,45377,2010-07-01,2011
757,Visa,Debit,4364504555846510,2024-03-01,787,YES,2,7616,2010-07-01,2010
520,Visa,Debit,4719754046419730,2024-09-01,990,NO,2,1587,2010-07-01,2013
721,Visa,Credit,4472564488537910,2018-12-01,194,NO,2,2000,2010-07-01,2010
395,Visa,Credit,4544634327077880,2022-08-01,761,YES,1,10100,2010-07-01,2011
52,Visa,Debit,4954962607216980,2023-10-01,995,YES,1,23404,2010-07-01,2012
1102,Visa,Debit (Prepaid),4086369836640260,2022-11-01,257,YES,2,51,2010-07-01,2014
343,Visa,Debit,4838741431544660,2024-06-01,808,YES,1,14625,2010-07-01,2010
220,Visa,Debit,4604354040195930,2020-05-01,401,YES,1,23018,2010-07-01,2018
49,Visa,Debit,4655468499465050,2023-09-01,303,YES,1,13492,2010-07-01,2010
1567,Visa,Debit,4866682990431110,2023-10-01,818,YES,1,24302,2010-07-01,2010
462,Visa,Credit,4955210270382740,2024-11-01,551,YES,2,5700,2010-07-01,2010
414,Visa,Credit,4565053725687190,2018-07-01,13,YES,1,23500,2010-07-01,2010
1827,Visa,Debit,4277161408897400,2024-02-01,419,YES,1,30041,2010-07-01,2011
1516,Visa,Debit,4776377960241200,2022-12-01,190,YES,2,25010,2010-07-01,2010
397,Visa,Debit,4398726361408170,2022-09-01,592,YES,1,7159,2010-07-01,2011
1872,Visa,Credit,4481314542302610,2023-05-01,653,YES,1,15900,2010-07-01,2013
756,Visa,Debit,4109920926456570,2023-02-01,276,YES,1,7721,2010-07-01,2010
1106,Amex,Credit,355949624026502,2012-12-01,895,YES,2,11000,2011-07-01,2011
716,Discover,Credit,6849688773737180,2024-03-01,590,YES,2,5200,2011-07-01,2011
203,Mastercard,Credit,5175414290540890,2022-04-01,497,NO,2,2600,2011-07-01,2011
1591,Mastercard,Debit,5362951145456220,2024-12-01,818,YES,2,17332,2011-07-01,2012
1610,Mastercard,Debit,5678294553512470,2022-08-01,15,YES,1,8580,2011-07-01,2011
808,Mastercard,Debit,5559631785400350,2024-07-01,138,YES,2,17042,2011-07-01,2011
1446,Mastercard,Debit,5886248864335240,2020-02-01,334,YES,2,14624,2011-07-01,2015
250,Mastercard,Debit,5387283225052990,2011-11-01,236,YES,1,10412,2011-07-01,2017
1302,Mastercard,Debit (Prepaid),5879022986680560,2022-10-01,616,YES,2,13,2011-07-01,2014
400,Mastercard,Debit,5484162566176350,2011-11-01,950,YES,2,16687,2011-07-01,2011
1994,Mastercard,Debit (Prepaid),5978888711772670,2022-08-01,938,YES,1,63,2011-07-01,2011
741,Mastercard,Debit,5761918360234630,2020-08-01,174,YES,2,20174,2011-07-01,2011
1579,Mastercard,Credit,5148202936285140,2024-04-01,384,YES,2,12800,2011-07-01,2011
1504,Mastercard,Debit,5508687277469960,2020-01-01,469,YES,1,8444,2011-07-01,2011
1811,Mastercard,Debit,5879372260390610,2022-05-01,403,YES,1,62519,2011-07-01,2011
989,Mastercard,Debit,5270284172540380,2024-05-01,714,YES,3,27178,2011-07-01,2011
55,Mastercard,Debit,5603953556223240,2021-07-01,279,YES,2,6056,2011-07-01,2011
1769,Visa,Debit,4130633556245300,2021-03-01,268,YES,2,20206,2011-07-01,2011
602,Visa,Credit,4509798381757680,2021-11-01,529,YES,1,9500,2011-07-01,2016
586,Visa,Credit,4095430974536550,2021-03-01,614,YES,2,20300,2011-07-01,2011
515,Visa,Debit,4170871321743410,2023-09-01,676,YES,2,27053,2011-07-01,2011
1822,Visa,Debit,4178217448317080,2022-09-01,519,YES,2,13029,2011-07-01,2011
534,Visa,Debit,4434834942514580,2021-04-01,392,YES,1,24424,2011-07-01,2011
1430,Visa,Credit,4369343670589370,2022-10-01,814,YES,2,400,2011-07-01,2011
983,Visa,Debit,4832794053001170,2021-11-01,588,YES,1,20839,2011-07-01,2011
256,Visa,Debit (Prepaid),4868990994344270,2024-06-01,248,YES,2,50,2011-07-01,2011
455,Visa,Debit,4325994913282350,2021-02-01,114,NO,1,14959,2011-07-01,2011
1499,Amex,Credit,311095486859536,2024-01-01,536,YES,2,23700,2012-07-01,2012
1636,Amex,Credit,358240905315315,2023-04-01,544,YES,1,4600,2012-07-01,2012
1323,Mastercard,Debit,5376527370326170,2023-09-01,565,YES,1,19267,2012-07-01,2012
1104,Mastercard,Debit,5229188034672600,2012-12-01,135,YES,2,19695,2012-07-01,2012
1731,Mastercard,Debit,5872752390879510,2020-09-01,772,YES,1,18244,2012-07-01,2012
1587,Mastercard,Debit,5638793020721460,2020-02-01,531,YES,2,35968,2012-07-01,2012
704,Mastercard,Debit,5317790276482200,2020-02-01,205,YES,2,50774,2012-07-01,2012
1796,Mastercard,Debit,5419562718481390,2020-11-01,119,NO,1,16746,2012-07-01,2012
1047,Mastercard,Debit,5909062238371480,2024-04-01,211,YES,1,27268,2012-07-01,2012
1196,Mastercard,Debit,5215179642753320,2021-06-01,991,YES,2,15017,2012-07-01,2012
1672,Mastercard,Debit (Prepaid),5784144789342920,2024-01-01,653,NO,1,65,2012-07-01,2012
614,Mastercard,Debit,5953826141797560,2024-07-01,781,YES,1,19508,2012-07-01,2012
1493,Visa,Credit,4244401907291510,2020-04-01,120,YES,1,4400,2012-07-01,2012
1130,Visa,Credit,4831171485300760,2022-07-01,704,YES,2,11400,2012-07-01,2012
655,Amex,Credit,329049697835823,2017-01-01,852,YES,1,7700,2013-07-01,2013
1425,Mastercard,Debit (Prepaid),5686159789271660,2015-11-01,950,YES,2,100,2013-07-01,2013
409,Mastercard,Debit,5215769270589140,2024-01-01,897,YES,2,9281,2013-07-01,2013
994,Mastercard,Debit,5105306234690030,2021-07-01,820,YES,1,12917,2013-07-01,2013
1031,Mastercard,Credit,5445191857932850,2015-10-01,194,YES,2,5600,2013-07-01,2013
704,Mastercard,Debit,5696951093879550,2024-02-01,206,YES,1,47330,2013-07-01,2013
773,Mastercard,Debit,5850047861986260,2017-04-01,450,YES,1,21448,2013-07-01,2013
646,Mastercard,Debit,5084129042406420,2022-05-01,379,YES,2,15822,2013-07-01,2013
657,Visa,Debit,4634300017755180,2014-04-01,37,YES,1,22861,2013-07-01,2013
859,Visa,Debit,4318671654054710,2020-10-01,37,YES,2,14695,2013-07-01,2013
1857,Visa,Credit,4915308819332540,2023-05-01,776,YES,2,10700,2013-07-01,2013
1177,Visa,Debit (Prepaid),4031671355735380,2022-05-01,372,YES,2,59,2013-07-01,2013
1909,Visa,Debit,4928809249781800,2021-09-01,962,YES,1,8177,2013-07-01,2013
1945,Amex,Credit,394151199374199,2020-02-01,175,YES,2,5900,2014-07-01,2014
325,Discover,Credit,6635329128734620,2015-03-01,405,YES,1,6600,2014-07-01,2014
675,Mastercard,Debit,5965800518603810,2021-09-01,609,NO,1,11194,2014-07-01,2014
530,Mastercard,Debit,5224140626818580,2017-01-01,329,YES,1,12031,2014-07-01,2014
124,Mastercard,Debit,5208111902646300,2021-12-01,143,YES,1,13482,2014-07-01,2014
1193,Mastercard,Debit,5896188747962560,2022-12-01,194,YES,1,38290,2014-07-01,2014
729,Mastercard,Debit,5219693851377220,2014-12-01,164,NO,1,14626,2014-07-01,2014
1861,Mastercard,Debit,5682219058474730,2018-05-01,67,YES,2,22405,2014-07-01,2014
1809,Visa,Credit,4993554379679380,2021-05-01,872,YES,1,14600,2014-07-01,2014
74,Visa,Debit,4135630980212800,2022-06-01,74,YES,1,19746,2014-07-01,2014
865,Visa,Debit,4557723574146810,2021-04-01,794,YES,2,27832,2014-07-01,2014
248,Visa,Debit,4747815633973040,2021-08-01,914,YES,1,9741,2014-07-01,2014
1563,Visa,Debit,4720829352602340,2017-04-01,702,YES,2,11902,2014-07-01,2014
612,Visa,Debit,4622792344518880,2020-05-01,682,NO,1,15619,2014-07-01,2014
1908,Amex,Credit,375809277251923,2024-02-01,763,NO,1,2900,2015-07-01,2015
1520,Discover,Credit,6113979959799070,2023-11-01,899,YES,1,1100,2015-07-01,2015
474,Discover,Credit,6646752478037210,2022-09-01,583,YES,2,14600,2015-07-01,2015
27,Mastercard,Debit (Prepaid),5670263614078850,2024-07-01,491,YES,1,61,2015-07-01,2015
1989,Mastercard,Credit,5131036676128150,2024-08-01,342,YES,2,14300,2015-07-01,2015
1135,Mastercard,Debit,5663749194216130,2019-02-01,176,YES,1,22482,2015-07-01,2015
277,Mastercard,Debit,5898229848182380,2024-04-01,150,YES,1,12457,2015-07-01,2015
1394,Visa,Credit,4812870507989200,2020-06-01,393,YES,2,8500,2015-07-01,2015
584,Visa,Credit,4420105255078890,2021-04-01,771,YES,1,6500,2015-07-01,2015
86,Visa,Debit,4293438216088430,2022-04-01,847,YES,1,7967,2015-07-01,2015
1348,Visa,Debit,4139051015604110,2018-08-01,15,YES,1,1,2015-07-01,2015
1343,Amex,Credit,356195833030022,2022-02-01,538,YES,1,5300,2016-07-01,2016
1793,Amex,Credit,320032582560720,2020-09-01,917,YES,2,7300,2016-07-01,2016
1646,Mastercard,Debit,5887429452492050,2024-10-01,119,NO,1,12470,2016-07-01,2016
185,Mastercard,Debit,5916545236079500,2024-07-01,314,YES,1,16415,2016-07-01,2016
571,Visa,Debit,4401126536336200,2023-11-01,42,YES,1,16647,2016-07-01,2016
1823,Visa,Debit,4597236520104130,2020-03-01,389,YES,1,31842,2016-07-01,2016
1862,Visa,Credit,4495571717001470,2023-09-01,778,YES,2,10200,2016-07-01,2016
1856,Visa,Debit (Prepaid),4561317376278700,2023-06-01,420,YES,1,85,2016-07-01,2016
489,Visa,Credit,4174000010311700,2023-07-01,922,YES,1,14700,2016-07-01,2016
212,Amex,Credit,388351194080812,2023-07-01,188,YES,2,900,2017-07-01,2017
1735,Amex,Credit,370616632244142,2018-06-01,911,NO,2,5600,2017-07-01,2017
563,Mastercard,Credit,5261546733039060,2022-06-01,897,YES,2,6100,2017-07-01,2017
189,Mastercard,Debit,5305887216431010,2023-01-01,421,YES,2,26231,2017-07-01,2017
1712,Mastercard,Debit,5071372204646550,2021-11-01,958,NO,1,25985,2017-07-01,2017
1356,Mastercard,Debit,5859718770565480,2020-08-01,127,YES,1,12170,2017-07-01,2017
145,Visa,Debit,4446819957867130,2020-06-01,232,YES,2,15240,2017-07-01,2017
1371,Visa,Debit (Prepaid),4025636893394290,2021-06-01,112,NO,2,140,2017-07-01,2017
797,Visa,Credit,4992091996146630,2023-11-01,627,NO,2,4400,2017-07-01,2017
1523,Visa,Debit,4219882258727400,2020-01-01,656,YES,1,13438,2017-07-01,2017
22,Visa,Credit,4568990237174710,2022-01-01,624,YES,2,13600,2017-07-01,2017
1121,Visa,Debit,4948136387572240,2019-10-01,49,YES,1,31535,2017-07-01,2017
455,Visa,Debit,4573359573640500,2022-10-01,267,YES,2,19713,2017-07-01,2017
1399,Mastercard,Debit,5835253444174480,2020-02-01,308,YES,1,18162,2018-07-01,2018
1297,Mastercard,Debit,5198483282511110,2022-07-01,392,YES,2,20660,2018-07-01,2018
63,Mastercard,Debit (Prepaid),5570187893542290,2024-07-01,610,YES,1,66,2018-07-01,2018
59,Mastercard,Debit,5139260275619900,2018-12-01,356,YES,1,14939,2018-07-01,2018
1251,Mastercard,Debit,5892951431288810,2021-11-01,447,YES,1,20619,2018-07-01,2018
108,Visa,Debit,4814031516576160,2020-12-01,804,YES,2,14488,2018-07-01,2018
565,Visa,Debit,4125650435743080,2024-09-01,385,NO,1,16080,2018-07-01,2018
384,Visa,Debit,4563075780122440,2024-02-01,522,YES,2,19349,2018-07-01,2018
141,Visa,Credit,4595319622489770,2018-08-01,349,NO,1,8000,2018-07-01,2018
1373,Amex,Credit,339152347601252,2024-07-01,985,YES,2,5700,2019-07-01,2019
719,Mastercard,Credit,5206052634840450,2022-05-01,923,YES,2,10300,2019-07-01,2019
547,Mastercard,Debit (Prepaid),5650397088790790,2020-01-01,359,YES,2,104,2019-07-01,2019
1018,Mastercard,Debit,5605185522594080,2019-07-01,357,YES,2,16732,2019-07-01,2019
100,Mastercard,Debit,5561095552395440,2023-12-01,957,YES,1,34065,2019-07-01,2019
1476,Mastercard,Debit,5086512779429780,2024-05-01,613,YES,1,13793,2019-07-01,2019
223,Visa,Debit (Prepaid),4502772598432890,2024-04-01,928,YES,1,55,2019-07-01,2019
843,Visa,Debit,4941071237961730,2021-05-01,841,NO,2,9946,2019-07-01,2019
329,Visa,Debit (Prepaid),4336821790834580,2020-11-01,943,YES,2,93,2019-07-01,2019
1830,Mastercard,Credit,5598315468243230,2024-10-01,385,YES,1,10600,1994-08-01,2011
159,Mastercard,Debit,5290798363835300,2024-10-01,487,YES,1,14178,1995-08-01,2010
1985,Mastercard,Debit,5461658879915680,2024-12-01,595,YES,2,625,1996-08-01,2014
1217,Visa,Debit,4540572558695830,2020-08-01,540,YES,2,3415,1996-08-01,2012
1966,Mastercard,Debit,5628413686894940,2021-09-01,490,YES,1,22679,1997-08-01,2014
984,Mastercard,Debit,5466783111172180,2024-02-01,259,YES,1,9226,1997-08-01,2015
1395,Mastercard,Debit,5088932138697640,2024-02-01,904,YES,1,51412,1997-08-01,2008
1609,Mastercard,Debit,5675256776194420,2021-01-01,833,NO,1,28844,1998-08-01,2011
218,Visa,Debit,4366735799878150,2023-06-01,763,YES,1,11592,1998-08-01,2015
26,Amex,Credit,386220220724226,2017-09-01,281,NO,2,3900,1999-08-01,2010
16,Mastercard,Debit,5571413073625470,2024-05-01,741,YES,2,17211,1999-08-01,2013
311,Mastercard,Debit,5922157962642450,2007-10-01,869,YES,1,11510,1999-08-01,2011
797,Visa,Debit,4536417512741950,1999-12-01,686,YES,1,34886,1999-08-01,2010
702,Visa,Debit (Prepaid),4588839670339560,2022-12-01,44,YES,2,50,2000-08-01,2008
668,Mastercard,Debit,5752209560237460,2023-03-01,385,YES,2,6853,2001-08-01,2006
1341,Mastercard,Debit,5676742282559050,2024-08-01,195,YES,1,24926,2001-08-01,2011
1723,Mastercard,Debit,5261707910736280,2020-05-01,104,YES,1,13168,2001-08-01,2007
1875,Mastercard,Debit,5198979610127120,2021-04-01,198,YES,2,15849,2001-08-01,2009
1236,Mastercard,Debit,5445062676850020,2022-09-01,337,NO,2,6775,2001-08-01,2012
1058,Mastercard,Credit,5643346576345180,2020-06-01,64,YES,1,7800,2001-08-01,2013
110,Visa,Debit,4157348591484750,2021-07-01,945,YES,2,576,2001-08-01,2011
1077,Visa,Debit (Prepaid),4849525193834900,2020-05-01,704,YES,2,33,2001-08-01,2009
752,Visa,Debit,4048255744655070,2020-07-01,307,NO,2,19765,2001-08-01,2009
14,Visa,Credit,4493101815036480,2024-06-01,137,YES,1,5400,2001-08-01,2008
1391,Mastercard,Debit,5648865641388290,2019-08-01,71,YES,2,2559,2002-08-01,2012
1074,Mastercard,Debit,5482406481344920,2022-02-01,332,YES,1,17294,2002-08-01,2010
1569,Mastercard,Debit,5176230872859770,2020-05-01,560,NO,2,13841,2002-08-01,2010
1873,Mastercard,Debit,5359861682152630,2021-02-01,722,YES,2,20042,2002-08-01,2006
419,Visa,Debit,4224737440603280,2022-02-01,580,NO,1,7943,2002-08-01,2005
1783,Amex,Credit,323782494048404,2020-03-01,659,YES,1,9800,2003-08-01,2010
75,Discover,Credit,6798120561105470,2024-05-01,373,NO,2,9500,2003-08-01,2005
1844,Mastercard,Debit,5214643602729090,2024-05-01,474,YES,1,21058,2003-08-01,2007
346,Mastercard,Credit,5279878979919010,2021-02-01,249,YES,2,18900,2003-08-01,2007
1915,Mastercard,Credit,5892514772578310,2023-04-01,771,YES,1,14800,2003-08-01,2018
597,Mastercard,Credit,5504414498996970,2020-08-01,997,YES,1,30400,2003-08-01,2011
287,Mastercard,Debit,5384350370649510,2023-09-01,549,YES,1,14070,2003-08-01,2014
1105,Mastercard,Debit,5256438428040600,2020-11-01,880,YES,2,12692,2003-08-01,2012
1747,Visa,Credit,4708914311449290,2023-07-01,149,NO,1,15400,2003-08-01,2008
1261,Visa,Debit,4637531059933420,2020-03-01,640,YES,1,27091,2003-08-01,2018
754,Visa,Debit,4818819509291180,2022-03-01,727,YES,2,2898,2003-08-01,2008
1807,Visa,Debit,4963369225142740,2009-09-01,418,YES,1,38154,2003-08-01,2011
989,Visa,Credit,4119849353170300,2020-02-01,170,YES,2,21600,2003-08-01,2015
316,Amex,Credit,383176667828985,2021-10-01,459,YES,2,9300,2004-08-01,2008
1755,Discover,Credit,6489729869810930,2021-03-01,894,YES,1,7600,2004-08-01,2011
370,Mastercard,Debit,5606824501502070,2014-06-01,451,YES,1,15377,2004-08-01,2011
1156,Mastercard,Debit,5843025504634580,2009-12-01,568,YES,1,151223,2004-08-01,2009
520,Mastercard,Debit,5844997309688100,2007-10-01,563,YES,2,38235,2004-08-01,2016
1124,Mastercard,Credit,5252814681308250,2023-03-01,635,YES,2,8300,2004-08-01,2018
365,Mastercard,Debit,5858026767803910,2021-05-01,936,YES,2,8923,2004-08-01,2014
872,Mastercard,Debit,5495672050218580,2022-02-01,792,YES,1,12566,2004-08-01,2015
592,Mastercard,Credit,5886410081258720,2020-02-01,684,YES,1,5600,2004-08-01,2019
655,Mastercard,Debit,5775179305795300,2022-12-01,857,YES,2,11638,2004-08-01,2011
1313,Mastercard,Credit,5533719099929400,2007-09-01,945,YES,2,6000,2004-08-01,2010
720,Mastercard,Debit,5549447642972370,2021-08-01,647,YES,1,974,2004-08-01,2008
1348,Mastercard,Debit,5792498646569710,2024-12-01,554,YES,1,0,2004-08-01,2009
1070,Mastercard,Debit,5588241759620390,2022-08-01,902,YES,1,28666,2004-08-01,2010
1512,Visa,Debit,4194162404761830,2023-12-01,523,YES,2,32030,2004-08-01,2009
1836,Visa,Credit,4477205451217980,2020-01-01,510,YES,2,4600,2004-08-01,2011
1144,Visa,Debit,4133372133177610,2024-04-01,36,YES,2,16454,2004-08-01,2010
1431,Visa,Credit,4470331095113770,2012-03-01,388,YES,2,4900,2004-08-01,2010
98,Visa,Credit,4502471811797980,2020-04-01,477,YES,1,8700,2004-08-01,2006
242,Visa,Debit,4060108859418720,2009-08-01,710,YES,1,13530,2004-08-01,2011
212,Visa,Debit,4026278148154050,2023-02-01,204,YES,2,9310,2004-08-01,2009
987,Visa,Debit,4783135306510620,2021-01-01,128,YES,1,18912,2004-08-01,2008
1269,Amex,Credit,324624221959001,2021-02-01,846,YES,2,11300,2005-08-01,2008
1951,Amex,Credit,397408628397205,2024-01-01,358,YES,1,16000,2005-08-01,2008
1359,Amex,Credit,310470716823944,2020-05-01,922,YES,1,15200,2005-08-01,2017
140,Mastercard,Debit,5793675314684780,2022-06-01,43,YES,1,24608,2005-08-01,2009
1981,Mastercard,Credit,5384097503885720,2019-02-01,704,YES,2,12300,2005-08-01,2009
901,Mastercard,Debit,5956465531203720,2022-02-01,270,YES,2,4319,2005-08-01,2011
421,Mastercard,Debit,5132479425505370,2010-10-01,625,YES,2,26774,2005-08-01,2015
485,Mastercard,Credit,5980816578498370,2022-04-01,655,YES,1,13200,2005-08-01,2009
247,Mastercard,Debit,5711629583407530,2012-01-01,577,YES,2,16751,2005-08-01,2010
831,Mastercard,Debit,5176991873510830,2022-04-01,744,YES,2,8571,2005-08-01,2015
1951,Mastercard,Debit,5131315390682570,2011-04-01,260,YES,2,19304,2005-08-01,2010
744,Mastercard,Debit,5216119435076200,2024-12-01,938,YES,2,1816,2005-08-01,2009
1226,Mastercard,Credit,5191953132741850,2021-04-01,7,YES,2,9600,2005-08-01,2013
1065,Mastercard,Debit,5661288400929870,2022-02-01,934,YES,2,9213,2005-08-01,2009
538,Mastercard,Debit,5885105668024930,2014-12-01,750,YES,2,6993,2005-08-01,2016
1242,Mastercard,Credit,5684630456479790,2020-05-01,396,YES,1,6200,2005-08-01,2010
1579,Mastercard,Debit,5184790316386750,2021-12-01,128,YES,2,6550,2005-08-01,2016
1177,Mastercard,Credit,5350464215817710,2024-12-01,315,YES,1,26400,2005-08-01,2008
602,Visa,Debit,4789489264488970,2024-07-01,994,YES,1,13361,2005-08-01,2010
972,Visa,Debit,4831547258942100,2021-11-01,45,NO,1,2508,2005-08-01,2012
1875,Visa,Debit,4557993037807760,2024-06-01,133,YES,1,16566,2005-08-01,2009
477,Visa,Credit,4205703038691360,2020-10-01,715,YES,1,18100,2005-08-01,2008
782,Visa,Debit,4310420575646290,2023-01-01,18,YES,2,13435,2005-08-01,2008
327,Visa,Debit,4783291966220800,2022-03-01,215,YES,2,15720,2005-08-01,2011
726,Amex,Credit,364268721229101,2014-10-01,60,YES,1,9000,2006-08-01,2016
1144,Discover,Credit,6163698170878870,2010-01-01,324,YES,1,8100,2006-08-01,2008
606,Mastercard,Debit,5691422356177730,2006-09-01,349,YES,3,11398,2006-08-01,2013
445,Mastercard,Debit,5472231620359220,2016-01-01,726,YES,1,3628,2006-08-01,2013
757,Mastercard,Debit,5304174233835470,2022-10-01,603,YES,2,447,2006-08-01,2015
1993,Mastercard,Debit,5730095777634100,2015-05-01,347,YES,1,36982,2006-08-01,2009
458,Mastercard,Debit (Prepaid),5855592283767120,2020-12-01,132,YES,1,63,2006-08-01,2014
469,Mastercard,Debit,5095105587832290,2009-04-01,488,YES,2,9010,2006-08-01,2007
1169,Mastercard,Debit,5732012596449270,2021-06-01,883,YES,2,43879,2006-08-01,2015
1995,Mastercard,Debit,5817112710661340,2020-01-01,29,YES,2,5997,2006-08-01,2012
1651,Mastercard,Debit,5092747474352980,2011-02-01,356,YES,2,21177,2006-08-01,2007
1825,Mastercard,Credit,5003014471739100,2022-04-01,159,YES,2,10200,2006-08-01,2013
1313,Mastercard,Debit (Prepaid),5983193668955520,2021-05-01,265,YES,2,87,2006-08-01,2016
1955,Mastercard,Debit,5751709126583190,2021-03-01,435,YES,1,7338,2006-08-01,2016
1668,Mastercard,Debit,5549004168547030,2021-02-01,29,YES,1,33471,2006-08-01,2011
328,Mastercard,Debit (Prepaid),5097151873275370,2006-09-01,617,YES,2,130,2006-08-01,2014
852,Visa,Debit,4251519859550270,2019-04-01,637,YES,2,15878,2006-08-01,2008
1279,Visa,Debit,4976547749422810,2023-09-01,310,YES,2,9521,2006-08-01,2007
343,Visa,Credit,4742225389926530,2024-08-01,690,YES,1,11000,2006-08-01,2017
1385,Visa,Debit,4338834700731550,2008-01-01,529,YES,2,32725,2006-08-01,2013
649,Visa,Debit (Prepaid),4111624635847200,2007-02-01,918,YES,1,72,2006-08-01,2011
450,Visa,Debit,4672018031116290,2021-11-01,314,YES,1,18048,2006-08-01,2007
1937,Visa,Debit (Prepaid),4418492072049480,2021-05-01,868,YES,2,53,2006-08-01,2012
303,Amex,Credit,387958574593201,2021-08-01,842,YES,1,20000,2007-08-01,2020
542,Amex,Credit,379940351891689,2020-11-01,954,YES,2,12300,2007-08-01,2012
285,Discover,Credit,6749467984713170,2010-08-01,619,YES,2,12000,2007-08-01,2012
912,Discover,Credit,6522396373079060,2023-07-01,764,YES,1,19000,2007-08-01,2011
1747,Mastercard,Debit,5179157151686140,2023-07-01,457,YES,2,12332,2007-08-01,2009
702,Mastercard,Credit,5981505152751120,2021-02-01,991,YES,2,15000,2007-08-01,2007
1353,Mastercard,Debit,5884169220100950,2009-02-01,380,YES,1,17860,2007-08-01,2010
4,Mastercard,Debit,5693655667464240,2023-12-01,500,YES,2,9683,2007-08-01,2016
1184,Mastercard,Debit,5091620986065390,2023-11-01,902,YES,2,21743,2007-08-01,2007
601,Mastercard,Credit,5294476060895480,2009-12-01,468,YES,1,7100,2007-08-01,2009
1889,Mastercard,Debit (Prepaid),5345398805896140,2015-11-01,124,YES,1,58,2007-08-01,2009
104,Mastercard,Credit,5510383883718880,2024-05-01,39,NO,1,8000,2007-08-01,2020
1386,Mastercard,Debit,5695114787068180,2021-02-01,881,YES,2,5488,2007-08-01,2014
696,Mastercard,Debit,5584427717587370,2023-05-01,957,NO,2,22553,2007-08-01,2010
1345,Mastercard,Debit,5918431905940130,2023-11-01,600,YES,2,21833,2007-08-01,2011
1744,Mastercard,Debit,5842473997881240,2024-03-01,157,YES,1,10025,2007-08-01,2010
1519,Mastercard,Debit,5195329982261760,2020-01-01,148,YES,1,16028,2007-08-01,2011
1183,Mastercard,Debit,5662897470767550,2023-05-01,180,YES,1,8887,2007-08-01,2014
1996,Mastercard,Debit,5635628685160210,2024-12-01,168,YES,2,13016,2007-08-01,2015
1171,Mastercard,Credit,5496928595053350,2023-07-01,165,YES,2,13500,2007-08-01,2007
178,Mastercard,Debit,5907281274492240,2024-06-01,856,YES,1,18235,2007-08-01,2007
609,Mastercard,Credit,5396816689935400,2023-03-01,414,YES,1,9600,2007-08-01,2011
1988,Mastercard,Credit,5056150001403120,2008-12-01,451,YES,1,22800,2007-08-01,2007
1142,Mastercard,Debit,5954583689426800,2022-11-01,655,YES,2,29144,2007-08-01,2010
1940,Mastercard,Debit,5536863303144340,2024-05-01,575,YES,2,8993,2007-08-01,2010
141,Mastercard,Debit,5815754119556350,2024-02-01,221,YES,1,4729,2007-08-01,2014
1955,Mastercard,Debit (Prepaid),5391951338573410,2020-01-01,356,YES,2,92,2007-08-01,2009
231,Mastercard,Debit,5443684097691860,2022-10-01,473,YES,1,26097,2007-08-01,2011
457,Mastercard,Debit,5325429814066260,2024-07-01,405,YES,2,16134,2007-08-01,2010
1660,Visa,Credit,4157109762296140,2021-06-01,433,YES,2,5800,2007-08-01,2011
1747,Visa,Debit,4795724941278910,2022-02-01,136,YES,2,14548,2007-08-01,2013
1115,Visa,Debit (Prepaid),4176098872817200,2022-05-01,661,YES,2,96,2007-08-01,2009
1303,Visa,Debit,4815904170762930,2017-03-01,581,YES,2,27215,2007-08-01,2010
1378,Visa,Debit,4584216972557570,2021-07-01,880,YES,2,15925,2007-08-01,2007
1755,Visa,Debit,4467616812518970,2020-10-01,60,YES,1,12519,2007-08-01,2009
282,Visa,Credit,4095931916462690,2020-01-01,979,NO,1,8100,2007-08-01,2009
908,Visa,Debit,4172998979903060,2022-09-01,521,YES,1,20173,2007-08-01,2012
1969,Visa,Debit,4575344947327710,2016-12-01,350,NO,2,28759,2007-08-01,2014
1759,Visa,Debit,4076578011196320,2024-04-01,992,YES,1,18365,2007-08-01,2010
489,Visa,Credit,4392345136564000,2024-01-01,539,YES,1,8800,2007-08-01,2012
793,Visa,Credit,4707721125348400,2024-02-01,530,YES,1,16700,2007-08-01,2007
828,Amex,Credit,354919576312722,2021-08-01,795,YES,1,9500,2008-08-01,2016
1163,Amex,Credit,337414078660495,2024-06-01,833,YES,1,26900,2008-08-01,2009
98,Amex,Credit,364639871761447,2024-11-01,54,YES,2,7700,2008-08-01,2010
769,Discover,Credit,6514958752973690,2012-11-01,261,NO,1,9500,2008-08-01,2009
1269,Mastercard,Debit,5205177909482370,2011-11-01,911,YES,2,17850,2008-08-01,2008
1564,Mastercard,Credit,5399201189421210,2021-06-01,479,YES,1,6100,2008-08-01,2008
1024,Mastercard,Debit,5454341430423090,2023-09-01,247,YES,1,20847,2008-08-01,2010
1484,Mastercard,Debit,5223300442168270,2023-04-01,262,YES,2,3141,2008-08-01,2013
851,Mastercard,Debit (Prepaid),5953262218021150,2014-04-01,328,YES,1,43,2008-08-01,2013
1860,Mastercard,Debit (Prepaid),5565765822212470,2023-12-01,119,YES,2,40,2008-08-01,2018
1699,Mastercard,Debit,5384665641390050,2022-05-01,508,YES,1,50961,2008-08-01,2010
1114,Mastercard,Debit (Prepaid),5694461259251000,2024-01-01,86,YES,2,40,2008-08-01,2009
1414,Mastercard,Credit,5954521242015500,2020-02-01,394,YES,1,8300,2008-08-01,2013
1754,Mastercard,Debit,5989917343937140,2022-06-01,242,YES,1,3039,2008-08-01,2008
452,Mastercard,Debit,5576250646108810,2021-04-01,837,YES,1,33166,2008-08-01,2009
1534,Mastercard,Debit,5850069301598700,2021-03-01,390,YES,1,26136,2008-08-01,2009
1600,Mastercard,Debit,5981687076393970,2023-08-01,248,YES,1,48754,2008-08-01,2013
1279,Mastercard,Debit,5127428041251940,2022-08-01,856,YES,2,22567,2008-08-01,2009
1065,Mastercard,Debit,5092269775831900,2021-01-01,394,YES,2,24878,2008-08-01,2011
1615,Mastercard,Debit,5155468051288340,2022-09-01,703,YES,1,14898,2008-08-01,2008
1271,Mastercard,Debit (Prepaid),5359728537890310,2008-10-01,268,YES,2,57,2008-08-01,2008
1899,Mastercard,Debit,5916336011141360,2009-11-01,356,YES,1,29761,2008-08-01,2010
1525,Mastercard,Debit (Prepaid),5842764862143140,2023-12-01,478,YES,1,77,2008-08-01,2009
1420,Mastercard,Credit,5542832924202770,2023-03-01,210,NO,1,31800,2008-08-01,2012
1756,Mastercard,Credit,5151057837968130,2021-01-01,303,YES,2,11600,2008-08-01,2012
293,Mastercard,Debit,5417249342822900,2020-06-01,471,NO,2,20138,2008-08-01,2011
178,Mastercard,Debit,5041406633994150,2023-01-01,155,YES,2,17206,2008-08-01,2010
810,Mastercard,Debit,5250368406087290,2022-06-01,688,YES,2,12664,2008-08-01,2011
1090,Mastercard,Debit,5839584564422180,2024-06-01,206,NO,1,26404,2008-08-01,2011
277,Mastercard,Debit,5733757937326200,2023-12-01,487,YES,1,12930,2008-08-01,2008
1049,Mastercard,Debit,5145877040417120,2022-03-01,66,YES,2,12121,2008-08-01,2010
162,Mastercard,Debit,5125647538274110,2022-05-01,824,YES,1,39591,2008-08-01,2011
1872,Mastercard,Credit,5747096332409890,2023-03-01,145,YES,2,8500,2008-08-01,2011
323,Mastercard,Debit,5644486560076370,2024-10-01,413,YES,2,5082,2008-08-01,2009
775,Visa,Debit,4390425683290560,2023-10-01,790,YES,2,17816,2008-08-01,2016
13,Visa,Debit (Prepaid),4191204010061930,2023-11-01,495,YES,2,64,2008-08-01,2012
575,Visa,Debit,4816684331004030,2023-01-01,757,YES,1,24546,2008-08-01,2010
1896,Visa,Debit,4772324802242470,2015-12-01,104,YES,2,9073,2008-08-01,2012
194,Visa,Credit,4396420039695360,2024-09-01,831,YES,1,8300,2008-08-01,2008
1503,Visa,Debit,4084744531899330,2022-08-01,22,YES,1,5133,2008-08-01,2008
554,Visa,Credit,4796299187967540,2018-05-01,852,NO,2,22800,2008-08-01,2011
1654,Visa,Credit,4897401691817580,2022-05-01,951,YES,2,16000,2008-08-01,2009
129,Visa,Debit (Prepaid),4910995927794180,2010-09-01,581,YES,2,37,2008-08-01,2009
467,Visa,Credit,4112282514083000,2021-07-01,619,YES,2,14500,2008-08-01,2010
683,Visa,Debit (Prepaid),4206153698593040,2012-12-01,9,YES,1,78,2008-08-01,2008
604,Visa,Debit (Prepaid),4166400482648380,2022-03-01,843,YES,2,29,2008-08-01,2014
1642,Visa,Debit,4680328184934190,2012-12-01,377,YES,1,26730,2008-08-01,2010
105,Visa,Credit,4359575208295250,2022-09-01,939,YES,1,10200,2008-08-01,2012
699,Visa,Debit,4015359680044230,2021-10-01,867,YES,1,20887,2008-08-01,2008
706,Amex,Credit,328201278531872,2017-05-01,545,YES,1,13700,2009-08-01,2013
1822,Amex,Credit,318484934517404,2010-11-01,520,YES,2,5900,2009-08-01,2010
1902,Amex,Credit,398823738054759,2020-09-01,162,YES,2,12200,2009-08-01,2011
881,Amex,Credit,372660473465347,2021-10-01,981,YES,1,22700,2009-08-01,2009
148,Discover,Credit,6021090810005190,2024-06-01,397,NO,1,7600,2009-08-01,2009
1782,Mastercard,Debit,5770027992115350,2024-07-01,811,YES,1,15695,2009-08-01,2010
1629,Mastercard,Debit,5366247073382590,2021-04-01,515,YES,2,18776,2009-08-01,2012
1060,Mastercard,Debit (Prepaid),5050635646267140,2021-01-01,263,YES,2,61,2009-08-01,2016
249,Mastercard,Credit,5806288548928070,2024-12-01,798,YES,2,1500,2009-08-01,2009
652,Mastercard,Debit,5481971913958210,2023-07-01,8,YES,1,19962,2009-08-01,2012
1435,Mastercard,Credit,5427161135500740,2024-03-01,304,YES,2,23500,2009-08-01,2020
727,Mastercard,Debit,5252574971670590,2018-04-01,920,YES,1,19086,2009-08-01,2011
1638,Mastercard,Debit,5445308987864900,2021-10-01,190,YES,1,18281,2009-08-01,2009
1763,Mastercard,Debit,5300904662487170,2021-03-01,946,NO,1,30096,2009-08-01,2009
1485,Visa,Debit (Prepaid),4158689268615880,2021-06-01,782,YES,1,67,2009-08-01,2011
1267,Visa,Debit (Prepaid),4368130002871910,2024-02-01,624,YES,1,50,2009-08-01,2009
396,Visa,Debit,4534286446272160,2024-10-01,909,YES,2,10875,2009-08-01,2020
432,Visa,Debit,4621289769533600,2022-03-01,629,YES,2,842,2009-08-01,2009
1919,Visa,Debit,4512873665454660,2022-03-01,854,YES,1,25445,2009-08-01,2009
692,Visa,Debit (Prepaid),4201848747072340,2018-08-01,604,YES,2,63,2009-08-01,2014
1855,Visa,Debit,4993861165139690,2009-10-01,663,YES,1,19258,2009-08-01,2011
368,Visa,Debit,4022388623982220,2009-09-01,297,YES,2,20756,2009-08-01,2009
1697,Visa,Debit,4048907303086780,2021-09-01,463,YES,2,8365,2009-08-01,2009
472,Visa,Debit,4946047116321440,2012-11-01,975,YES,1,30622,2009-08-01,2009
544,Visa,Debit (Prepaid),4675676595760280,2023-01-01,456,YES,1,22,2009-08-01,2019
810,Visa,Credit,4906111160520300,2022-08-01,595,YES,1,6900,2009-08-01,2010
1825,Visa,Debit,4588131276802660,2020-10-01,194,YES,1,23878,2009-08-01,2011
542,Visa,Credit,4888461276072570,2022-10-01,747,YES,1,5900,2009-08-01,2010
1090,Visa,Debit,4539066236622190,2019-02-01,145,NO,2,21087,2009-08-01,2009
1270,Visa,Debit,4554284422042740,2022-09-01,212,YES,2,13653,2009-08-01,2016
349,Visa,Debit,4848387288995350,2020-09-01,393,YES,1,30348,2009-08-01,2010
1528,Visa,Debit,4842554939859570,2022-12-01,511,NO,3,8033,2009-08-01,2014
1128,Amex,Credit,362084701337381,2020-09-01,71,YES,2,8400,2010-08-01,2012
981,Amex,Credit,386475118033107,2024-03-01,151,YES,1,7500,2010-08-01,2011
668,Mastercard,Credit,5764603958082860,2021-08-01,397,YES,1,0,2010-08-01,2010
1155,Mastercard,Debit,5718135133841300,2012-01-01,915,YES,1,7612,2010-08-01,2011
543,Mastercard,Debit,5284022658441920,2018-12-01,405,YES,2,6832,2010-08-01,2015
891,Mastercard,Debit,5895478812166500,2024-01-01,598,YES,2,8212,2010-08-01,2011
514,Mastercard,Debit,5304746158026150,2013-08-01,249,YES,1,9614,2010-08-01,2010
1097,Mastercard,Debit,5064803986712490,2022-01-01,477,YES,1,10445,2010-08-01,2010
1097,Mastercard,Debit (Prepaid),5101374030372410,2011-05-01,237,YES,1,73,2010-08-01,2010
1114,Mastercard,Debit,5620106433417050,2024-11-01,339,YES,2,21408,2010-08-01,2015
1050,Mastercard,Debit,5044933895270370,2022-04-01,812,YES,2,2072,2010-08-01,2010
3,Mastercard,Debit (Prepaid),5568042569458340,2023-04-01,833,NO,1,80,2010-08-01,2010
652,Mastercard,Debit,5517224248010480,2024-12-01,348,YES,1,16203,2010-08-01,2010
905,Mastercard,Debit,5166666850423120,2020-09-01,693,YES,2,40019,2010-08-01,2017
1112,Mastercard,Debit,5622555186345230,2013-08-01,409,YES,2,14702,2010-08-01,2010
1145,Mastercard,Credit,5309736298494190,2022-03-01,728,YES,1,17500,2010-08-01,2011
1228,Mastercard,Credit,5961782216187020,2024-11-01,810,YES,1,7600,2010-08-01,2010
1556,Mastercard,Debit,5225389722526530,2023-09-01,891,YES,2,24772,2010-08-01,2010
1514,Mastercard,Credit,5052545011580800,2020-07-01,940,NO,1,0,2010-08-01,2010
928,Mastercard,Credit,5170430476017810,2023-06-01,817,YES,1,7300,2010-08-01,2013
1975,Visa,Credit,4822550416239700,2013-02-01,509,YES,1,9800,2010-08-01,2014
972,Visa,Credit,4613780379002620,2021-10-01,881,YES,1,15800,2010-08-01,2012
1976,Visa,Debit,4078070579143810,2022-05-01,725,YES,1,23011,2010-08-01,2010
112,Visa,Debit,4630099263440870,2021-06-01,412,YES,2,10517,2010-08-01,2014
154,Visa,Debit,4287822159932210,2022-11-01,878,YES,2,4660,2010-08-01,2013
394,Visa,Debit,4662668880756900,2021-07-01,740,NO,2,25808,2010-08-01,2010
1712,Visa,Debit,4631337182936130,2024-03-01,847,YES,2,18288,2010-08-01,2012
658,Visa,Credit,4846880896921020,2011-09-01,89,YES,1,5800,2010-08-01,2010
1385,Visa,Debit,4690085698241970,2021-01-01,125,YES,1,48489,2010-08-01,2014
1486,Visa,Credit,4832062433813250,2020-06-01,469,YES,1,9600,2010-08-01,2011
1510,Visa,Credit,4529046868574610,2013-11-01,294,YES,1,6600,2010-08-01,2011
284,Visa,Debit,4779183477104250,2020-04-01,0,YES,2,35684,2010-08-01,2012
240,Visa,Debit,4266531803641460,2015-05-01,229,YES,2,14392,2010-08-01,2011
1748,Visa,Debit,4658834560157740,2020-03-01,222,YES,1,9272,2010-08-01,2011
1123,Visa,Debit,4292936340098040,2016-04-01,106,YES,2,1394,2010-08-01,2015
430,Visa,Credit,4781372317032580,2023-02-01,403,YES,1,13400,2010-08-01,2010
1250,Visa,Debit,4009698492021260,2021-04-01,907,YES,2,16261,2010-08-01,2016
1170,Visa,Debit,4206608050110880,2021-11-01,873,YES,2,19442,2010-08-01,2010
989,Visa,Debit,4353181605005040,2021-02-01,19,YES,2,4707,2010-08-01,2010
631,Visa,Debit,4085525339324200,2023-09-01,988,YES,1,1740,2010-08-01,2010
865,Amex,Credit,312193617939506,2022-10-01,789,YES,2,2000,2011-08-01,2011
795,Discover,Credit,6917280872761370,2020-04-01,315,YES,2,16100,2011-08-01,2011
811,Mastercard,Debit,5703849820939460,2024-12-01,300,YES,1,35750,2011-08-01,2011
1669,Mastercard,Credit,5445286323617900,2022-12-01,212,YES,2,5000,2011-08-01,2011
575,Mastercard,Credit,5891397747740840,2013-12-01,198,YES,2,15100,2011-08-01,2011
636,Mastercard,Debit,5673609398481610,2020-02-01,990,YES,1,1218,2011-08-01,2012
774,Mastercard,Debit,5895713697224700,2022-09-01,258,YES,2,1669,2011-08-01,2016
1062,Mastercard,Debit,5880409088686130,2020-09-01,549,YES,2,11666,2011-08-01,2011
483,Mastercard,Debit,5115060727983370,2020-09-01,594,YES,2,13224,2011-08-01,2011
304,Mastercard,Debit,5199593781302950,2021-05-01,864,YES,1,12892,2011-08-01,2011
1704,Mastercard,Debit,5236033792855940,2024-11-01,681,YES,2,44885,2011-08-01,2020
216,Mastercard,Debit (Prepaid),5094200042825360,2023-10-01,696,NO,1,80,2011-08-01,2011
1653,Mastercard,Debit,5629986215875750,2024-11-01,116,YES,2,25613,2011-08-01,2016
604,Mastercard,Debit,5415760158214130,2020-02-01,464,NO,2,30713,2011-08-01,2016
843,Mastercard,Debit,5413297083203620,2021-10-01,231,YES,1,18026,2011-08-01,2011
1815,Mastercard,Debit (Prepaid),5906678291020820,2023-09-01,935,YES,2,56,2011-08-01,2011
618,Mastercard,Debit,5538394493237760,2019-07-01,115,YES,1,8633,2011-08-01,2011
77,Mastercard,Debit,5247646091462970,2023-06-01,180,YES,1,21862,2011-08-01,2011
1950,Visa,Debit,4155798170380730,2022-06-01,512,YES,1,10903,2011-08-01,2011
1814,Visa,Debit (Prepaid),4790335686286660,2022-01-01,921,YES,1,59,2011-08-01,2011
1765,Visa,Debit,4874991494846380,2011-09-01,140,YES,2,18042,2011-08-01,2011
721,Visa,Credit,4650428198678080,2011-10-01,741,YES,2,6700,2011-08-01,2011
1131,Visa,Debit,4410510990382780,2023-05-01,405,NO,2,23898,2011-08-01,2011
760,Visa,Debit (Prepaid),4328570434774820,2023-01-01,822,NO,1,59,2011-08-01,2011
392,Visa,Credit,4634733858816470,2021-12-01,388,YES,1,14100,2011-08-01,2013
1764,Visa,Debit,4535570138499220,2024-07-01,704,YES,2,23538,2011-08-01,2011
225,Visa,Debit,4558358311758350,2018-08-01,143,YES,2,16523,2011-08-01,2011
1430,Visa,Debit,4305528629844060,2021-01-01,143,NO,2,25726,2011-08-01,2011
988,Visa,Credit,4844474344137390,2024-07-01,601,YES,2,17100,2011-08-01,2011
1437,Visa,Credit,4504840142387810,2023-07-01,344,YES,1,11400,2011-08-01,2019
257,Visa,Credit,4575711221736150,2024-11-01,777,YES,1,8000,2011-08-01,2011
1067,Discover,Credit,6276276211895280,2020-12-01,681,YES,2,8500,2012-08-01,2012
781,Discover,Credit,6308521512097410,2020-08-01,770,YES,2,4300,2012-08-01,2012
421,Mastercard,Debit,5803489621102600,2021-12-01,503,YES,1,33070,2012-08-01,2012
519,Mastercard,Debit (Prepaid),5483130582779110,2020-05-01,139,YES,2,65,2012-08-01,2012
797,Mastercard,Debit,5703345270711620,2023-11-01,711,YES,1,24550,2012-08-01,2012
1571,Mastercard,Debit,5890246534257370,2021-12-01,12,YES,2,22532,2012-08-01,2012
504,Mastercard,Debit (Prepaid),5854434366617590,2020-02-01,685,YES,1,72,2012-08-01,2012
1341,Visa,Debit,4454576588239750,2022-12-01,519,YES,1,22474,2012-08-01,2012
710,Visa,Debit,4083830555953340,2019-09-01,35,YES,1,40984,2012-08-01,2012
1979,Visa,Credit,4813172947971800,2017-05-01,550,YES,1,14200,2012-08-01,2012
124,Visa,Debit,4886036634951650,2023-04-01,841,YES,1,12639,2012-08-01,2012
112,Visa,Debit,4992803371205190,2023-12-01,569,YES,2,13060,2012-08-01,2012
1736,Visa,Debit,4212075848270090,2022-08-01,173,YES,2,16332,2012-08-01,2012
1,Visa,Debit,4843491272960880,2017-01-01,625,YES,1,18105,2012-08-01,2012
661,Amex,Credit,346401453739759,2023-07-01,552,YES,1,5300,2013-08-01,2013
977,Amex,Credit,322453324871897,2015-07-01,164,YES,2,4000,2013-08-01,2013
1747,Mastercard,Debit,5569640141329520,2024-09-01,904,YES,1,18424,2013-08-01,2013
1473,Mastercard,Debit,5144019472845640,2024-03-01,991,YES,1,16791,2013-08-01,2013
869,Mastercard,Debit,5176023312287830,2023-10-01,444,YES,1,19811,2013-08-01,2013
1548,Mastercard,Debit,5206850868932460,2020-05-01,278,YES,1,44345,2013-08-01,2013
1712,Mastercard,Debit,5235277792486600,2017-11-01,314,YES,1,35175,2013-08-01,2013
1578,Mastercard,Credit,5202407614887770,2020-11-01,17,YES,2,6800,2013-08-01,2013
980,Mastercard,Debit,5673842014857950,2020-09-01,763,YES,1,14213,2013-08-01,2013
1649,Mastercard,Credit,5012197802964360,2016-02-01,674,YES,2,100,2013-08-01,2013
267,Mastercard,Debit,5404831533605180,2021-10-01,72,YES,1,11885,2013-08-01,2013
241,Mastercard,Debit,5648990684688270,2020-09-01,557,YES,1,18654,2013-08-01,2013
111,Mastercard,Debit,5806091901843850,2023-08-01,270,YES,2,10964,2013-08-01,2013
1742,Visa,Debit,4155430243935970,2022-10-01,653,YES,1,24123,2013-08-01,2013
471,Visa,Credit,4610283928454570,2020-03-01,340,YES,2,22000,2013-08-01,2013
954,Visa,Debit,4400219107299850,2013-11-01,542,YES,1,18254,2013-08-01,2013
1623,Visa,Credit,4874803935373540,2015-11-01,840,YES,2,9300,2013-08-01,2013
1857,Visa,Debit,4568370619528040,2023-07-01,983,YES,1,47684,2013-08-01,2013
1228,Visa,Debit,4499077671227490,2021-02-01,551,NO,1,30393,2013-08-01,2013
1706,Amex,Credit,375447713582380,2016-01-01,91,YES,1,10600,2014-08-01,2014
1844,Discover,Credit,6521426249819190,2020-11-01,608,YES,1,13100,2014-08-01,2014
1728,Discover,Credit,6203739864158380,2024-03-01,288,YES,2,13900,2014-08-01,2014
1022,Discover,Credit,6315959001873780,2021-04-01,118,YES,1,6800,2014-08-01,2014
819,Discover,Credit,6664949105585590,2020-08-01,79,YES,2,9900,2014-08-01,2014
1543,Mastercard,Debit,5125741393893480,2022-08-01,13,YES,2,47709,2014-08-01,2014
721,Mastercard,Debit,5869951817550270,2023-09-01,672,YES,2,12827,2014-08-01,2014
527,Mastercard,Credit,5048637026282690,2015-09-01,671,YES,2,10500,2014-08-01,2014
1652,Mastercard,Debit,5835240657071890,2021-12-01,803,YES,1,14253,2014-08-01,2014
1871,Mastercard,Debit,5896330225827400,2024-08-01,851,NO,2,20277,2014-08-01,2014
1233,Mastercard,Debit,5800282249045730,2017-08-01,159,YES,2,25301,2014-08-01,2014
1964,Mastercard,Credit,5124729225452110,2017-01-01,871,YES,2,11600,2014-08-01,2014
794,Mastercard,Debit (Prepaid),5872869557387760,2023-01-01,582,YES,1,71,2014-08-01,2014
879,Mastercard,Debit,5798962665831200,2024-09-01,304,YES,1,10966,2014-08-01,2014
634,Mastercard,Debit,5268139916584580,2022-12-01,638,YES,1,22995,2014-08-01,2014
1301,Visa,Debit,4164595738782780,2019-08-01,90,NO,1,29503,2014-08-01,2014
1073,Visa,Debit (Prepaid),4791246805564210,2016-03-01,126,YES,1,84,2014-08-01,2014
1699,Visa,Debit,4913546275337010,2020-10-01,412,YES,1,31896,2014-08-01,2014
1202,Visa,Debit,4367131765938550,2023-12-01,935,NO,2,1,2014-08-01,2014
881,Visa,Debit,4822555770542500,2018-04-01,967,YES,1,31491,2014-08-01,2014
1668,Visa,Debit,4249726842929930,2022-07-01,917,YES,1,18828,2014-08-01,2014
360,Visa,Debit,4005308847294610,2018-10-01,106,YES,1,22342,2014-08-01,2014
1992,Visa,Debit,4464255837780500,2016-09-01,11,YES,1,13382,2014-08-01,2014
105,Visa,Credit,4835239816888340,2015-04-01,368,YES,2,10100,2014-08-01,2014
814,Visa,Credit,4107536740374300,2018-04-01,877,YES,1,7700,2014-08-01,2014
638,Amex,Credit,375716098483935,2015-11-01,431,YES,2,4800,2015-08-01,2015
1371,Mastercard,Debit,5969443034028020,2024-12-01,783,YES,2,26329,2015-08-01,2015
425,Mastercard,Debit,5293051567146080,2018-05-01,166,YES,1,28069,2015-08-01,2015
1656,Mastercard,Debit,5955659249394040,2020-09-01,572,YES,2,20097,2015-08-01,2015
677,Mastercard,Debit,5779825688535230,2021-03-01,458,YES,1,34826,2015-08-01,2015
286,Mastercard,Debit,5843688837981170,2023-10-01,880,YES,1,12254,2015-08-01,2015
452,Visa,Debit,4916726529470750,2020-02-01,702,YES,2,19264,2015-08-01,2015
1793,Visa,Debit (Prepaid),4319964166566920,2023-01-01,205,NO,1,69,2015-08-01,2015
281,Visa,Credit,4027267585799410,2020-02-01,614,YES,2,5700,2015-08-01,2015
675,Discover,Credit,6210885893076470,2021-06-01,895,YES,2,8000,2016-08-01,2016
1660,Mastercard,Debit,5231462717450520,2024-03-01,754,YES,2,12082,2016-08-01,2016
641,Mastercard,Debit,5932134708405080,2020-02-01,290,YES,1,17946,2016-08-01,2016
144,Mastercard,Debit,5962520384384660,2022-11-01,627,YES,2,14699,2016-08-01,2016
897,Mastercard,Debit,5039518885202190,2022-09-01,731,NO,1,13460,2016-08-01,2016
1195,Visa,Debit,4044587617721390,2021-11-01,838,YES,1,22765,2016-08-01,2016
647,Visa,Debit,4736880733497130,2022-06-01,632,YES,2,8332,2016-08-01,2016
547,Mastercard,Debit,5886374501408300,2019-01-01,7,YES,1,16102,2017-08-01,2017
1209,Mastercard,Credit,5084380925956670,2017-10-01,617,NO,1,4300,2017-08-01,2017
368,Mastercard,Credit,5296450786659320,2020-06-01,567,YES,2,13000,2017-08-01,2017
672,Mastercard,Debit,5392188065665640,2021-10-01,452,NO,1,8540,2017-08-01,2017
218,Mastercard,Debit,5212081047458870,2021-11-01,836,YES,1,11647,2017-08-01,2017
1179,Visa,Debit,4381450999997190,2024-10-01,135,YES,2,27313,2017-08-01,2017
549,Amex,Credit,305358883388381,2020-02-01,712,YES,2,7100,2018-08-01,2018
816,Amex,Credit,317788535363713,2021-08-01,583,YES,1,9200,2018-08-01,2018
1276,Mastercard,Debit,5785225381364910,2022-04-01,851,YES,1,17688,2018-08-01,2018
1871,Mastercard,Debit,5892723462268590,2024-05-01,355,YES,1,14639,2018-08-01,2018
1015,Mastercard,Debit,5620673787409550,2021-07-01,842,YES,1,35493,2018-08-01,2018
1759,Mastercard,Debit,5582577330932320,2024-01-01,605,YES,2,14801,2018-08-01,2018
1543,Visa,Debit,4559874462694120,2024-08-01,810,YES,2,39389,2018-08-01,2018
684,Visa,Debit (Prepaid),4537642289527030,2022-12-01,450,YES,1,61,2018-08-01,2018
146,Visa,Debit,4778924908010470,2021-02-01,656,YES,1,30320,2018-08-01,2018
1117,Visa,Debit,4416198606646670,2020-12-01,143,YES,1,19824,2018-08-01,2018
181,Amex,Credit,383087654646315,2019-12-01,884,YES,2,13700,2019-08-01,2019
1759,Amex,Credit,350118327144025,2020-05-01,754,YES,2,9900,2019-08-01,2019
266,Mastercard,Debit,5392581536940680,2020-04-01,63,YES,1,10107,2019-08-01,2019
1173,Mastercard,Debit,5972507233494510,2020-02-01,29,YES,2,17503,2019-08-01,2019
467,Mastercard,Debit,5318644266130470,2021-01-01,925,YES,2,31741,2019-08-01,2019
1670,Visa,Debit,4011659941572560,2023-01-01,523,YES,1,24501,2019-08-01,2019
1059,Visa,Debit,4602472596754070,2023-04-01,588,YES,1,27036,2019-08-01,2019
332,Visa,Debit,4400145099296120,2020-07-01,57,YES,1,29728,2019-08-01,2019
1433,Visa,Credit,4889540259167870,2021-07-01,890,YES,2,4200,2019-08-01,2019
1763,Visa,Debit,4680710047774160,2020-05-01,450,YES,1,12220,1993-09-01,2011
946,Mastercard,Debit,5364046151913830,1997-10-01,969,YES,2,906,1994-09-01,2013
1357,Amex,Credit,323578133531197,2022-06-01,404,YES,1,8000,1995-09-01,2003
201,Mastercard,Credit,5392066860810670,2021-10-01,353,YES,1,6900,1995-09-01,2009
171,Mastercard,Debit (Prepaid),5648056200144950,2024-12-01,793,YES,2,46,1996-09-01,2007
845,Mastercard,Debit,5355473722620840,2021-05-01,63,YES,2,13529,1996-09-01,2007
80,Visa,Debit,4749460533827110,2022-09-01,680,YES,2,1703,1997-09-01,2009
1928,Mastercard,Debit,5622935637285350,2024-05-01,799,YES,1,24090,1998-09-01,2009
1967,Mastercard,Debit (Prepaid),5369067205369590,2014-01-01,902,YES,1,70,1998-09-01,2006
546,Mastercard,Debit,5632931851516080,2023-10-01,688,YES,2,9285,1998-09-01,2013
1475,Visa,Debit,4783119984911390,2020-10-01,467,YES,2,15516,1998-09-01,2014
589,Mastercard,Debit,5025895057524830,2021-01-01,367,YES,1,8962,1999-09-01,2011
1245,Mastercard,Debit,5709693631749930,2021-10-01,320,YES,1,6631,1999-09-01,2012
766,Visa,Debit,4093339040695480,2020-08-01,907,YES,2,14248,1999-09-01,2010
879,Visa,Debit,4988862076390740,2024-08-01,244,YES,2,12184,1999-09-01,2010
976,Visa,Debit,4752612253568530,2022-08-01,162,YES,1,11391,1999-09-01,2015
1058,Visa,Debit,4106850529116000,2020-06-01,205,YES,1,15721,1999-09-01,2011
1876,Discover,Credit,6208549056774200,2020-06-01,325,YES,1,9800,2000-09-01,2011
766,Mastercard,Debit,5981688151498050,2023-04-01,148,NO,1,6424,2000-09-01,2012
55,Mastercard,Debit,5279944889030780,2007-09-01,556,YES,2,17775,2000-09-01,2008
241,Mastercard,Debit,5877605571862970,2023-08-01,436,YES,1,11219,2000-09-01,2010
1104,Visa,Debit,4699453860223850,2005-12-01,654,NO,1,20666,2000-09-01,2011
1190,Visa,Debit,4227482000380760,2022-07-01,795,YES,2,4653,2000-09-01,2007
1048,Amex,Credit,346055751406362,2009-12-01,56,YES,2,3800,2001-09-01,2009
1674,Mastercard,Debit,5813611925507600,2020-12-01,734,YES,2,23432,2001-09-01,2008
992,Mastercard,Credit,5848472394865250,2020-10-01,65,YES,2,9000,2001-09-01,2010
351,Mastercard,Debit,5025292542824620,2021-04-01,264,YES,2,9278,2001-09-01,2011
506,Mastercard,Credit,5945533510367590,2024-01-01,959,YES,1,14900,2001-09-01,2008
827,Mastercard,Debit,5447568212155020,2012-10-01,975,YES,2,8133,2001-09-01,2012
631,Mastercard,Debit,5364261943325010,2022-06-01,255,YES,1,16908,2001-09-01,2013
1774,Visa,Debit,4296121621030180,2023-01-01,314,YES,1,14546,2001-09-01,2008
496,Amex,Credit,317569527961909,2023-03-01,740,YES,2,6800,2002-09-01,2002
354,Mastercard,Debit,5645109053545730,2024-02-01,508,YES,1,35681,2002-09-01,2014
619,Mastercard,Debit,5415811108637050,2023-05-01,230,YES,1,39606,2002-09-01,2008
630,Mastercard,Debit,5384345955909700,2021-02-01,595,YES,2,18060,2002-09-01,2019
1523,Mastercard,Debit,5315137645798990,2023-04-01,777,YES,1,12348,2002-09-01,2008
526,Mastercard,Debit (Prepaid),5754706935084010,2021-06-01,827,NO,1,52,2002-09-01,2013
789,Mastercard,Debit (Prepaid),5358041053681340,2021-10-01,787,YES,1,89,2002-09-01,2012
825,Visa,Debit,4344676511950440,2022-12-01,623,YES,2,24295,2002-09-01,2008
81,Visa,Credit,4328702811759370,2022-02-01,564,NO,1,10600,2002-09-01,2013
113,Visa,Debit,4171435281156170,2023-01-01,914,YES,1,17510,2002-09-01,2008
321,Visa,Credit,4284589688472750,2005-05-01,664,YES,1,9400,2002-09-01,2006
928,Visa,Debit,4565738687713640,2020-03-01,549,YES,1,14540,2002-09-01,2002
1896,Discover,Credit,6771746312163080,2012-11-01,841,NO,1,14400,2003-09-01,2011
1171,Discover,Credit,6282899513197820,2021-11-01,66,YES,2,8300,2003-09-01,2011
847,Mastercard,Credit,5350725222706420,2021-04-01,29,YES,2,3400,2003-09-01,2008
957,Mastercard,Debit,5405712448987530,2020-06-01,515,NO,1,27974,2003-09-01,2012
1193,Mastercard,Debit,5485368757971900,2020-01-01,442,NO,1,25878,2003-09-01,2009
460,Mastercard,Debit,5577008661015600,2024-02-01,114,YES,1,28877,2003-09-01,2017
1461,Mastercard,Debit,5583589115477510,2020-06-01,661,YES,2,23754,2003-09-01,2018
814,Mastercard,Debit,5975850851446040,2024-10-01,385,YES,2,8262,2003-09-01,2018
1746,Visa,Credit,4404898874682990,2003-09-01,736,YES,1,27500,2003-09-01,2012
1613,Visa,Debit (Prepaid),4590514334794620,2022-06-01,270,YES,2,109,2003-09-01,2009
1074,Visa,Debit,4479936453853470,2024-09-01,793,NO,2,15029,2003-09-01,2007
597,Visa,Debit,4682047932663840,2023-01-01,822,YES,2,76343,2003-09-01,2014
1662,Visa,Debit,4182859596486160,2020-09-01,890,YES,2,28021,2003-09-01,2011
1196,Visa,Credit,4898915603819940,2020-06-01,656,YES,1,11100,2003-09-01,2011
1898,Visa,Credit,4307225452598890,2023-03-01,672,NO,2,10100,2003-09-01,2011
60,Visa,Credit,4372866189717850,2020-11-01,785,YES,2,6400,2003-09-01,2010
484,Visa,Debit,4597915385582390,2006-07-01,864,YES,2,10755,2003-09-01,2020
1827,Amex,Credit,359523053030416,2021-07-01,87,YES,1,10400,2004-09-01,2017
566,Amex,Credit,304564349597311,2024-11-01,170,YES,2,12700,2004-09-01,2008
1128,Mastercard,Debit,5493545357380440,2024-08-01,774,YES,2,15110,2004-09-01,2009
1613,Mastercard,Debit,5431233824162770,2022-04-01,976,YES,1,5796,2004-09-01,2011
750,Mastercard,Debit (Prepaid),5361683790644830,2021-01-01,225,YES,1,77,2004-09-01,2011
1883,Mastercard,Debit,5391562008232880,2023-01-01,139,YES,1,21240,2004-09-01,2006
341,Mastercard,Debit (Prepaid),5560061541901640,2024-11-01,633,YES,1,55,2004-09-01,2010
1843,Mastercard,Debit,5813126802246380,2022-12-01,390,YES,2,10638,2004-09-01,2010
1541,Mastercard,Debit,5697088180898070,2008-03-01,622,YES,1,60,2004-09-01,2009
1404,Mastercard,Debit,5952597489933830,2020-05-01,895,YES,2,1993,2004-09-01,2014
1189,Mastercard,Credit,5739094385227540,2006-03-01,905,YES,1,15200,2004-09-01,2014
1777,Mastercard,Debit,5523521756936710,2023-02-01,646,YES,2,32895,2004-09-01,2005
779,Mastercard,Debit,5948253675276940,2021-11-01,348,YES,2,10656,2004-09-01,2011
1742,Visa,Debit,4365366370182160,2020-07-01,290,YES,1,11737,2004-09-01,2009
236,Visa,Debit,4003314505746420,2021-07-01,531,YES,2,6076,2004-09-01,2011
1221,Visa,Credit,4002059636609260,2023-06-01,735,YES,1,8500,2004-09-01,2011
648,Visa,Credit,4143468711704430,2008-06-01,494,YES,2,4100,2004-09-01,2010
667,Visa,Debit,4223920442824590,2023-08-01,77,YES,2,45854,2004-09-01,2013
274,Visa,Debit,4636302289774990,2014-09-01,898,YES,1,20961,2004-09-01,2010
1963,Visa,Credit,4845860911762390,2023-12-01,234,YES,1,20700,2004-09-01,2012
1971,Visa,Debit,4328249998295600,2023-11-01,853,YES,1,4589,2004-09-01,2012
374,Visa,Debit,4340110703036070,2022-05-01,710,YES,1,18771,2004-09-01,2009
1840,Visa,Debit (Prepaid),4733359418335580,2021-09-01,67,YES,2,4,2004-09-01,2008
259,Visa,Debit,4992225653748600,2024-08-01,385,YES,1,26582,2004-09-01,2005
1283,Amex,Credit,388335286539294,2021-09-01,695,YES,2,19500,2005-09-01,2007
744,Amex,Credit,320874983741928,2021-08-01,637,YES,1,20400,2005-09-01,2016
1626,Amex,Credit,367423467093893,2022-12-01,764,YES,2,7200,2005-09-01,2011
1209,Amex,Credit,339030327753446,2021-02-01,650,YES,2,19400,2005-09-01,2013
1088,Amex,Credit,356216577809094,2023-01-01,298,YES,2,7300,2005-09-01,2010
561,Mastercard,Credit,5175842699412230,2024-12-01,438,YES,1,9100,2005-09-01,2015
456,Mastercard,Debit,5915761072331240,2020-08-01,754,YES,2,12594,2005-09-01,2014
252,Mastercard,Debit,5415548034534010,2024-02-01,874,YES,1,13425,2005-09-01,2015
317,Mastercard,Credit,5843002193982550,2012-09-01,247,YES,2,9300,2005-09-01,2014
1330,Mastercard,Debit,5728056480439160,2024-06-01,992,YES,2,14448,2005-09-01,2011
403,Mastercard,Debit,5523941420112530,2021-07-01,71,YES,1,6957,2005-09-01,2011
60,Mastercard,Debit,5409541769328200,2017-04-01,23,YES,1,10233,2005-09-01,2017
1815,Mastercard,Debit (Prepaid),5200794681511670,2024-07-01,836,YES,2,52,2005-09-01,2015
1128,Visa,Credit,4923375841500660,2020-01-01,785,YES,2,8600,2005-09-01,2011
961,Visa,Credit,4587193711138820,2022-10-01,166,YES,1,18300,2005-09-01,2005
65,Visa,Debit,4270727314191300,2024-09-01,431,YES,2,13452,2005-09-01,2012
113,Visa,Debit,4197307053098790,2022-02-01,125,YES,1,20509,2005-09-01,2007
1791,Visa,Debit,4510686870861750,2023-01-01,713,YES,2,7830,2005-09-01,2010
509,Visa,Debit,4262181069766790,2022-07-01,519,YES,1,12721,2005-09-01,2015
221,Visa,Debit,4474874486729570,2021-11-01,557,NO,1,1017,2005-09-01,2010
115,Visa,Debit (Prepaid),4946298081598660,2023-07-01,580,YES,2,52,2005-09-01,2008
1813,Visa,Credit,4281927270188110,2021-03-01,372,YES,1,13500,2005-09-01,2013
1170,Visa,Credit,4192874179326160,2021-07-01,680,YES,1,7900,2005-09-01,2009
1008,Amex,Credit,398596768092162,2009-04-01,360,YES,1,20600,2006-09-01,2008
744,Discover,Credit,6907469862919140,2021-01-01,78,YES,1,10700,2006-09-01,2017
1799,Mastercard,Debit (Prepaid),5834771837829820,2010-03-01,553,YES,1,28,2006-09-01,2006
1155,Mastercard,Debit,5854333169733340,2006-11-01,280,YES,2,11157,2006-09-01,2011
705,Mastercard,Debit (Prepaid),5619919350397750,2021-10-01,786,YES,2,23,2006-09-01,2010
1377,Mastercard,Debit,5132040468161140,2022-06-01,792,YES,2,4583,2006-09-01,2015
845,Mastercard,Debit,5634291050750000,2021-02-01,759,YES,2,12369,2006-09-01,2010
311,Mastercard,Credit,5840051343792980,2012-06-01,650,YES,1,6400,2006-09-01,2011
387,Mastercard,Debit (Prepaid),5954988204081790,2015-11-01,200,YES,2,49,2006-09-01,2010
377,Mastercard,Debit,5870688639058020,2024-02-01,916,NO,1,32636,2006-09-01,2016
623,Mastercard,Debit,5595541886484460,2006-12-01,173,YES,2,14954,2006-09-01,2007
156,Mastercard,Debit (Prepaid),5395413641992120,2016-12-01,599,YES,1,64,2006-09-01,2010
1127,Mastercard,Debit,5365437807241280,2023-12-01,623,YES,2,2809,2006-09-01,2011
1210,Mastercard,Debit,5690113878914790,2023-07-01,318,YES,1,10589,2006-09-01,2015
652,Mastercard,Debit (Prepaid),5402354343498410,2020-02-01,437,YES,2,52,2006-09-01,2011
138,Mastercard,Debit,5243935173726740,2021-04-01,608,YES,1,5779,2006-09-01,2014
219,Mastercard,Debit,5006759821122980,2020-06-01,152,YES,2,7995,2006-09-01,2006
1306,Mastercard,Credit,5600916670945190,2024-03-01,252,YES,1,0,2006-09-01,2010
1357,Mastercard,Debit (Prepaid),5042598887023370,2017-08-01,909,YES,1,100,2006-09-01,2014
894,Mastercard,Debit (Prepaid),5173831902389240,2009-08-01,140,YES,1,56,2006-09-01,2009
989,Mastercard,Debit,5545483213832550,2020-06-01,645,NO,1,19843,2006-09-01,2015
1194,Visa,Credit,4678372291668320,2020-07-01,966,YES,1,14100,2006-09-01,2011
1910,Visa,Debit,4101200741078800,2020-06-01,810,YES,2,8562,2006-09-01,2008
1731,Visa,Debit,4601299602284610,2022-03-01,652,YES,2,15822,2006-09-01,2009
447,Visa,Credit,4659755318123490,2024-01-01,764,YES,2,9000,2006-09-01,2008
187,Visa,Credit,4508583693612520,2019-01-01,224,NO,1,3100,2006-09-01,2006
222,Visa,Debit,4850638391545330,2006-11-01,739,YES,2,62855,2006-09-01,2006
53,Visa,Debit (Prepaid),4555062684626830,2009-09-01,63,YES,1,49,2006-09-01,2011
190,Visa,Debit (Prepaid),4616391251053030,2011-06-01,600,YES,1,41,2006-09-01,2017
1034,Visa,Debit (Prepaid),4900895647847430,2021-03-01,730,YES,1,60,2006-09-01,2009
364,Visa,Credit,4748763826906130,2017-05-01,478,NO,2,11700,2006-09-01,2010
576,Visa,Debit,4930515907295210,2022-08-01,813,NO,1,37656,2006-09-01,2010
1533,Visa,Credit,4126905879157830,2023-03-01,238,YES,2,15300,2006-09-01,2010
1098,Visa,Debit,4587822219584710,2023-07-01,49,YES,1,12640,2006-09-01,2009
1175,Visa,Debit,4708121064103290,2020-12-01,26,YES,1,1753,2006-09-01,2012
1705,Visa,Debit,4758003951001270,2010-12-01,604,YES,1,1324,2006-09-01,2013
1294,Visa,Debit,4341572026253680,2020-03-01,774,YES,2,19691,2006-09-01,2011
1726,Visa,Debit,4801854572462060,2011-09-01,591,YES,1,16750,2006-09-01,2012
245,Amex,Credit,303388287085492,2021-02-01,532,YES,1,8900,2007-09-01,2007
63,Mastercard,Debit,5566429737412050,2024-04-01,6,YES,1,15353,2007-09-01,2011
1907,Mastercard,Debit,5904516440918620,2023-09-01,838,YES,1,8342,2007-09-01,2009
1466,Mastercard,Credit,5801402411608920,2024-10-01,190,NO,1,9800,2007-09-01,2015
1993,Mastercard,Debit,5682670963531850,2020-02-01,350,YES,2,33468,2007-09-01,2010
222,Mastercard,Debit,5747958873333080,2021-05-01,825,YES,1,46621,2007-09-01,2010
551,Mastercard,Debit,5830088551579350,2023-08-01,234,YES,2,13863,2007-09-01,2014
1813,Mastercard,Credit,5920524223877090,2024-11-01,661,NO,1,12300,2007-09-01,2008
0,Mastercard,Credit,5802759460691730,2019-12-01,312,YES,1,17600,2007-09-01,2014
703,Mastercard,Debit,5563354301495540,2021-09-01,337,NO,2,4335,2007-09-01,2007
1127,Mastercard,Debit,5968559734305330,2022-01-01,303,YES,2,24614,2007-09-01,2012
686,Mastercard,Debit,5233470858754880,2024-08-01,870,YES,1,4699,2007-09-01,2018
1367,Mastercard,Credit,5556924127105780,2011-10-01,777,YES,1,9200,2007-09-01,2007
1416,Mastercard,Debit,5804202825966460,2023-08-01,21,YES,1,22625,2007-09-01,2008
1787,Mastercard,Credit,5409754518829050,2023-04-01,806,YES,1,15500,2007-09-01,2012
921,Mastercard,Debit,5607342055934660,2023-07-01,833,YES,2,17731,2007-09-01,2011
855,Mastercard,Debit (Prepaid),5419259287662190,2020-09-01,839,YES,1,106,2007-09-01,2010
68,Visa,Debit,4281200324251210,2013-07-01,865,YES,2,21587,2007-09-01,2007
891,Visa,Debit,4750471235873270,2023-09-01,924,YES,2,24270,2007-09-01,2008
1114,Visa,Credit,4417056929607710,2017-10-01,693,YES,2,12500,2007-09-01,2013
735,Visa,Credit,4986982616793590,2012-04-01,992,YES,2,18600,2007-09-01,2008
1,Visa,Credit,4419924074647230,2021-12-01,1,NO,1,12800,2007-09-01,2011
1881,Visa,Credit,4908654507582360,2020-04-01,24,YES,2,15800,2007-09-01,2013
106,Visa,Debit,4222334325515340,2007-11-01,364,YES,1,19419,2007-09-01,2010
1783,Amex,Credit,316138720673532,2020-09-01,876,YES,2,9400,2008-09-01,2008
1798,Amex,Credit,356971060636319,2023-08-01,531,YES,1,9000,2008-09-01,2008
1598,Discover,Credit,6755650709292900,2023-05-01,220,YES,2,5300,2008-09-01,2011
739,Discover,Credit,6865624170982690,2009-07-01,784,YES,2,6900,2008-09-01,2011
825,Mastercard,Debit (Prepaid),5722874738736010,2009-03-01,75,YES,1,28,2008-09-01,2009
898,Mastercard,Debit,5923138803280580,2022-02-01,934,YES,2,7541,2008-09-01,2013
996,Mastercard,Debit,5617375085275810,2022-06-01,228,YES,2,18820,2008-09-01,2015
657,Mastercard,Debit,5220530694931900,2024-05-01,201,YES,1,24186,2008-09-01,2008
909,Mastercard,Debit,5275728896235460,2020-05-01,479,YES,2,3934,2008-09-01,2015
937,Mastercard,Debit,5569049232811430,2020-02-01,598,YES,2,9230,2008-09-01,2013
768,Mastercard,Debit,5359168203636420,2024-04-01,84,YES,1,11105,2008-09-01,2009
595,Mastercard,Debit,5406659343798230,2022-12-01,868,YES,2,14408,2008-09-01,2008
595,Mastercard,Debit,5007147574833880,2022-04-01,560,YES,2,16786,2008-09-01,2008
81,Mastercard,Credit,5419443574655370,2023-10-01,520,YES,2,13300,2008-09-01,2008
377,Mastercard,Debit,5022081495088080,2022-10-01,893,YES,2,2536,2008-09-01,2008
480,Mastercard,Credit,5178103003337410,2024-07-01,944,YES,2,8700,2008-09-01,2011
1507,Mastercard,Debit,5902106574231830,2021-07-01,726,YES,2,19573,2008-09-01,2015
1150,Mastercard,Debit,5770382684241100,2015-06-01,832,YES,2,29486,2008-09-01,2008
1413,Mastercard,Debit,5703901298391160,2010-11-01,436,YES,2,15562,2008-09-01,2016
1142,Mastercard,Debit,5114438569807440,2020-02-01,461,YES,2,43984,2008-09-01,2013
921,Mastercard,Debit,5570607538229110,2024-02-01,572,YES,1,30547,2008-09-01,2008
209,Mastercard,Debit,5607093669748050,2021-12-01,968,YES,2,2507,2008-09-01,2010
1030,Mastercard,Debit,5943712275580270,2008-11-01,212,YES,1,19152,2008-09-01,2009
465,Mastercard,Credit,5613327518828270,2021-06-01,118,YES,2,5800,2008-09-01,2008
1514,Mastercard,Debit (Prepaid),5222744542088590,2016-08-01,394,YES,1,76,2008-09-01,2015
1678,Mastercard,Debit,5127936739014860,2023-01-01,896,YES,1,30424,2008-09-01,2011
1609,Mastercard,Debit,5595385125014560,2023-08-01,519,YES,1,34023,2008-09-01,2008
1264,Mastercard,Debit,5666750494047670,2023-04-01,756,NO,1,10767,2008-09-01,2008
133,Mastercard,Debit,5386540540263310,2024-03-01,26,YES,1,25197,2008-09-01,2011
1070,Mastercard,Debit (Prepaid),5003507127783500,2011-01-01,406,YES,2,53,2008-09-01,2012
1448,Visa,Debit,4083033843851770,2020-01-01,173,YES,1,29950,2008-09-01,2013
1758,Visa,Debit,4716755530325960,2024-12-01,821,YES,2,8278,2008-09-01,2010
1543,Visa,Debit,4134342241718160,2016-03-01,354,YES,2,54128,2008-09-01,2011
710,Visa,Debit (Prepaid),4291584295091270,2021-07-01,284,NO,2,80,2008-09-01,2013
711,Visa,Debit,4460024958657540,2020-01-01,704,YES,2,9562,2008-09-01,2011
1097,Visa,Debit,4438751767989230,2022-05-01,781,YES,1,17319,2008-09-01,2010
1095,Visa,Debit,4761404556606270,2021-06-01,579,YES,1,16464,2008-09-01,2009
1675,Visa,Debit,4666278208440960,2016-07-01,682,YES,1,20074,2008-09-01,2011
1221,Visa,Credit,4173425142689190,2020-09-01,872,NO,2,7400,2008-09-01,2011
1885,Visa,Debit,4806392673999550,2012-12-01,788,YES,2,18733,2008-09-01,2014
1407,Visa,Credit,4681503612415890,2014-02-01,86,YES,2,8500,2008-09-01,2010
1173,Visa,Debit,4547819605508070,2024-06-01,410,YES,1,1342,2008-09-01,2008
1683,Visa,Debit,4635941322761450,2020-03-01,691,YES,2,5949,2008-09-01,2008
727,Visa,Credit,4379930917559480,2023-11-01,210,YES,2,10700,2008-09-01,2010
982,Visa,Debit,4793775442106820,2013-04-01,996,YES,1,28431,2008-09-01,2008
1411,Visa,Debit,4698652103391030,2021-05-01,88,YES,1,3450,2008-09-01,2016
1183,Visa,Credit,4985248597765510,2020-11-01,814,YES,2,9100,2008-09-01,2015
1808,Visa,Credit,4982389408699600,2021-08-01,536,YES,2,9100,2008-09-01,2008
361,Visa,Debit (Prepaid),4394875861818280,2021-03-01,15,YES,2,20,2008-09-01,2008
376,Visa,Debit,4061229587825800,2024-08-01,127,YES,1,2696,2008-09-01,2013
468,Amex,Credit,338642228553287,2024-08-01,678,NO,2,13100,2009-09-01,2009
1718,Mastercard,Debit,5191030913182490,2024-06-01,360,YES,1,16055,2009-09-01,2009
511,Mastercard,Debit,5377858405611170,2024-01-01,24,YES,1,11858,2009-09-01,2010
543,Mastercard,Debit,5534901273086330,2023-12-01,387,YES,2,6222,2009-09-01,2009
1009,Mastercard,Debit,5124862044427460,2021-08-01,457,YES,2,19928,2009-09-01,2011
1424,Mastercard,Credit,5033949193863450,2021-05-01,76,YES,2,8000,2009-09-01,2011
1818,Mastercard,Debit,5403878573257240,2024-06-01,553,YES,2,36912,2009-09-01,2015
629,Mastercard,Debit,5774618783513730,2020-01-01,902,YES,2,32447,2009-09-01,2009
73,Mastercard,Credit,5049713217655200,2023-07-01,980,YES,1,11900,2009-09-01,2012
1031,Mastercard,Credit,5972887381229030,2015-04-01,441,YES,2,12200,2009-09-01,2009
716,Mastercard,Credit,5168351147755520,2024-02-01,700,YES,1,9800,2009-09-01,2009
1445,Mastercard,Debit,5921922339179100,2022-01-01,885,YES,2,14029,2009-09-01,2010
394,Mastercard,Debit,5853043877946010,2023-06-01,333,YES,1,23310,2009-09-01,2009
641,Mastercard,Debit,5316778308007530,2022-01-01,916,YES,2,12275,2009-09-01,2009
1757,Mastercard,Credit,5498435631041770,2019-01-01,7,YES,1,10800,2009-09-01,2011
1481,Mastercard,Debit,5746148101457480,2022-06-01,950,YES,2,441,2009-09-01,2014
642,Mastercard,Debit,5229231041808980,2009-11-01,670,YES,2,8812,2009-09-01,2009
1526,Mastercard,Debit (Prepaid),5821558147911210,2020-10-01,558,YES,1,77,2009-09-01,2009
1006,Mastercard,Debit,5422477428882350,2023-01-01,49,YES,2,17253,2009-09-01,2011
416,Mastercard,Debit (Prepaid),5870295343668370,2022-12-01,16,YES,2,46,2009-09-01,2016
839,Mastercard,Debit,5995510727358210,2020-06-01,873,YES,2,37192,2009-09-01,2010
1525,Mastercard,Debit,5501198442764700,2010-09-01,847,YES,1,297,2009-09-01,2009
1183,Mastercard,Debit,5983398661297110,2010-10-01,300,YES,2,15441,2009-09-01,2009
1638,Mastercard,Debit,5949659577533300,2020-05-01,808,YES,2,13297,2009-09-01,2011
1500,Mastercard,Credit,5662784777670000,2020-12-01,195,YES,2,14000,2009-09-01,2011
1443,Mastercard,Debit,5449645261322610,2022-03-01,354,YES,2,16392,2009-09-01,2011
683,Mastercard,Credit,5587200077332460,2023-12-01,661,YES,1,20700,2009-09-01,2010
881,Mastercard,Debit (Prepaid),5266235435834790,2024-10-01,868,YES,2,63,2009-09-01,2011
1447,Mastercard,Credit,5861460389220800,2022-02-01,901,YES,1,3600,2009-09-01,2009
1616,Mastercard,Credit,5877792740240700,2022-09-01,793,NO,2,22900,2009-09-01,2010
858,Visa,Credit,4899127312611090,2024-07-01,490,YES,2,10700,2009-09-01,2011
1485,Visa,Debit,4998107869531290,2023-11-01,358,YES,1,12783,2009-09-01,2015
1966,Visa,Credit,4255500869023670,2016-05-01,402,YES,2,10400,2009-09-01,2011
1615,Visa,Debit,4577924057885150,2023-05-01,594,YES,1,22310,2009-09-01,2011
1167,Visa,Credit,4576167031845750,2015-10-01,540,YES,1,12500,2009-09-01,2009
250,Visa,Credit,4422778420591980,2014-02-01,40,NO,2,7200,2009-09-01,2009
1873,Visa,Credit,4745779615480430,2016-07-01,502,YES,1,7700,2009-09-01,2009
1646,Visa,Credit,4986044513118660,2022-03-01,231,YES,2,9000,2009-09-01,2011
1634,Visa,Credit,4203303995031480,2024-01-01,367,YES,2,4100,2009-09-01,2009
1996,Visa,Credit,4339413642488220,2012-12-01,77,NO,2,9700,2009-09-01,2017
751,Visa,Debit (Prepaid),4329543360913740,2009-10-01,540,YES,1,84,2009-09-01,2009
211,Visa,Debit,4134647729232450,2020-08-01,517,YES,2,17013,2009-09-01,2009
1558,Visa,Debit,4114768485287180,2023-03-01,234,YES,1,2566,2009-09-01,2012
884,Visa,Credit,4376956078073120,2020-11-01,45,YES,1,8800,2009-09-01,2012
959,Visa,Debit (Prepaid),4570842726552830,2020-07-01,4,YES,2,18,2009-09-01,2009
373,Visa,Debit,4623830121488860,2023-08-01,233,YES,1,3867,2009-09-01,2009
742,Visa,Debit (Prepaid),4021365419633520,2024-04-01,489,YES,2,53,2009-09-01,2009
1356,Visa,Credit,4054184324450510,2022-08-01,45,YES,2,8100,2009-09-01,2015
614,Visa,Credit,4679944060407470,2021-05-01,328,YES,1,12700,2009-09-01,2015
1405,Visa,Debit,4324994489841340,2024-11-01,374,YES,2,19575,2009-09-01,2009
986,Visa,Debit,4947422352493090,2023-01-01,940,YES,2,15094,2009-09-01,2011
110,Amex,Credit,332229278341275,2022-10-01,702,YES,1,16000,2010-09-01,2016
1766,Amex,Credit,304236119500152,2020-08-01,954,YES,1,8200,2010-09-01,2012
712,Discover,Credit,6443318322155670,2021-07-01,518,YES,1,14900,2010-09-01,2010
732,Discover,Credit,6457800663577680,2012-01-01,285,YES,1,9200,2010-09-01,2010
1179,Discover,Credit,6340588661070810,2020-02-01,737,YES,1,12900,2010-09-01,2013
1075,Mastercard,Credit,5089768442116300,2023-07-01,686,YES,2,11200,2010-09-01,2010
1165,Mastercard,Debit,5037404409791940,2022-01-01,681,YES,1,14695,2010-09-01,2011
1734,Mastercard,Debit,5116904368864990,2015-06-01,698,YES,2,42116,2010-09-01,2011
1484,Mastercard,Debit,5431173218728270,2020-01-01,187,NO,1,38342,2010-09-01,2010
1128,Mastercard,Credit,5598634791848890,2023-04-01,830,YES,2,10600,2010-09-01,2014
1341,Mastercard,Credit,5742718738269550,2023-08-01,363,YES,1,6300,2010-09-01,2010
454,Mastercard,Debit,5776356381459180,2010-10-01,394,YES,1,19970,2010-09-01,2010
1104,Mastercard,Credit,5708794034518410,2024-04-01,59,NO,1,8600,2010-09-01,2012
21,Mastercard,Debit (Prepaid),5491556655486860,2023-05-01,226,YES,1,58,2010-09-01,2010
549,Mastercard,Credit,5045264762203410,2022-12-01,83,NO,1,12600,2010-09-01,2012
1214,Mastercard,Debit,5937904364088530,2020-08-01,832,NO,2,42537,2010-09-01,2010
1368,Mastercard,Debit,5579604502736650,2023-10-01,799,YES,1,21792,2010-09-01,2013
835,Mastercard,Debit,5090031463070460,2022-05-01,181,YES,2,16377,2010-09-01,2013
1221,Mastercard,Credit,5950660218711310,2021-05-01,874,YES,1,8500,2010-09-01,2011
1281,Mastercard,Debit,5111772382182980,2022-11-01,613,YES,2,15149,2010-09-01,2010
1598,Mastercard,Credit,5631203582527410,2023-10-01,995,YES,1,5700,2010-09-01,2015
703,Mastercard,Credit,5756823922746950,2024-04-01,644,YES,2,2000,2010-09-01,2010
1169,Mastercard,Debit,5022040734416400,2021-01-01,283,YES,1,27761,2010-09-01,2010
1707,Mastercard,Debit,5101090738920820,2021-07-01,325,YES,1,22362,2010-09-01,2014
225,Mastercard,Credit,5388982948934430,2023-09-01,283,YES,2,14300,2010-09-01,2010
1985,Mastercard,Debit,5733036423097080,2020-03-01,72,YES,2,416,2010-09-01,2010
286,Mastercard,Debit,5928230249203930,2022-08-01,212,YES,1,20799,2010-09-01,2010
303,Mastercard,Debit,5064319723077990,2023-01-01,109,YES,1,25900,2010-09-01,2010
1549,Mastercard,Debit,5831664882961720,2023-09-01,915,YES,1,29936,2010-09-01,2011
408,Mastercard,Debit,5335828686031640,2015-02-01,167,YES,2,785,2010-09-01,2010
674,Mastercard,Debit,5296739757506990,2021-02-01,637,YES,1,1407,2010-09-01,2018
17,Mastercard,Debit,5112841703970150,2022-06-01,367,YES,1,7175,2010-09-01,2017
329,Mastercard,Credit,5028747805927860,2024-07-01,278,YES,1,9500,2010-09-01,2015
1478,Mastercard,Debit,5418595509569230,2024-09-01,749,YES,2,4183,2010-09-01,2010
323,Mastercard,Credit,5017550508372770,2018-09-01,481,NO,1,5900,2010-09-01,2011
135,Visa,Debit,4528854599819260,2019-08-01,451,YES,2,21591,2010-09-01,2010
1441,Visa,Credit,4164752448797890,2023-02-01,24,YES,1,12500,2010-09-01,2012
1201,Visa,Debit,4423423702094840,2020-11-01,362,YES,1,40710,2010-09-01,2010
1019,Visa,Debit,4811603557913130,2024-10-01,994,YES,1,4386,2010-09-01,2016
636,Visa,Debit,4711994375142420,2022-04-01,577,YES,1,3915,2010-09-01,2010
1379,Visa,Credit,4164100335475850,2022-10-01,338,YES,1,10300,2010-09-01,2010
755,Visa,Debit,4152201825251050,2022-12-01,314,YES,2,10756,2010-09-01,2018
396,Visa,Debit (Prepaid),4449334595737950,2023-02-01,963,NO,2,65,2010-09-01,2011
234,Visa,Credit,4618393100129360,2020-07-01,775,YES,1,9800,2010-09-01,2011
184,Visa,Debit,4762407160723210,2024-06-01,115,YES,2,8766,2010-09-01,2020
1911,Visa,Debit,4756126690850860,2020-06-01,872,YES,1,21057,2010-09-01,2010
864,Visa,Credit,4544774001344060,2024-09-01,527,YES,1,19100,2010-09-01,2015
1668,Visa,Credit,4161722287532690,2010-10-01,265,YES,1,14000,2010-09-01,2016
313,Visa,Credit,4142618269549470,2022-12-01,716,YES,1,8900,2010-09-01,2016
1528,Visa,Debit (Prepaid),4653783977944700,2024-02-01,233,YES,1,107,2010-09-01,2015
1905,Amex,Credit,303639878430454,2022-11-01,807,YES,1,5800,2011-09-01,2011
1997,Mastercard,Debit,5974521557482720,2020-08-01,89,YES,1,25048,2011-09-01,2011
1765,Mastercard,Credit,5529087189553030,2023-10-01,242,NO,1,7500,2011-09-01,2011
927,Mastercard,Debit,5118587392070710,2020-04-01,847,YES,1,27180,2011-09-01,2011
1246,Mastercard,Debit,5019373098063500,2024-05-01,803,NO,1,16257,2011-09-01,2011
525,Mastercard,Debit,5407600934550840,2020-02-01,335,YES,2,13257,2011-09-01,2011
366,Mastercard,Debit,5936158679461560,2012-06-01,407,YES,2,23042,2011-09-01,2013
546,Mastercard,Debit,5928320194768560,2016-08-01,838,YES,2,2559,2011-09-01,2011
1458,Mastercard,Debit,5793823082189560,2020-01-01,210,YES,1,7535,2011-09-01,2011
1282,Mastercard,Debit,5359387075130550,2020-05-01,975,YES,1,16187,2011-09-01,2011
1347,Mastercard,Debit,5422366850951710,2023-12-01,973,YES,2,21802,2011-09-01,2011
488,Mastercard,Debit,5535209227360700,2019-01-01,434,YES,1,12759,2011-09-01,2011
1492,Visa,Credit,4453742478192140,2020-01-01,346,YES,2,27000,2011-09-01,2016
427,Visa,Debit,4123364464470590,2024-11-01,574,YES,1,11093,2011-09-01,2011
1757,Visa,Debit,4770016969284050,2016-03-01,688,YES,1,16642,2011-09-01,2011
222,Visa,Debit,4677263098292780,2014-10-01,224,YES,1,46521,2011-09-01,2012
282,Visa,Debit,4179763879293610,2022-02-01,245,NO,1,4302,2011-09-01,2015
1233,Visa,Credit,4500413559560450,2012-09-01,772,YES,2,11000,2011-09-01,2013
303,Visa,Credit,4554398515333300,2023-02-01,112,YES,2,15600,2011-09-01,2011
1549,Visa,Credit,4003846186083980,2024-08-01,474,YES,2,8800,2011-09-01,2011
1787,Visa,Debit,4230041150211480,2024-07-01,872,YES,1,37338,2011-09-01,2011
730,Visa,Debit,4893423769208590,2024-10-01,941,YES,2,10756,2011-09-01,2011
843,Visa,Debit,4761252332594710,2022-03-01,492,YES,1,11996,2011-09-01,2011
36,Visa,Debit,4887792862892210,2019-06-01,31,YES,2,18808,2011-09-01,2013
1258,Visa,Debit,4246770344294430,2014-12-01,779,YES,1,26158,2011-09-01,2011
663,Mastercard,Credit,5078189663550750,2024-10-01,929,YES,1,17400,2012-09-01,2012
411,Mastercard,Debit (Prepaid),5533776724641360,2017-10-01,834,YES,2,59,2012-09-01,2012
639,Mastercard,Debit,5653383391642960,2024-05-01,280,YES,2,14850,2012-09-01,2012
1307,Mastercard,Credit,5948740039365070,2021-05-01,950,YES,1,21900,2012-09-01,2012
3,Mastercard,Debit (Prepaid),5175412661393750,2023-08-01,399,NO,1,62,2012-09-01,2012
1277,Mastercard,Credit,5685035507383240,2017-08-01,135,YES,2,19800,2012-09-01,2012
77,Mastercard,Debit,5443759192548840,2014-12-01,623,NO,1,17112,2012-09-01,2012
335,Visa,Debit,4680510288921420,2013-09-01,217,YES,2,25307,2012-09-01,2012
1810,Visa,Credit,4552564122869010,2024-04-01,816,YES,2,9800,2012-09-01,2012
1435,Visa,Debit,4372566654697980,2023-09-01,83,YES,2,34818,2012-09-01,2012
170,Visa,Debit,4969924078004890,2022-12-01,881,YES,1,15638,2012-09-01,2012
1142,Visa,Credit,4380226554679220,2022-09-01,593,YES,2,20600,2012-09-01,2012
1200,Visa,Credit,4993894078039970,2022-06-01,784,YES,2,6000,2012-09-01,2012
1405,Visa,Debit,4700587500082030,2023-01-01,458,YES,1,26033,2012-09-01,2012
1528,Visa,Credit,4723544766031690,2024-04-01,305,YES,2,7800,2012-09-01,2012
1210,Amex,Credit,347615356543698,2020-10-01,81,YES,2,8600,2013-09-01,2013
1976,Mastercard,Debit (Prepaid),5376202172646610,2022-11-01,419,YES,1,57,2013-09-01,2013
530,Mastercard,Debit,5609056029992560,2020-02-01,7,YES,1,10970,2013-09-01,2013
1104,Mastercard,Credit,5882977035145190,2021-10-01,491,YES,2,11400,2013-09-01,2013
1796,Mastercard,Debit,5363296926225050,2018-02-01,610,YES,1,15974,2013-09-01,2013
856,Mastercard,Debit,5524896778714380,2023-05-01,673,NO,1,62861,2013-09-01,2013
64,Mastercard,Debit,5127580610063400,2024-01-01,797,YES,1,17612,2013-09-01,2013
1797,Mastercard,Debit,5669514318855140,2014-11-01,958,NO,1,16003,2013-09-01,2013
538,Mastercard,Debit,5914363154867760,2014-12-01,861,YES,1,11906,2013-09-01,2013
980,Mastercard,Debit,5704958659332150,2016-04-01,568,YES,1,16789,2013-09-01,2013
1150,Mastercard,Debit,5768399039617120,2022-07-01,221,YES,2,20111,2013-09-01,2013
550,Mastercard,Debit,5157919465684890,2017-02-01,587,YES,2,21988,2013-09-01,2013
772,Mastercard,Debit,5073215069137250,2024-12-01,541,YES,1,15297,2013-09-01,2013
42,Mastercard,Debit,5585235709223010,2020-09-01,555,YES,1,10776,2013-09-01,2013
1177,Mastercard,Debit,5167461508736950,2021-09-01,218,YES,2,25993,2013-09-01,2013
863,Mastercard,Debit,5946850544837790,2023-01-01,589,YES,2,18244,2013-09-01,2013
13,Visa,Credit,4846797588329540,2019-05-01,143,NO,2,3500,2013-09-01,2013
1916,Visa,Debit,4815373260593640,2018-04-01,733,YES,2,10211,2013-09-01,2013
659,Visa,Debit,4623542302475010,2019-11-01,482,YES,2,17649,2013-09-01,2013
1883,Visa,Debit,4114185411174500,2023-07-01,606,YES,2,33181,2013-09-01,2013
433,Visa,Debit (Prepaid),4441251898273990,2017-12-01,539,YES,1,96,2013-09-01,2013
157,Visa,Debit,4884544538827900,2015-01-01,296,YES,1,13438,2013-09-01,2013
1937,Visa,Credit,4478591356446760,2024-10-01,207,YES,2,5500,2013-09-01,2013
311,Amex,Credit,398921295633424,2024-01-01,659,YES,2,6600,2014-09-01,2014
898,Mastercard,Credit,5000307662634780,2020-04-01,263,NO,1,9500,2014-09-01,2014
1376,Mastercard,Debit,5699284619972480,2021-01-01,318,YES,2,26531,2014-09-01,2014
480,Mastercard,Credit,5820692615463300,2023-08-01,905,YES,2,23400,2014-09-01,2014
1245,Mastercard,Credit,5352138305305280,2024-05-01,190,YES,2,6900,2014-09-01,2014
1488,Mastercard,Credit,5409789881160700,2021-04-01,252,NO,1,8500,2014-09-01,2014
887,Visa,Credit,4779198537003940,2022-11-01,322,YES,2,6500,2014-09-01,2014
1424,Visa,Debit (Prepaid),4035809761172500,2021-08-01,400,YES,1,84,2014-09-01,2014
639,Visa,Credit,4433520087348350,2021-11-01,303,YES,2,12400,2014-09-01,2014
1166,Visa,Debit,4890865865158490,2014-11-01,441,YES,1,14574,2014-09-01,2014
1954,Visa,Credit,4802501874295820,2024-04-01,196,YES,2,5900,2014-09-01,2014
1332,Visa,Debit,4318258273065770,2024-10-01,152,YES,1,39491,2014-09-01,2014
1125,Amex,Credit,331368783471362,2021-12-01,673,YES,2,13200,2015-09-01,2015
803,Mastercard,Debit,5918188974230790,2021-01-01,670,YES,1,20552,2015-09-01,2015
535,Mastercard,Credit,5449971634656590,2024-06-01,172,YES,2,12200,2015-09-01,2015
622,Mastercard,Debit (Prepaid),5520515906391650,2015-10-01,769,YES,2,86,2015-09-01,2015
72,Mastercard,Credit,5428221818543240,2024-09-01,953,YES,1,14300,2015-09-01,2015
227,Visa,Debit,4284210826984100,2020-02-01,154,YES,2,25330,2015-09-01,2015
189,Visa,Debit (Prepaid),4326629340318760,2020-04-01,522,YES,1,81,2015-09-01,2015
1731,Visa,Debit (Prepaid),4662000840694240,2023-09-01,924,YES,2,81,2015-09-01,2015
807,Visa,Debit (Prepaid),4303264440429380,2021-06-01,41,YES,1,91,2015-09-01,2015
988,Visa,Debit,4574140981154350,2016-08-01,627,YES,1,18579,2015-09-01,2015
1416,Visa,Credit,4959412347021850,2023-04-01,714,YES,2,10500,2015-09-01,2015
1998,Visa,Debit,4138210173016900,2021-06-01,76,YES,1,328,2015-09-01,2015
1668,Visa,Debit,4982899751098460,2020-02-01,864,YES,1,23240,2015-09-01,2015
1811,Discover,Credit,6977627305195040,2022-03-01,233,YES,2,44200,2016-09-01,2016
1747,Mastercard,Credit,5300159511214990,2016-12-01,740,YES,2,10100,2016-09-01,2016
844,Mastercard,Credit,5516761014693880,2024-12-01,683,NO,2,8900,2016-09-01,2016
1184,Mastercard,Debit,5989681266336080,2023-08-01,683,YES,2,21120,2016-09-01,2016
1861,Mastercard,Debit,5475273052994390,2024-02-01,101,YES,1,32325,2016-09-01,2016
116,Mastercard,Debit (Prepaid),5236777406383680,2020-10-01,234,YES,1,64,2016-09-01,2016
1764,Visa,Debit,4931400640582630,2017-09-01,835,YES,2,15658,2016-09-01,2016
1488,Visa,Debit,4450244246196930,2023-05-01,339,YES,1,14249,2016-09-01,2016
354,Amex,Credit,397099721312783,2023-08-01,647,YES,1,9000,2017-09-01,2017
1465,Amex,Credit,315010583302267,2021-06-01,201,YES,2,10700,2017-09-01,2017
1175,Amex,Credit,354026281245694,2017-09-01,67,YES,2,7600,2017-09-01,2017
1116,Mastercard,Debit,5668831527649350,2021-01-01,356,YES,1,23253,2017-09-01,2017
1880,Mastercard,Debit,5132664334960880,2021-05-01,593,YES,1,9532,2017-09-01,2017
314,Mastercard,Credit,5408809633056340,2020-10-01,504,YES,2,19800,2017-09-01,2017
684,Mastercard,Debit,5726295152230610,2022-02-01,912,YES,2,17536,2017-09-01,2017
1317,Mastercard,Debit,5049590350537180,2017-12-01,287,YES,1,12793,2017-09-01,2017
835,Mastercard,Debit (Prepaid),5400982759283570,2023-07-01,348,YES,1,58,2017-09-01,2017
396,Mastercard,Debit (Prepaid),5855912828685060,2020-10-01,998,NO,1,69,2017-09-01,2017
43,Mastercard,Debit,5971471233715170,2023-10-01,760,YES,1,35702,2017-09-01,2017
1589,Mastercard,Debit,5174537590358880,2024-12-01,473,YES,2,13064,2017-09-01,2017
160,Mastercard,Debit (Prepaid),5097177024373440,2020-03-01,487,YES,1,79,2017-09-01,2017
906,Visa,Debit,4301090834057520,2017-12-01,718,YES,1,26850,2017-09-01,2017
1688,Mastercard,Debit,5161633770589120,2024-02-01,891,YES,2,21502,2018-09-01,2018
284,Mastercard,Debit,5131900662646650,2018-12-01,352,YES,1,23206,2018-09-01,2018
1727,Visa,Debit,4602706416826250,2021-03-01,862,YES,2,27066,2018-09-01,2018
1415,Visa,Credit,4344540573987350,2021-01-01,594,YES,2,6400,2018-09-01,2018
860,Visa,Credit,4642731433732480,2020-09-01,661,YES,2,22100,2018-09-01,2018
391,Amex,Credit,352640919361783,2023-06-01,945,YES,1,6200,2019-09-01,2019
650,Mastercard,Debit,5666352544496070,2022-04-01,14,YES,1,12139,2019-09-01,2019
1512,Mastercard,Debit (Prepaid),5040698021601970,2020-11-01,796,YES,2,64,2019-09-01,2019
401,Mastercard,Credit,5641292346753760,2024-07-01,940,YES,2,2200,2019-09-01,2019
612,Mastercard,Debit,5116412114054860,2021-01-01,641,YES,1,13584,2019-09-01,2019
530,Visa,Debit,4461414789391510,2021-03-01,277,YES,2,15458,2019-09-01,2019
115,Visa,Credit,4751938107987460,2024-10-01,839,YES,1,13200,2019-09-01,2019
992,Mastercard,Credit,5691724269449730,2024-03-01,70,NO,1,13100,1996-10-01,2012
1432,Visa,Credit,4628195999996980,2023-07-01,543,YES,1,19400,1996-10-01,2012
1398,Mastercard,Debit,5225250785593490,2024-12-01,71,YES,2,34731,1997-10-01,2011
125,Discover,Credit,6151262896814380,2022-10-01,10,YES,2,3600,1998-10-01,2005
248,Mastercard,Debit,5499359671695760,2021-11-01,129,YES,1,11749,1998-10-01,2008
1876,Mastercard,Debit,5098350921641450,2023-04-01,974,YES,1,16082,1998-10-01,2010
1969,Mastercard,Debit,5146650564715210,2024-08-01,331,YES,2,16519,1998-10-01,2015
184,Mastercard,Debit (Prepaid),5231369185894590,2021-01-01,156,YES,2,95,1998-10-01,2012
391,Mastercard,Debit (Prepaid),5182063803419500,2020-09-01,572,YES,2,81,1998-10-01,2010
1039,Visa,Debit,4510409231872100,2024-06-01,704,YES,1,3335,1998-10-01,2012
1776,Amex,Credit,357731604070533,2020-05-01,270,YES,1,13400,1999-10-01,2012
296,Amex,Credit,364958962386268,2012-10-01,140,YES,2,9700,1999-10-01,2007
250,Mastercard,Debit (Prepaid),5824072261463080,2020-12-01,574,YES,1,57,1999-10-01,2017
1495,Visa,Debit (Prepaid),4980389315137730,2022-08-01,222,YES,2,22,1999-10-01,2016
1719,Mastercard,Debit,5079874786244950,2022-06-01,200,YES,2,1976,2000-10-01,2008
755,Mastercard,Debit,5534541653646610,2020-04-01,809,YES,2,13979,2000-10-01,2007
621,Mastercard,Debit,5103132578062940,2021-11-01,309,YES,1,1368,2000-10-01,2004
783,Mastercard,Debit,5359252107099590,2020-10-01,401,YES,2,1627,2000-10-01,2013
1487,Visa,Credit,4984110253172320,2021-06-01,453,YES,2,24200,2000-10-01,2013
1477,Discover,Credit,6994217664929320,2022-11-01,198,NO,1,12700,2001-10-01,2009
1897,Mastercard,Debit,5695371675609170,2023-12-01,110,YES,1,51302,2001-10-01,2010
1383,Mastercard,Debit,5027291418907390,2022-02-01,118,YES,1,17432,2001-10-01,2014
1361,Mastercard,Debit,5577172894705200,2020-10-01,459,YES,2,14767,2001-10-01,2012
1885,Mastercard,Debit (Prepaid),5423227075379750,2006-10-01,812,YES,2,38,2001-10-01,2007
47,Mastercard,Debit,5466414459089420,2024-01-01,556,YES,2,3891,2001-10-01,2016
696,Mastercard,Debit (Prepaid),5293099993474740,2009-06-01,140,YES,2,97,2001-10-01,2010
410,Mastercard,Debit,5568241893888010,2015-01-01,382,YES,2,26822,2001-10-01,2007
1385,Mastercard,Debit (Prepaid),5570718950254390,2020-01-01,437,YES,2,44,2001-10-01,2013
1638,Mastercard,Credit,5997976310447180,2024-07-01,645,YES,1,21300,2001-10-01,2015
1370,Mastercard,Debit,5831867303465550,2024-07-01,88,YES,2,12610,2001-10-01,2007
1432,Visa,Debit,4326650926720470,2021-05-01,924,YES,1,32043,2001-10-01,2009
1324,Visa,Credit,4713324681058860,2024-09-01,943,YES,2,12500,2001-10-01,2011
408,Visa,Credit,4749273777651480,2022-03-01,809,YES,2,6900,2001-10-01,2011
1911,Amex,Credit,360634127644380,2021-04-01,94,YES,1,8900,2002-10-01,2012
17,Amex,Credit,396239738941168,2024-10-01,814,YES,1,2800,2002-10-01,2011
1504,Discover,Credit,6418843769862220,2021-04-01,423,YES,1,3900,2002-10-01,2010
16,Mastercard,Debit,5496658602251090,2020-12-01,962,YES,2,7562,2002-10-01,2011
1268,Mastercard,Debit,5961047404971210,2022-06-01,89,NO,1,11726,2002-10-01,2011
87,Mastercard,Debit (Prepaid),5251447871603740,2008-03-01,292,YES,1,95,2002-10-01,2011
1640,Mastercard,Debit,5592976284572730,2023-06-01,696,YES,1,14231,2002-10-01,2010
1917,Mastercard,Debit (Prepaid),5180494711434590,2019-03-01,412,YES,1,66,2002-10-01,2011
1677,Mastercard,Debit,5650667533582380,2022-04-01,228,YES,2,13404,2002-10-01,2018
399,Mastercard,Debit,5034696278823230,2020-11-01,154,YES,1,43122,2002-10-01,2011
1123,Mastercard,Credit,5936059093647860,2020-07-01,739,YES,1,9000,2002-10-01,2010
1308,Visa,Credit,4900994567069760,2021-07-01,24,YES,2,14800,2002-10-01,2012
942,Visa,Debit,4374159186975000,2018-02-01,407,YES,1,39441,2002-10-01,2008
1896,Visa,Credit,4468355695964450,2023-12-01,955,YES,1,14000,2002-10-01,2008
1956,Visa,Credit,4208305792316900,2006-09-01,135,YES,1,11500,2002-10-01,2009
52,Visa,Debit,4435466238583870,2022-04-01,708,YES,2,20930,2002-10-01,2008
1135,Visa,Credit,4018902833542400,2023-08-01,755,YES,1,22400,2002-10-01,2010
1787,Visa,Debit,4063898777653030,2002-10-01,671,YES,2,24056,2002-10-01,2009
542,Amex,Credit,333480454420533,2020-09-01,392,NO,1,8300,2003-10-01,2011
208,Amex,Credit,331642499814393,2020-08-01,68,YES,1,13900,2003-10-01,2003
1969,Discover,Credit,6242287666379860,2022-01-01,946,YES,1,12300,2003-10-01,2010
1348,Discover,Credit,6283858533446010,2023-04-01,427,YES,1,0,2003-10-01,2007
1422,Discover,Credit,6967609497983390,2023-03-01,334,YES,2,9300,2003-10-01,2012
1103,Mastercard,Credit,5675172699563850,2023-08-01,294,YES,1,5300,2003-10-01,2012
1529,Mastercard,Debit,5214969175447510,2016-04-01,439,YES,1,31362,2003-10-01,2010
771,Mastercard,Debit,5778350556346100,2023-01-01,199,YES,2,17536,2003-10-01,2010
784,Mastercard,Debit (Prepaid),5985099169659260,2012-02-01,13,YES,1,12,2003-10-01,2012
15,Mastercard,Credit,5083940596996060,2020-03-01,427,YES,2,7100,2003-10-01,2017
163,Mastercard,Debit,5017276941811860,2023-09-01,728,YES,1,12873,2003-10-01,2008
734,Mastercard,Credit,5146631536689210,2020-07-01,498,YES,2,6300,2003-10-01,2010
1859,Mastercard,Debit,5880006305695940,2023-03-01,187,YES,1,34560,2003-10-01,2011
840,Visa,Debit (Prepaid),4876555170855800,2024-04-01,661,YES,1,65,2003-10-01,2009
763,Visa,Credit,4000393241453100,2021-10-01,408,YES,2,24300,2003-10-01,2007
219,Visa,Credit,4968397264653210,2021-06-01,571,YES,2,7900,2003-10-01,2006
20,Visa,Debit,4213518971978550,2023-08-01,66,YES,1,19791,2003-10-01,2014
1154,Visa,Debit,4623545252878070,2004-12-01,186,YES,1,12078,2003-10-01,2018
933,Visa,Debit (Prepaid),4708598144257740,2021-02-01,977,YES,1,57,2003-10-01,2009
1725,Visa,Debit,4193057506301350,2023-06-01,602,YES,1,4723,2003-10-01,2011
1725,Visa,Debit,4119268573253930,2022-09-01,247,YES,2,28166,2003-10-01,2015
100,Visa,Debit,4600429352082370,2020-01-01,674,YES,2,41084,2003-10-01,2012
672,Visa,Debit,4598597915590540,2020-01-01,17,YES,1,8333,2003-10-01,2007
798,Amex,Credit,328675535875605,2010-08-01,66,YES,1,13900,2004-10-01,2010
1176,Mastercard,Debit,5274657041301970,2020-04-01,436,YES,2,47833,2004-10-01,2010
1039,Mastercard,Debit,5955617938111730,2013-08-01,483,YES,2,18498,2004-10-01,2010
771,Mastercard,Debit,5024268740137320,2024-10-01,738,YES,2,5857,2004-10-01,2007
1151,Mastercard,Credit,5421621953594430,2024-09-01,692,YES,2,100,2004-10-01,2004
992,Mastercard,Credit,5113385398145640,2011-03-01,64,YES,1,20800,2004-10-01,2007
703,Mastercard,Debit,5872231427146850,2005-06-01,616,YES,1,20062,2004-10-01,2010
45,Mastercard,Debit (Prepaid),5525601416941010,2023-11-01,154,YES,1,44,2004-10-01,2014
1102,Mastercard,Debit,5884636845919710,2018-07-01,425,YES,2,17846,2004-10-01,2011
20,Mastercard,Credit,5881351669070740,2021-03-01,834,YES,2,9000,2004-10-01,2011
1633,Mastercard,Debit,5356675809803130,2022-09-01,452,YES,1,11495,2004-10-01,2014
1733,Mastercard,Debit,5918070737334540,2023-09-01,879,YES,2,898,2004-10-01,2007
1777,Mastercard,Debit (Prepaid),5863932577604190,2023-05-01,815,YES,1,61,2004-10-01,2012
668,Visa,Debit,4378354586828460,2021-06-01,644,YES,2,8253,2004-10-01,2011
639,Visa,Debit,4201603557566120,2023-01-01,380,YES,2,15485,2004-10-01,2010
1295,Visa,Credit,4892675252828860,2024-02-01,823,YES,1,9900,2004-10-01,2014
1859,Visa,Debit,4441559114756140,2022-03-01,974,YES,1,15374,2004-10-01,2016
784,Discover,Credit,6314230753727330,2023-08-01,102,YES,1,7800,2005-10-01,2008
1912,Mastercard,Debit,5825169460594160,2010-01-01,127,YES,2,18937,2005-10-01,2010
350,Mastercard,Debit,5428371634860430,2009-06-01,574,YES,2,24413,2005-10-01,2015
597,Mastercard,Credit,5403277732999670,2023-04-01,647,NO,2,14900,2005-10-01,2009
1246,Mastercard,Credit,5948027607549220,2024-04-01,745,YES,2,8500,2005-10-01,2012
252,Mastercard,Debit,5186949472205570,2022-10-01,48,YES,1,9358,2005-10-01,2015
27,Mastercard,Debit,5844706815586000,2022-02-01,961,YES,2,1385,2005-10-01,2012
1851,Mastercard,Debit (Prepaid),5128224925042600,2021-03-01,416,YES,2,62,2005-10-01,2008
1331,Mastercard,Debit (Prepaid),5376013028883650,2021-09-01,68,YES,1,26,2005-10-01,2010
1950,Visa,Debit,4154322307475520,2008-04-01,150,YES,2,6708,2005-10-01,2013
1485,Visa,Debit,4072548875903180,2018-09-01,874,YES,2,3715,2005-10-01,2009
1217,Visa,Credit,4963325399756420,2022-06-01,180,YES,2,15500,2005-10-01,2010
1915,Visa,Debit,4750687309919000,2021-02-01,667,YES,1,2603,2005-10-01,2012
1694,Visa,Debit (Prepaid),4932238574894060,2021-01-01,185,YES,2,31,2005-10-01,2013
230,Visa,Debit,4440890128195970,2022-09-01,434,NO,2,14362,2005-10-01,2006
1500,Visa,Debit,4388439055637370,2018-02-01,457,YES,2,18494,2005-10-01,2007
325,Visa,Debit,4355016101875990,2023-07-01,864,YES,1,2950,2005-10-01,2014
1621,Visa,Credit,4601495519183800,2012-04-01,833,YES,1,17000,2005-10-01,2016
1048,Visa,Credit,4729818901299080,2014-09-01,625,NO,2,13400,2005-10-01,2011
990,Visa,Debit (Prepaid),4573104032868370,2023-10-01,912,YES,1,75,2005-10-01,2007
1405,Visa,Debit,4563222610324200,2022-11-01,673,YES,1,30314,2005-10-01,2007
820,Amex,Credit,304316312600931,2024-06-01,649,YES,1,1200,2006-10-01,2009
113,Amex,Credit,300105541992311,2010-07-01,939,NO,1,14400,2006-10-01,2010
957,Amex,Credit,335477025007820,2021-11-01,741,NO,1,7100,2006-10-01,2006
1699,Amex,Credit,368846035942355,2013-10-01,144,YES,1,30500,2006-10-01,2007
1683,Amex,Credit,314195561633807,2023-05-01,296,YES,2,5500,2006-10-01,2017
977,Amex,Credit,325568769110415,2020-12-01,220,YES,1,8900,2006-10-01,2011
997,Discover,Credit,6867180010349300,2023-07-01,59,YES,1,11200,2006-10-01,2006
1891,Discover,Credit,6441659233130360,2023-03-01,515,YES,2,13100,2006-10-01,2006
128,Mastercard,Debit,5389442391430670,2022-02-01,658,YES,2,13601,2006-10-01,2014
1512,Mastercard,Debit,5008189212339000,2019-09-01,644,YES,2,26357,2006-10-01,2013
1600,Mastercard,Debit,5580555303942260,2021-05-01,975,YES,2,22446,2006-10-01,2012
1876,Mastercard,Debit,5920582128586060,2012-03-01,387,YES,2,26562,2006-10-01,2008
980,Mastercard,Debit,5649821845348820,2020-04-01,169,YES,1,14185,2006-10-01,2006
905,Mastercard,Credit,5957980518521480,2024-07-01,963,YES,1,22500,2006-10-01,2008
529,Mastercard,Debit (Prepaid),5951526923211190,2021-04-01,427,YES,1,73,2006-10-01,2009
361,Mastercard,Debit,5615301359229490,2008-06-01,29,NO,1,4581,2006-10-01,2009
1659,Mastercard,Debit,5479463619359580,2023-08-01,700,YES,2,23740,2006-10-01,2014
1735,Mastercard,Credit,5129342889760150,2024-04-01,444,YES,2,11900,2006-10-01,2015
1484,Visa,Debit,4248867812400730,2023-06-01,619,YES,2,14217,2006-10-01,2012
1303,Visa,Credit,4135829985251300,2006-11-01,69,YES,2,14200,2006-10-01,2010
1095,Visa,Debit,4264613897925470,2020-02-01,66,YES,1,14761,2006-10-01,2011
605,Visa,Debit,4799699589870740,2021-06-01,178,YES,2,1484,2006-10-01,2011
194,Visa,Debit,4450584062421730,2020-10-01,426,YES,1,1534,2006-10-01,2015
667,Visa,Debit,4671059630101370,2024-03-01,853,YES,2,4599,2006-10-01,2013
872,Visa,Credit,4361264242552150,2021-12-01,440,YES,2,4200,2006-10-01,2011
560,Visa,Credit,4205841889242530,2007-09-01,193,NO,2,12500,2006-10-01,2012
816,Visa,Debit,4426138047544530,2020-06-01,937,YES,2,13593,2006-10-01,2006
1175,Visa,Credit,4503231152263500,2024-02-01,728,YES,2,5900,2006-10-01,2014
917,Visa,Debit,4475946693710000,2006-11-01,530,YES,2,7199,2006-10-01,2013
489,Visa,Debit,4691816721269520,2023-11-01,564,YES,2,11347,2006-10-01,2009
1315,Visa,Debit,4551026838442520,2013-12-01,610,YES,1,9922,2006-10-01,2011
1257,Amex,Credit,375440461139587,2021-08-01,402,YES,2,8100,2007-10-01,2009
1070,Amex,Credit,310908674378136,2021-02-01,334,YES,2,9600,2007-10-01,2008
665,Discover,Credit,6073415333610120,2019-09-01,544,YES,1,9500,2007-10-01,2011
563,Mastercard,Debit,5493054218474580,2021-01-01,938,YES,1,23231,2007-10-01,2011
421,Mastercard,Debit,5305360695397670,2022-12-01,307,NO,2,7842,2007-10-01,2014
1276,Mastercard,Credit,5056180854217530,2021-10-01,183,YES,1,15000,2007-10-01,2013
1916,Mastercard,Debit,5363716613146250,2008-12-01,937,YES,1,11940,2007-10-01,2011
515,Mastercard,Debit,5713915813035530,2022-12-01,155,NO,2,6629,2007-10-01,2008
1100,Mastercard,Debit,5689403704245010,2024-10-01,108,YES,1,30044,2007-10-01,2011
47,Mastercard,Credit,5635188704285840,2021-05-01,3,YES,2,10500,2007-10-01,2011
691,Mastercard,Debit,5446801894773470,2012-09-01,328,YES,1,10824,2007-10-01,2015
1993,Mastercard,Debit,5760259520469830,2020-05-01,777,YES,1,43863,2007-10-01,2012
505,Mastercard,Debit,5608387837637860,2023-01-01,147,YES,2,14912,2007-10-01,2009
1908,Mastercard,Debit (Prepaid),5729782750338520,2024-03-01,682,YES,1,92,2007-10-01,2007
690,Mastercard,Debit,5209218070425030,2020-09-01,25,YES,1,1993,2007-10-01,2015
885,Mastercard,Debit (Prepaid),5231994842307040,2023-05-01,580,YES,1,63,2007-10-01,2013
905,Mastercard,Debit,5932193694740180,2010-02-01,963,YES,1,19600,2007-10-01,2015
1967,Mastercard,Debit,5718325041563270,2019-03-01,487,YES,1,5753,2007-10-01,2009
1857,Mastercard,Credit,5571571366314370,2024-07-01,126,YES,1,27700,2007-10-01,2013
987,Mastercard,Debit,5232731518306860,2021-09-01,971,YES,1,23021,2007-10-01,2011
231,Mastercard,Debit (Prepaid),5133503724511810,2021-08-01,528,YES,2,80,2007-10-01,2011
1572,Mastercard,Debit,5024268943997810,2024-04-01,101,YES,2,7720,2007-10-01,2007
370,Visa,Debit,4501704511432200,2023-03-01,324,YES,1,12990,2007-10-01,2016
645,Visa,Debit,4459776057093770,2020-06-01,869,YES,2,10366,2007-10-01,2014
906,Visa,Credit,4917647337454700,2008-07-01,328,YES,2,8000,2007-10-01,2011
891,Visa,Credit,4796074118728750,2011-03-01,978,YES,1,8800,2007-10-01,2014
470,Visa,Credit,4050701553546410,2020-07-01,644,YES,1,5800,2007-10-01,2013
1569,Visa,Credit,4642362910157960,2022-09-01,415,YES,2,5100,2007-10-01,2011
473,Visa,Credit,4733101280516220,2021-10-01,91,YES,2,7100,2007-10-01,2007
374,Visa,Debit,4892346599778030,2023-01-01,219,YES,1,17108,2007-10-01,2007
977,Visa,Debit,4071488613985670,2020-08-01,661,YES,1,18934,2007-10-01,2013
1242,Visa,Credit,4243291135739490,2024-09-01,603,YES,1,7400,2007-10-01,2019
1514,Visa,Credit,4662421715985770,2021-10-01,439,YES,2,7800,2007-10-01,2008
520,Amex,Credit,371903508360130,2024-04-01,251,YES,1,13300,2008-10-01,2014
1357,Amex,Credit,305833889455873,2024-07-01,198,YES,2,7500,2008-10-01,2008
1997,Mastercard,Debit,5138861544730250,2014-09-01,695,YES,2,3991,2008-10-01,2013
847,Mastercard,Debit (Prepaid),5207548471157060,2022-04-01,310,YES,2,112,2008-10-01,2012
65,Mastercard,Debit,5427512329623870,2020-11-01,476,YES,2,5066,2008-10-01,2016
580,Mastercard,Debit,5252283992419480,2024-04-01,136,YES,1,11399,2008-10-01,2010
530,Mastercard,Debit,5159330722218970,2022-02-01,857,YES,2,16652,2008-10-01,2010
1619,Mastercard,Credit,5105294422027240,2024-03-01,831,YES,1,8300,2008-10-01,2010
1019,Mastercard,Credit,5436428996800930,2023-11-01,845,YES,1,7300,2008-10-01,2010
103,Mastercard,Credit,5027469645306340,2023-03-01,841,YES,2,8500,2008-10-01,2008
474,Mastercard,Debit,5786077092120630,2021-10-01,819,YES,1,37303,2008-10-01,2011
758,Mastercard,Debit,5756920187269820,2024-05-01,707,NO,2,19127,2008-10-01,2012
1428,Mastercard,Debit (Prepaid),5027529544926440,2022-12-01,25,YES,1,47,2008-10-01,2016
940,Mastercard,Debit,5790687100361010,2020-04-01,543,YES,3,7446,2008-10-01,2015
1444,Mastercard,Debit,5457892332691010,2023-06-01,949,NO,1,45141,2008-10-01,2010
260,Mastercard,Debit (Prepaid),5855459575617140,2017-07-01,547,NO,1,65,2008-10-01,2009
33,Mastercard,Credit,5573389122398760,2020-02-01,526,YES,1,7400,2008-10-01,2009
849,Mastercard,Debit,5850811144559930,2022-11-01,655,YES,1,16640,2008-10-01,2009
1898,Mastercard,Debit,5751381604807650,2023-08-01,244,YES,2,13296,2008-10-01,2016
790,Mastercard,Debit,5112985372677710,2022-08-01,62,YES,2,19038,2008-10-01,2010
385,Mastercard,Credit,5785799753329600,2023-07-01,527,YES,1,11700,2008-10-01,2011
1563,Mastercard,Debit,5018455451330730,2024-11-01,904,YES,3,1129,2008-10-01,2012
235,Mastercard,Debit,5541258980261230,2015-06-01,131,YES,1,29648,2008-10-01,2011
257,Mastercard,Debit (Prepaid),5756681783759520,2022-03-01,331,YES,2,87,2008-10-01,2012
1179,Mastercard,Debit,5037612210257220,2021-10-01,213,YES,2,20026,2008-10-01,2010
1391,Visa,Debit,4194362281636450,2024-10-01,271,YES,2,29573,2008-10-01,2009
1789,Visa,Debit,4719376429761060,2021-05-01,716,YES,1,15981,2008-10-01,2008
335,Visa,Debit,4414800408438410,2020-06-01,833,YES,1,23401,2008-10-01,2011
1791,Visa,Debit,4270283600301120,2020-09-01,51,YES,1,21751,2008-10-01,2008
490,Visa,Debit,4048588745318460,2019-07-01,741,YES,1,12948,2008-10-01,2008
249,Visa,Debit,4207556954928490,2020-03-01,424,YES,2,12016,2008-10-01,2011
1358,Visa,Debit (Prepaid),4611045541819650,2024-01-01,73,YES,1,83,2008-10-01,2008
250,Visa,Debit,4680252687248200,2024-04-01,33,YES,2,11678,2008-10-01,2014
651,Visa,Credit,4578235631297140,2023-09-01,285,YES,2,5200,2008-10-01,2009
62,Visa,Debit,4984630717840060,2019-08-01,910,YES,2,5909,2008-10-01,2012
1291,Visa,Debit,4448948827886660,2021-01-01,687,YES,1,11885,2008-10-01,2011
142,Visa,Debit,4245753102284800,2020-02-01,47,YES,2,20902,2008-10-01,2015
1395,Visa,Credit,4752059764737900,2020-12-01,397,YES,2,31500,2008-10-01,2008
1623,Amex,Credit,336043262314937,2020-04-01,467,YES,1,13300,2009-10-01,2009
1981,Discover,Credit,6616646974839940,2009-11-01,72,NO,2,12300,2009-10-01,2009
1718,Mastercard,Debit,5495199163052050,2022-03-01,677,YES,2,31599,2009-10-01,2009
1178,Mastercard,Debit,5769435406360320,2021-10-01,957,YES,1,17826,2009-10-01,2009
165,Mastercard,Debit,5803563077451660,2020-11-01,827,YES,2,40628,2009-10-01,2014
1664,Mastercard,Debit,5166389194621460,2024-02-01,231,NO,2,34572,2009-10-01,2015
1022,Mastercard,Debit,5944670401278170,2021-03-01,806,YES,2,16274,2009-10-01,2009
425,Mastercard,Debit,5795853820688580,2023-11-01,426,YES,1,30366,2009-10-01,2009
1729,Mastercard,Debit,5028193312710760,2020-01-01,644,YES,2,39431,2009-10-01,2016
641,Mastercard,Debit,5609319010602600,2022-05-01,608,YES,1,22044,2009-10-01,2009
1993,Mastercard,Debit,5904195142586910,2023-03-01,377,YES,2,27050,2009-10-01,2018
1144,Mastercard,Debit,5270047889650770,2024-09-01,586,YES,2,16109,2009-10-01,2009
908,Mastercard,Debit,5566661174535400,2024-01-01,748,YES,1,13123,2009-10-01,2014
1475,Mastercard,Debit,5253350118420210,2020-08-01,499,YES,1,3614,2009-10-01,2009
1251,Mastercard,Debit (Prepaid),5653678810336990,2019-04-01,732,YES,1,74,2009-10-01,2009
1615,Mastercard,Debit,5200107685480370,2024-05-01,624,YES,1,2504,2009-10-01,2016
1676,Mastercard,Debit,5480672627250000,2021-09-01,129,YES,2,4055,2009-10-01,2017
14,Mastercard,Debit (Prepaid),5644525290796840,2020-05-01,601,YES,1,22,2009-10-01,2010
1256,Mastercard,Credit,5948729602096650,2015-06-01,95,YES,1,15700,2009-10-01,2010
528,Mastercard,Debit (Prepaid),5200521526888410,2020-05-01,493,YES,2,25,2009-10-01,2010
795,Mastercard,Debit,5902542975328330,2023-12-01,983,YES,1,27795,2009-10-01,2014
1237,Mastercard,Debit,5908634356288230,2020-12-01,276,YES,2,1607,2009-10-01,2011
1616,Mastercard,Debit (Prepaid),5217967974128120,2021-09-01,914,YES,1,66,2009-10-01,2009
708,Visa,Debit,4935974646456350,2020-06-01,649,YES,1,125723,2009-10-01,2010
1738,Visa,Credit,4841586209388610,2020-08-01,207,YES,1,15000,2009-10-01,2009
1069,Visa,Debit,4439832703761210,2020-08-01,424,YES,2,2292,2009-10-01,2015
1286,Visa,Debit,4820798124390410,2021-01-01,40,YES,2,24651,2009-10-01,2015
1576,Visa,Debit,4881313929814340,2009-10-01,863,YES,2,21107,2009-10-01,2009
1019,Visa,Credit,4318814007161200,2016-03-01,388,YES,2,3300,2009-10-01,2010
1640,Visa,Credit,4897415542074810,2019-01-01,363,YES,1,11400,2009-10-01,2009
1285,Visa,Debit,4114452714679730,2021-12-01,613,YES,2,6724,2009-10-01,2011
1083,Visa,Credit,4664688687059370,2020-12-01,887,YES,1,11300,2009-10-01,2011
1169,Visa,Debit,4696902139977410,2024-03-01,152,YES,1,20560,2009-10-01,2009
96,Visa,Credit,4395260796436240,2021-07-01,152,NO,2,18900,2009-10-01,2013
450,Visa,Debit,4302881392511490,2021-12-01,79,NO,2,15214,2009-10-01,2010
1823,Visa,Debit,4686195455656890,2021-04-01,292,NO,1,27864,2009-10-01,2012
234,Visa,Debit,4321384766522660,2021-08-01,682,NO,2,6532,2009-10-01,2009
1098,Visa,Credit,4374571351357850,2020-10-01,674,YES,1,10000,2009-10-01,2010
1500,Visa,Credit,4969698736410400,2024-03-01,329,YES,2,14700,2009-10-01,2011
1846,Visa,Debit,4700227604701790,2012-10-01,163,YES,1,11714,2009-10-01,2014
391,Visa,Credit,4920642520708260,2022-08-01,998,YES,1,9100,2009-10-01,2010
125,Amex,Credit,398638761436555,2021-01-01,177,YES,2,6400,2010-10-01,2011
1135,Amex,Credit,376534551118716,2022-06-01,382,YES,2,20800,2010-10-01,2013
660,Amex,Credit,340488847692793,2022-02-01,91,YES,1,12000,2010-10-01,2014
437,Discover,Credit,6661610009330320,2014-09-01,5,YES,1,17400,2010-10-01,2013
1082,Discover,Credit,6713198244025270,2010-10-01,952,YES,2,11400,2010-10-01,2011
1536,Mastercard,Debit,5217568630125700,2021-03-01,625,NO,2,17707,2010-10-01,2010
110,Mastercard,Debit,5386335706439770,2022-01-01,713,YES,2,13323,2010-10-01,2010
1512,Mastercard,Debit,5568328410834830,2020-12-01,811,YES,1,28864,2010-10-01,2013
247,Mastercard,Debit,5047582065725200,2021-07-01,601,YES,2,12852,2010-10-01,2012
395,Mastercard,Debit,5220458045937940,2014-08-01,915,YES,2,26174,2010-10-01,2011
665,Mastercard,Debit,5223363810636940,2023-06-01,157,YES,1,1264,2010-10-01,2019
50,Mastercard,Debit,5735247274529260,2017-02-01,131,YES,2,25612,2010-10-01,2010
59,Mastercard,Credit,5287886813527770,2021-09-01,710,YES,1,6800,2010-10-01,2010
1813,Mastercard,Credit,5098671138116670,2011-12-01,455,YES,1,7900,2010-10-01,2010
1810,Mastercard,Credit,5595124692967490,2023-01-01,474,NO,2,9000,2010-10-01,2010
28,Mastercard,Debit,5428995792004090,2021-01-01,800,NO,1,13896,2010-10-01,2010
1515,Mastercard,Debit,5300232902137590,2022-07-01,711,YES,2,20165,2010-10-01,2012
732,Mastercard,Debit,5810725153736830,2022-05-01,279,YES,1,9420,2010-10-01,2012
1820,Mastercard,Debit,5414951977172230,2022-01-01,674,YES,1,16502,2010-10-01,2010
1112,Mastercard,Debit,5329917409393420,2024-03-01,300,YES,2,10083,2010-10-01,2010
907,Mastercard,Credit,5725072000383300,2019-06-01,353,NO,1,8800,2010-10-01,2010
526,Mastercard,Debit,5427548263390250,2016-12-01,736,YES,1,3224,2010-10-01,2013
1794,Mastercard,Debit,5320717372996300,2024-07-01,264,YES,2,4392,2010-10-01,2017
1642,Mastercard,Credit,5451362125568430,2020-03-01,365,YES,1,11200,2010-10-01,2010
1909,Mastercard,Debit,5244932923677510,2020-07-01,633,YES,2,3658,2010-10-01,2016
363,Mastercard,Debit (Prepaid),5312039477119390,2022-10-01,56,YES,1,35,2010-10-01,2010
688,Visa,Credit,4740880792169370,2020-04-01,168,YES,2,12000,2010-10-01,2010
684,Visa,Debit,4623790856154790,2022-08-01,42,YES,2,20447,2010-10-01,2016
1133,Visa,Debit,4332848097947140,2019-05-01,247,YES,2,12512,2010-10-01,2012
158,Visa,Debit,4436697575956440,2015-06-01,894,YES,1,19555,2010-10-01,2010
1522,Visa,Credit,4328913170467620,2024-09-01,875,YES,2,21900,2010-10-01,2013
1050,Visa,Debit (Prepaid),4475716128209820,2019-11-01,237,YES,2,49,2010-10-01,2010
1379,Visa,Debit,4808036256579380,2017-11-01,592,YES,2,12460,2010-10-01,2010
1060,Visa,Debit,4810039258739750,2023-05-01,199,YES,2,14114,2010-10-01,2010
1830,Visa,Debit,4940361010295810,2016-03-01,253,YES,1,17297,2010-10-01,2010
1526,Visa,Debit,4852239481506090,2012-11-01,226,NO,1,3728,2010-10-01,2010
404,Visa,Credit,4168726918316830,2024-07-01,482,YES,1,10900,2010-10-01,2010
732,Visa,Debit,4442324693688140,2023-09-01,130,YES,1,10104,2010-10-01,2015
1298,Visa,Credit,4657798649903400,2024-06-01,703,YES,2,8500,2010-10-01,2018
1398,Visa,Credit,4784578119131330,2018-09-01,526,YES,2,18100,2010-10-01,2010
441,Visa,Debit,4135867565103060,2024-12-01,486,YES,1,21087,2010-10-01,2016
1141,Visa,Debit,4094653186833140,2023-06-01,298,YES,2,20161,2010-10-01,2010
1096,Visa,Debit,4249372985491590,2022-10-01,678,YES,1,26222,2010-10-01,2010
1913,Amex,Credit,356204311290241,2022-12-01,312,YES,2,16700,2011-10-01,2011
230,Amex,Credit,327212376390677,2023-08-01,611,YES,2,8700,2011-10-01,2013
791,Amex,Credit,384866850602533,2021-09-01,24,YES,1,10100,2011-10-01,2015
1384,Discover,Credit,6648294893325470,2014-03-01,949,YES,2,15000,2011-10-01,2011
1241,Discover,Credit,6694401699327790,2011-12-01,712,YES,1,16500,2011-10-01,2011
1492,Mastercard,Debit,5188130978534930,2022-01-01,446,YES,1,12915,2011-10-01,2013
909,Mastercard,Debit,5829712075231650,2022-06-01,538,YES,1,5204,2011-10-01,2013
582,Mastercard,Debit,5000642222050140,2016-01-01,949,YES,1,19536,2011-10-01,2014
334,Mastercard,Debit,5526459784807770,2022-04-01,100,YES,1,14227,2011-10-01,2012
1085,Mastercard,Debit (Prepaid),5492728789081200,2022-11-01,819,YES,1,55,2011-10-01,2011
201,Mastercard,Debit,5081378671244250,2016-12-01,401,YES,1,11679,2011-10-01,2011
865,Mastercard,Debit,5321173022884490,2021-03-01,666,NO,1,24546,2011-10-01,2011
1045,Mastercard,Debit (Prepaid),5957384655695390,2021-07-01,529,YES,1,95,2011-10-01,2011
249,Mastercard,Debit,5166350097809360,2012-10-01,817,YES,1,14104,2011-10-01,2011
525,Mastercard,Debit,5835652546947830,2024-12-01,163,YES,1,15900,2011-10-01,2011
1994,Mastercard,Debit,5947340712205080,2016-09-01,43,YES,1,23768,2011-10-01,2011
589,Mastercard,Debit,5847682490938890,2020-12-01,383,YES,2,14094,2011-10-01,2018
1458,Mastercard,Debit,5016909247780190,2020-06-01,479,NO,2,11094,2011-10-01,2011
1702,Mastercard,Debit,5754587881449040,2021-11-01,859,YES,2,18624,2011-10-01,2011
1463,Mastercard,Credit,5315038417328400,2022-01-01,772,YES,1,7700,2011-10-01,2011
1827,Mastercard,Debit,5010004900517850,2024-02-01,908,YES,1,29137,2011-10-01,2011
144,Mastercard,Debit,5891798640440020,2022-07-01,370,YES,2,20289,2011-10-01,2011
1576,Visa,Debit,4736934707075230,2023-03-01,978,YES,1,15807,2011-10-01,2011
675,Visa,Credit,4786002952683420,2022-03-01,965,YES,1,9300,2011-10-01,2011
675,Visa,Credit,4765714337874830,2024-08-01,983,YES,1,9700,2011-10-01,2013
1223,Visa,Debit,4239806874218450,2011-11-01,564,YES,2,86262,2011-10-01,2011
1661,Visa,Debit,4835541986783110,2020-02-01,417,YES,1,33713,2011-10-01,2011
69,Visa,Credit,4550312126148400,2020-01-01,957,YES,1,10800,2011-10-01,2013
810,Visa,Debit,4058117674791880,2021-10-01,881,YES,2,7014,2011-10-01,2011
910,Visa,Debit,4925413173106250,2022-05-01,460,YES,1,10523,2011-10-01,2011
812,Discover,Credit,6107025095995910,2020-01-01,870,YES,1,2400,2012-10-01,2012
1654,Mastercard,Credit,5871669086673410,2020-09-01,698,YES,1,11800,2012-10-01,2012
366,Mastercard,Credit,5642012409120690,2018-08-01,823,YES,2,6200,2012-10-01,2012
709,Mastercard,Debit,5953738621410050,2022-12-01,144,YES,1,27123,2012-10-01,2012
1293,Mastercard,Debit,5037463911586200,2021-05-01,117,YES,1,16339,2012-10-01,2012
675,Visa,Debit,4331686299440620,2023-04-01,525,YES,2,12754,2012-10-01,2012
1382,Visa,Credit,4371359117883350,2022-05-01,931,YES,2,1900,2012-10-01,2012
659,Visa,Debit (Prepaid),4060923248609930,2018-08-01,596,YES,1,96,2012-10-01,2012
1770,Visa,Credit,4908479439696230,2017-12-01,597,YES,1,0,2012-10-01,2012
1988,Visa,Debit,4359389213795350,2023-10-01,546,YES,1,37318,2012-10-01,2012
1490,Visa,Debit,4020577124844590,2022-04-01,526,YES,1,22856,2012-10-01,2012
305,Visa,Debit,4608939462503360,2015-11-01,656,NO,1,13767,2012-10-01,2012
1024,Mastercard,Debit,5183724144988670,2013-11-01,569,YES,1,31807,2013-10-01,2013
1390,Mastercard,Debit,5984892227411110,2020-03-01,810,NO,1,46201,2013-10-01,2013
1194,Mastercard,Debit,5489847637452260,2022-05-01,32,YES,2,19122,2013-10-01,2013
1015,Mastercard,Debit,5849371224627140,2020-07-01,636,YES,2,58311,2013-10-01,2013
164,Mastercard,Debit,5175150411772710,2020-09-01,502,YES,1,28425,2013-10-01,2013
1228,Mastercard,Debit,5898436387057610,2022-10-01,793,YES,1,17832,2013-10-01,2013
1118,Mastercard,Debit,5381899309871290,2021-04-01,179,YES,1,31113,2013-10-01,2013
1837,Mastercard,Debit (Prepaid),5825065723069690,2021-09-01,940,YES,1,83,2013-10-01,2013
1509,Mastercard,Debit,5410637796399200,2022-09-01,983,YES,1,20706,2013-10-01,2013
811,Visa,Debit,4905540969337030,2018-09-01,573,YES,1,53036,2013-10-01,2013
575,Visa,Credit,4506945480857980,2023-05-01,476,YES,2,6800,2013-10-01,2013
356,Visa,Debit,4137526666130090,2020-03-01,698,YES,2,18395,2013-10-01,2013
504,Visa,Debit,4986472355842400,2014-04-01,877,YES,1,11710,2013-10-01,2013
1730,Visa,Debit,4084042364575570,2023-06-01,24,YES,1,19450,2013-10-01,2013
1648,Visa,Credit,4699987716360960,2022-06-01,973,YES,1,36700,2013-10-01,2013
114,Visa,Debit,4997086356987450,2023-03-01,106,YES,2,10676,2013-10-01,2013
166,Amex,Credit,395311275502832,2022-05-01,56,YES,2,16100,2014-10-01,2014
1029,Discover,Credit,6303613152539120,2021-09-01,328,YES,1,3600,2014-10-01,2014
1075,Mastercard,Debit,5767339719294370,2021-12-01,669,NO,2,26753,2014-10-01,2014
454,Mastercard,Debit,5826782239602490,2014-10-01,629,YES,2,18491,2014-10-01,2014
1694,Mastercard,Debit,5689380221189220,2016-11-01,656,NO,1,23995,2014-10-01,2014
1362,Mastercard,Debit,5085312612570660,2023-03-01,845,NO,1,31192,2014-10-01,2014
469,Mastercard,Debit,5317963113167470,2023-08-01,60,YES,1,26162,2014-10-01,2014
213,Mastercard,Debit,5245186032047230,2023-05-01,952,YES,2,18074,2014-10-01,2014
1138,Mastercard,Debit,5788572539288230,2021-01-01,352,YES,2,13235,2014-10-01,2014
802,Mastercard,Debit,5564701470778710,2024-10-01,739,YES,1,20886,2014-10-01,2014
647,Mastercard,Debit,5777074368748260,2018-07-01,895,YES,2,15512,2014-10-01,2014
1944,Mastercard,Debit,5345225563130040,2018-06-01,321,NO,2,19756,2014-10-01,2014
1178,Visa,Debit,4410685608952630,2024-06-01,265,YES,2,17345,2014-10-01,2014
946,Visa,Credit,4489171973874620,2020-09-01,973,YES,2,8700,2014-10-01,2014
547,Visa,Debit,4234149459347900,2024-09-01,314,YES,1,14995,2014-10-01,2014
807,Visa,Debit (Prepaid),4822827268715840,2020-06-01,941,YES,1,62,2014-10-01,2014
1237,Visa,Debit,4967614598666280,2020-12-01,790,YES,2,16053,2014-10-01,2014
1086,Amex,Credit,318192766245088,2024-11-01,192,YES,2,5400,2015-10-01,2015
359,Amex,Credit,364647060276955,2020-04-01,223,YES,1,17200,2015-10-01,2015
1554,Discover,Credit,6427553403865840,2022-05-01,298,YES,2,11300,2015-10-01,2015
659,Mastercard,Debit,5310596598623890,2017-04-01,141,NO,1,14977,2015-10-01,2015
1283,Mastercard,Debit,5930575507132280,2023-06-01,751,YES,1,34839,2015-10-01,2015
1589,Mastercard,Debit,5693986376592850,2016-10-01,390,YES,2,8912,2015-10-01,2015
1974,Mastercard,Credit,5282787263853460,2022-09-01,115,YES,2,9000,2015-10-01,2015
1883,Visa,Debit,4745291753757740,2017-12-01,291,YES,1,22122,2015-10-01,2015
567,Visa,Credit,4172901867929020,2021-06-01,815,YES,1,3300,2015-10-01,2015
106,Visa,Debit,4144242905302080,2024-02-01,279,YES,2,10331,2015-10-01,2015
1412,Visa,Debit,4621223878831280,2016-06-01,682,YES,2,19081,2015-10-01,2015
140,Mastercard,Debit,5489017664251280,2023-08-01,196,YES,1,13428,2016-10-01,2016
461,Mastercard,Debit,5611522756791990,2020-01-01,882,YES,2,33642,2016-10-01,2016
1646,Mastercard,Debit,5234825249935940,2018-04-01,625,NO,1,10671,2016-10-01,2016
772,Mastercard,Debit,5247649544056700,2021-09-01,162,YES,1,38814,2016-10-01,2016
1522,Visa,Credit,4260588104283620,2024-06-01,646,YES,2,23000,2016-10-01,2016
677,Visa,Debit,4276546488958930,2023-12-01,54,NO,1,25429,2016-10-01,2016
1881,Visa,Debit,4524007081801500,2023-12-01,4,YES,1,17583,2016-10-01,2016
1637,Visa,Credit,4851037322315790,2022-05-01,485,YES,2,12500,2016-10-01,2016
1248,Amex,Credit,338137732685669,2017-12-01,258,YES,2,11000,2017-10-01,2017
1972,Amex,Credit,337919115553710,2020-02-01,7,YES,2,4000,2017-10-01,2017
1963,Mastercard,Debit,5461853964107430,2020-10-01,157,YES,1,17220,2017-10-01,2017
398,Mastercard,Debit,5449554854489390,2020-02-01,419,YES,1,15125,2017-10-01,2017
629,Visa,Debit,4194422558945680,2018-05-01,208,NO,1,29793,2017-10-01,2017
1680,Visa,Debit,4632545212498670,2023-08-01,330,YES,2,21439,2017-10-01,2017
1060,Visa,Credit,4542199497010950,2022-05-01,720,YES,2,6500,2017-10-01,2017
1992,Visa,Debit (Prepaid),4735444171765440,2021-04-01,440,YES,1,71,2017-10-01,2017
353,Mastercard,Debit (Prepaid),5962806753089580,2023-01-01,217,YES,1,84,2018-10-01,2018
1727,Mastercard,Debit,5655027232477390,2022-09-01,848,YES,2,21218,2018-10-01,2018
1924,Mastercard,Credit,5986235068209750,2020-05-01,357,YES,1,5200,2018-10-01,2018
1578,Visa,Debit (Prepaid),4805717527228440,2020-04-01,689,YES,2,64,2018-10-01,2018
269,Visa,Debit (Prepaid),4847294655009000,2022-10-01,440,YES,1,61,2018-10-01,2018
983,Visa,Debit,4481338830716770,2022-10-01,467,YES,1,28004,2018-10-01,2018
627,Visa,Credit,4897586186180260,2021-08-01,424,YES,2,4200,2018-10-01,2018
517,Visa,Debit,4624298880024350,2023-05-01,695,NO,2,10703,2018-10-01,2018
871,Mastercard,Debit,5125159184089040,2020-08-01,945,YES,2,20128,2019-10-01,2019
1724,Mastercard,Debit,5693890310196690,2024-09-01,794,YES,1,12551,2019-10-01,2019
1740,Mastercard,Debit,5691295319611630,2019-10-01,19,YES,1,17748,2019-10-01,2019
797,Mastercard,Debit,5801528715979980,2023-03-01,805,YES,2,27817,2019-10-01,2019
364,Mastercard,Debit,5480998753252900,2021-07-01,110,YES,1,13699,2019-10-01,2019
1175,Mastercard,Debit (Prepaid),5117972120762080,2022-05-01,969,YES,1,95,2019-10-01,2019
1509,Mastercard,Debit (Prepaid),5014318785325420,2024-03-01,622,YES,1,66,2019-10-01,2019
1068,Visa,Debit,4219340435245390,2023-07-01,98,YES,1,10448,2019-10-01,2019
415,Visa,Credit,4678217870259690,2024-11-01,760,YES,2,8000,2019-10-01,2019
1461,Visa,Credit,4536458621990260,2020-09-01,102,YES,2,5200,2019-10-01,2019
597,Visa,Debit,4095586317435840,2007-07-01,383,NO,1,3134,1992-11-01,2011
1245,Mastercard,Debit,5152221647441110,2020-10-01,628,YES,1,19955,1994-11-01,2007
674,Mastercard,Debit,5843734476551980,2020-10-01,170,YES,2,14466,1995-11-01,2007
107,Mastercard,Debit,5069297201755220,2022-10-01,922,NO,2,9898,1996-11-01,2011
1503,Visa,Credit,4896740019424790,2023-02-01,107,YES,2,12600,1996-11-01,2014
1236,Mastercard,Debit,5929990861229920,2024-01-01,459,YES,1,4304,1997-11-01,2012
1898,Mastercard,Debit,5625758363027280,2023-03-01,881,YES,2,14525,1997-11-01,2014
1561,Visa,Debit,4243596342751420,2022-07-01,687,NO,2,2722,1997-11-01,2016
1171,Visa,Debit (Prepaid),4958617093286800,2023-02-01,218,YES,2,89,1997-11-01,2003
1352,Mastercard,Debit,5074153322431980,1999-10-01,15,YES,1,2042,1998-11-01,2008
1931,Mastercard,Debit,5337752472537040,1999-12-01,627,NO,1,9550,1999-11-01,2018
665,Mastercard,Debit,5918910325356790,2022-03-01,670,YES,2,11994,1999-11-01,2011
1190,Mastercard,Debit,5988682255641830,2022-11-01,66,YES,2,24272,1999-11-01,2011
705,Visa,Credit,4560018445952480,2023-09-01,454,NO,2,5200,1999-11-01,2009
758,Visa,Credit,4927583161098660,2003-04-01,720,YES,1,7900,1999-11-01,2005
185,Amex,Credit,300609782832003,2024-01-01,663,YES,1,6900,2000-11-01,2013
277,Discover,Credit,6932038043726910,2020-03-01,285,YES,1,8600,2000-11-01,2014
1618,Mastercard,Debit (Prepaid),5658794762166750,2023-03-01,663,YES,1,111,2000-11-01,2010
363,Visa,Credit,4485600180364620,2014-07-01,123,YES,1,18700,2000-11-01,2010
322,Mastercard,Credit,5494228198326750,2024-09-01,428,YES,2,6200,2001-11-01,2012
1977,Mastercard,Credit,5656749855983520,2017-06-01,315,YES,1,12900,2001-11-01,2011
994,Mastercard,Debit,5465749251061860,2021-09-01,326,YES,1,6088,2001-11-01,2005
1611,Mastercard,Debit,5864678527405060,2016-02-01,209,YES,2,12132,2001-11-01,2014
483,Mastercard,Credit,5114764385128880,2004-12-01,380,YES,1,10700,2001-11-01,2009
234,Mastercard,Debit (Prepaid),5896780709526630,2010-11-01,903,NO,1,42,2001-11-01,2004
1692,Mastercard,Debit,5383177529361610,2020-03-01,716,YES,1,38048,2001-11-01,2007
868,Visa,Debit,4025137324225950,2024-11-01,653,YES,2,13455,2001-11-01,2011
1504,Visa,Debit,4951288736229800,2023-02-01,776,YES,2,7136,2001-11-01,2014
1581,Discover,Credit,6494282265479610,2024-07-01,471,YES,1,9700,2002-11-01,2005
203,Mastercard,Credit,5079431552272490,2024-05-01,813,NO,1,7300,2002-11-01,2010
370,Mastercard,Debit,5377126168537130,2022-10-01,94,YES,2,7551,2002-11-01,2010
888,Mastercard,Debit,5551460726922760,2021-07-01,115,YES,2,10305,2002-11-01,2010
369,Mastercard,Debit (Prepaid),5446800304569120,2023-01-01,445,YES,1,90,2002-11-01,2009
1796,Mastercard,Debit,5346072026592580,2020-04-01,558,NO,2,18555,2002-11-01,2011
754,Mastercard,Debit,5528157431199960,2020-07-01,556,YES,2,8048,2002-11-01,2013
47,Mastercard,Debit,5880626034442820,2012-09-01,871,YES,2,8636,2002-11-01,2014
32,Mastercard,Debit,5800646935618680,2023-12-01,606,YES,2,26501,2002-11-01,2019
27,Visa,Debit,4102856768520780,2022-05-01,534,YES,1,15082,2002-11-01,2006
1407,Visa,Debit,4543221446829320,2023-08-01,587,YES,1,15814,2002-11-01,2010
822,Mastercard,Credit,5615660494634700,2021-11-01,865,YES,2,8000,2003-11-01,2008
1425,Mastercard,Debit,5807898028441890,2024-03-01,591,YES,2,13347,2003-11-01,2007
704,Mastercard,Debit,5036311337651630,2009-12-01,979,YES,2,75640,2003-11-01,2009
1648,Mastercard,Debit,5283029601327770,2023-10-01,972,YES,2,54057,2003-11-01,2012
373,Mastercard,Debit,5435311573918660,2017-02-01,45,YES,2,2849,2003-11-01,2012
1572,Mastercard,Debit,5146038421358940,2021-09-01,676,YES,1,946,2003-11-01,2015
4,Visa,Debit,4537266913886100,2022-04-01,787,YES,1,38648,2003-11-01,2005
1211,Visa,Debit,4208678188310570,2024-05-01,462,YES,1,23912,2003-11-01,2009
154,Visa,Debit,4900806445604250,2024-01-01,23,YES,2,17280,2003-11-01,2014
1281,Visa,Debit (Prepaid),4850365258362640,2023-11-01,234,YES,1,28,2003-11-01,2018
396,Visa,Credit,4481459177871860,2003-11-01,407,YES,2,36900,2003-11-01,2014
940,Visa,Credit,4865215431636920,2018-04-01,389,YES,1,15400,2003-11-01,2009
1571,Visa,Debit,4704455652130190,2023-12-01,175,YES,1,24827,2003-11-01,2008
1026,Visa,Credit,4274713434654840,2021-08-01,743,YES,1,1000,2003-11-01,2009
1879,Amex,Credit,320871039524025,2018-07-01,845,YES,1,4100,2004-11-01,2009
576,Amex,Credit,378670171942097,2023-04-01,589,YES,2,8100,2004-11-01,2011
873,Mastercard,Debit,5256835813261960,2021-11-01,934,YES,1,18803,2004-11-01,2008
471,Mastercard,Debit,5402165032954530,2009-11-01,383,YES,1,29739,2004-11-01,2008
946,Mastercard,Credit,5004215911399090,2022-01-01,811,YES,1,10600,2004-11-01,2013
1239,Mastercard,Credit,5073085904399850,2021-10-01,19,YES,2,9600,2004-11-01,2011
447,Mastercard,Debit,5357793088955280,2012-07-01,544,YES,1,16034,2004-11-01,2013
1259,Mastercard,Debit,5789225518676860,2024-11-01,375,YES,2,62760,2004-11-01,2010
252,Mastercard,Debit,5633482843715500,2020-08-01,37,NO,1,24213,2004-11-01,2009
667,Mastercard,Debit,5308236765304850,2020-04-01,123,YES,2,8522,2004-11-01,2015
480,Mastercard,Credit,5663590882219200,2020-01-01,673,NO,1,30800,2004-11-01,2007
1491,Mastercard,Debit,5791246266185470,2024-02-01,833,YES,1,17620,2004-11-01,2011
317,Mastercard,Debit,5285092902484410,2017-10-01,930,YES,2,7564,2004-11-01,2016
860,Mastercard,Debit,5511755355725120,2010-11-01,644,YES,1,34722,2004-11-01,2010
488,Mastercard,Debit,5304434448477770,2022-12-01,266,NO,1,19554,2004-11-01,2007
1877,Visa,Credit,4226284680001630,2022-09-01,966,YES,2,9700,2004-11-01,2007
382,Visa,Debit,4877797934126600,2024-08-01,237,YES,1,11809,2004-11-01,2010
1889,Visa,Debit,4054285627938350,2023-10-01,16,YES,1,26906,2004-11-01,2016
341,Visa,Credit,4108533772649710,2008-06-01,548,YES,1,37600,2004-11-01,2006
1963,Visa,Debit,4982128140473180,2020-06-01,133,YES,1,29041,2004-11-01,2008
1250,Visa,Credit,4481967137410490,2022-09-01,198,YES,1,7500,2004-11-01,2016
1405,Visa,Credit,4668774755047550,2023-04-01,733,NO,1,11600,2004-11-01,2008
979,Visa,Credit,4450994374522190,2023-03-01,271,YES,1,8600,2004-11-01,2009
138,Amex,Credit,344071694724842,2023-01-01,346,YES,1,4000,2005-11-01,2009
848,Amex,Credit,349882494435592,2023-01-01,647,YES,1,13700,2005-11-01,2008
822,Mastercard,Debit,5985582173054290,2024-07-01,951,YES,1,29351,2005-11-01,2007
322,Mastercard,Debit,5789639625525450,2012-12-01,43,YES,2,2903,2005-11-01,2011
1842,Mastercard,Credit,5693202604748580,2024-07-01,166,YES,2,1300,2005-11-01,2011
1326,Mastercard,Debit,5921343520642550,2013-12-01,630,YES,2,10442,2005-11-01,2005
797,Mastercard,Debit,5493144869722770,2021-05-01,307,YES,1,28912,2005-11-01,2012
64,Mastercard,Credit,5194937321345580,2020-03-01,811,YES,2,12200,2005-11-01,2020
1919,Mastercard,Debit,5251416101381620,2019-11-01,577,YES,2,34684,2005-11-01,2008
735,Mastercard,Debit,5436863739232620,2023-09-01,303,YES,1,34075,2005-11-01,2008
802,Mastercard,Credit,5444299345162200,2024-02-01,480,YES,2,18300,2005-11-01,2014
631,Mastercard,Credit,5693300103257690,2009-10-01,646,YES,1,8600,2005-11-01,2006
1315,Mastercard,Credit,5237779163714210,2021-01-01,520,YES,1,10600,2005-11-01,2009
68,Visa,Credit,4411456925570760,2022-11-01,922,YES,2,15800,2005-11-01,2011
1014,Visa,Debit (Prepaid),4868297041449160,2020-10-01,440,YES,2,76,2005-11-01,2007
1124,Visa,Debit (Prepaid),4891182896802210,2022-05-01,936,YES,1,62,2005-11-01,2007
156,Visa,Credit,4033049142123680,2023-05-01,457,YES,2,6900,2005-11-01,2013
1926,Visa,Credit,4661245088949270,2022-02-01,138,YES,2,4200,2005-11-01,2011
1891,Visa,Debit,4759457733349540,2021-10-01,437,YES,1,19829,2005-11-01,2010
538,Visa,Credit,4648780918814870,2020-06-01,520,YES,2,7000,2005-11-01,2018
137,Visa,Debit,4578702900762730,2022-09-01,433,YES,2,13352,2005-11-01,2012
1986,Visa,Debit,4696464603505740,2021-11-01,762,YES,2,14036,2005-11-01,2010
1145,Visa,Debit (Prepaid),4443040432064200,2012-03-01,861,YES,2,33,2005-11-01,2010
1090,Visa,Credit,4973318740626860,2024-08-01,586,YES,1,11400,2005-11-01,2010
1250,Visa,Debit,4453842040369230,2020-09-01,179,YES,1,21148,2005-11-01,2011
1354,Visa,Debit,4098930150034370,2007-08-01,821,YES,2,8024,2005-11-01,2011
217,Amex,Credit,373325875666765,2022-01-01,204,YES,2,6200,2006-11-01,2013
1877,Amex,Credit,366837170672753,2021-01-01,803,YES,2,22600,2006-11-01,2014
754,Amex,Credit,337641023717610,2023-08-01,902,YES,2,10100,2006-11-01,2010
1940,Discover,Credit,6222030207999750,2023-06-01,688,YES,1,8000,2006-11-01,2009
1492,Mastercard,Debit,5516722949603670,2012-12-01,621,YES,1,31542,2006-11-01,2009
180,Mastercard,Credit,5881384408371200,2023-03-01,312,NO,2,7600,2006-11-01,2009
437,Mastercard,Debit,5073319862133380,2024-01-01,52,YES,1,35500,2006-11-01,2011
1560,Mastercard,Credit,5544000819929570,2023-10-01,107,YES,2,500,2006-11-01,2011
454,Mastercard,Debit,5916860407845350,2024-10-01,827,YES,2,14983,2006-11-01,2010
1997,Mastercard,Debit,5450840398353040,2024-05-01,172,YES,2,3991,2006-11-01,2013
757,Mastercard,Debit,5018201035940900,2014-02-01,623,YES,1,22100,2006-11-01,2009
565,Mastercard,Debit,5345514962286660,2020-02-01,181,YES,1,17689,2006-11-01,2006
1052,Mastercard,Debit,5000065227125900,2018-10-01,388,YES,1,32165,2006-11-01,2014
1095,Mastercard,Debit,5157599614216840,2017-11-01,354,YES,2,19100,2006-11-01,2007
1786,Mastercard,Credit,5280439372458360,2023-03-01,656,YES,2,2400,2006-11-01,2010
1786,Mastercard,Credit,5639561447744150,2020-11-01,247,YES,1,18400,2006-11-01,2014
1302,Mastercard,Debit,5867658090755000,2024-02-01,205,YES,1,9883,2006-11-01,2010
1741,Mastercard,Credit,5955551281858490,2024-01-01,860,YES,2,10700,2006-11-01,2010
126,Mastercard,Debit,5877150082253440,2023-12-01,299,NO,1,12059,2006-11-01,2008
466,Visa,Credit,4665143171978630,2022-08-01,867,YES,1,6800,2006-11-01,2009
288,Visa,Credit,4591747777139070,2022-05-01,694,NO,1,6500,2006-11-01,2018
842,Visa,Debit,4212985133165350,2021-01-01,884,YES,1,32808,2006-11-01,2012
460,Visa,Debit,4858755901764600,2020-10-01,766,YES,1,8468,2006-11-01,2010
50,Visa,Debit,4816947607499080,2021-02-01,329,NO,2,9781,2006-11-01,2014
1279,Visa,Debit,4692480656224070,2022-03-01,281,YES,2,26743,2006-11-01,2013
1615,Visa,Debit,4003165279623450,2023-03-01,317,YES,1,15535,2006-11-01,2015
362,Visa,Debit,4362821338983920,2024-09-01,272,YES,1,9708,2006-11-01,2013
60,Visa,Debit (Prepaid),4326714873054570,2024-05-01,692,YES,3,45,2006-11-01,2012
1992,Visa,Debit,4599537074421920,2021-06-01,352,YES,1,13034,2006-11-01,2006
1913,Amex,Credit,356951210404599,2024-10-01,952,YES,1,17800,2007-11-01,2011
1018,Amex,Credit,302982223076555,2009-08-01,303,NO,1,9900,2007-11-01,2009
615,Amex,Credit,391140616580579,2021-04-01,207,YES,1,19900,2007-11-01,2011
1356,Amex,Credit,309524218964644,2024-09-01,665,YES,2,10400,2007-11-01,2009
357,Discover,Credit,6194011434705930,2022-04-01,513,YES,3,19800,2007-11-01,2011
461,Mastercard,Debit,5182820825620430,2021-04-01,126,YES,1,28963,2007-11-01,2012
1957,Mastercard,Credit,5825403139414540,2013-05-01,531,YES,2,16300,2007-11-01,2009
1115,Mastercard,Credit,5345794459975210,2007-11-01,412,YES,2,6400,2007-11-01,2011
1612,Mastercard,Credit,5237651154500170,2007-12-01,555,YES,2,12700,2007-11-01,2010
659,Mastercard,Credit,5605519998768270,2022-02-01,522,YES,2,10500,2007-11-01,2011
515,Mastercard,Debit,5554873957809710,2024-03-01,511,YES,2,2093,2007-11-01,2015
1078,Mastercard,Debit,5446646218200600,2022-12-01,473,YES,2,23244,2007-11-01,2007
63,Mastercard,Debit,5573468131965560,2024-09-01,258,YES,1,16422,2007-11-01,2011
869,Mastercard,Debit (Prepaid),5709040626294720,2021-04-01,579,YES,1,96,2007-11-01,2011
1721,Mastercard,Credit,5632468453747630,2024-06-01,296,YES,2,7200,2007-11-01,2010
1129,Mastercard,Debit,5988252449836290,2015-01-01,438,YES,2,18109,2007-11-01,2010
69,Mastercard,Credit,5542688229083620,2022-12-01,439,YES,1,9300,2007-11-01,2014
1064,Mastercard,Debit (Prepaid),5791031552039030,2008-10-01,655,YES,2,58,2007-11-01,2015
371,Mastercard,Debit,5379424877140930,2016-01-01,683,YES,2,11861,2007-11-01,2013
1986,Mastercard,Debit,5235412796411230,2020-02-01,789,YES,1,16249,2007-11-01,2010
126,Mastercard,Debit,5110177937842500,2023-04-01,932,YES,1,13555,2007-11-01,2011
1857,Mastercard,Debit,5642734548545150,2018-11-01,405,YES,2,66781,2007-11-01,2009
1463,Mastercard,Debit,5314535985439660,2020-06-01,410,YES,1,13930,2007-11-01,2010
526,Mastercard,Debit (Prepaid),5763661322183410,2020-09-01,688,YES,1,86,2007-11-01,2013
77,Mastercard,Debit,5713469175389030,2021-04-01,887,YES,2,24656,2007-11-01,2008
1511,Visa,Debit,4992990568824240,2023-05-01,457,YES,1,19856,2007-11-01,2011
11,Visa,Credit,4508109473981620,2024-09-01,763,YES,1,19400,2007-11-01,2010
1546,Visa,Credit,4952050120824100,2023-05-01,167,YES,2,6400,2007-11-01,2007
1910,Visa,Debit,4153032185259100,2022-05-01,614,YES,1,5933,2007-11-01,2009
712,Visa,Debit,4167964897226160,2022-10-01,954,YES,1,21414,2007-11-01,2008
729,Visa,Debit,4850099627830730,2008-05-01,361,YES,1,14424,2007-11-01,2010
1214,Visa,Debit,4968168260037250,2021-05-01,607,YES,1,21073,2007-11-01,2011
1523,Visa,Credit,4104821247175140,2021-07-01,10,YES,1,6300,2007-11-01,2007
770,Visa,Credit,4049783428118050,2023-12-01,163,YES,1,20400,2007-11-01,2007
1121,Visa,Credit,4323924929422760,2020-09-01,171,YES,1,23400,2007-11-01,2008
327,Visa,Debit,4711207147444250,2023-07-01,641,YES,2,11528,2007-11-01,2013
132,Visa,Debit,4143669555806350,2023-11-01,958,YES,2,8105,2007-11-01,2009
141,Visa,Credit,4620287459795670,2022-02-01,745,YES,1,9200,2007-11-01,2014
1422,Visa,Debit,4103248264872950,2016-02-01,23,YES,2,6491,2007-11-01,2013
210,Discover,Credit,6029205262726860,2022-03-01,307,YES,2,3700,2008-11-01,2011
810,Discover,Credit,6324447565023510,2008-12-01,928,YES,2,3700,2008-11-01,2011
719,Mastercard,Debit,5866359917107310,2023-12-01,102,YES,1,21727,2008-11-01,2008
1613,Mastercard,Credit,5720952964572780,2020-11-01,145,YES,1,12500,2008-11-01,2010
1268,Mastercard,Debit,5437744884030860,2022-02-01,753,YES,1,13537,2008-11-01,2009
145,Mastercard,Credit,5973231209388270,2021-04-01,257,YES,1,6000,2008-11-01,2013
1408,Mastercard,Debit,5827922070073560,2020-08-01,665,YES,1,5044,2008-11-01,2008
629,Mastercard,Debit (Prepaid),5433671830348170,2022-03-01,732,YES,1,80,2008-11-01,2008
823,Mastercard,Debit,5594052672345390,2021-10-01,748,YES,1,13609,2008-11-01,2010
1644,Mastercard,Debit,5543479633732950,2021-04-01,192,YES,2,9324,2008-11-01,2009
547,Mastercard,Debit,5656868060475080,2011-10-01,891,NO,1,20998,2008-11-01,2008
1083,Mastercard,Debit,5130413246944820,2016-08-01,942,YES,2,463,2008-11-01,2010
1851,Mastercard,Debit,5841318855882800,2018-09-01,598,NO,2,29601,2008-11-01,2011
33,Mastercard,Debit,5059695419276530,2022-03-01,447,YES,2,11584,2008-11-01,2012
1451,Mastercard,Credit,5570191239646200,2015-03-01,625,NO,2,6500,2008-11-01,2011
1936,Mastercard,Debit,5278876115993600,2008-12-01,948,YES,1,25659,2008-11-01,2011
468,Mastercard,Debit,5407924790398150,2021-08-01,69,YES,1,21900,2008-11-01,2011
1839,Mastercard,Debit,5960113726065280,2008-12-01,880,NO,2,15122,2008-11-01,2010
947,Mastercard,Debit (Prepaid),5909236244923270,2019-01-01,964,YES,1,87,2008-11-01,2008
20,Mastercard,Credit,5866750746796730,2014-01-01,754,YES,1,16400,2008-11-01,2008
1154,Mastercard,Debit,5118842073296420,2017-01-01,143,NO,1,2808,2008-11-01,2013
375,Mastercard,Debit,5673229210000450,2010-05-01,141,NO,1,13698,2008-11-01,2010
438,Mastercard,Debit,5538862189927590,2023-12-01,664,YES,2,2307,2008-11-01,2010
1972,Mastercard,Debit,5891567010748210,2022-09-01,563,YES,1,957,2008-11-01,2012
818,Mastercard,Credit,5719046765863770,2021-11-01,971,YES,1,7100,2008-11-01,2017
1581,Mastercard,Debit,5862160658521390,2023-01-01,117,YES,2,1807,2008-11-01,2013
1673,Visa,Debit,4251102360489440,2023-08-01,439,YES,2,17853,2008-11-01,2011
1027,Visa,Credit,4863498051032540,2020-07-01,593,YES,2,13800,2008-11-01,2015
1664,Visa,Credit,4404395202932240,2008-12-01,547,YES,2,21400,2008-11-01,2011
695,Visa,Debit,4918920924597940,2020-12-01,463,YES,1,22676,2008-11-01,2012
1566,Visa,Debit,4803682548615730,2012-04-01,499,YES,2,20573,2008-11-01,2015
1229,Visa,Debit,4395114522983450,2024-06-01,237,YES,1,33080,2008-11-01,2008
658,Visa,Credit,4998523019501500,2024-03-01,730,YES,1,13800,2008-11-01,2008
1969,Visa,Debit,4179498334263770,2020-10-01,254,YES,2,32809,2008-11-01,2010
944,Visa,Debit,4081497493570320,2017-10-01,60,YES,2,42541,2008-11-01,2012
1936,Visa,Credit,4343987004496520,2024-09-01,81,YES,1,16400,2008-11-01,2008
751,Visa,Credit,4288018843262280,2016-01-01,627,YES,1,20100,2008-11-01,2015
1049,Visa,Debit,4606238393574330,2012-11-01,70,YES,1,24519,2008-11-01,2014
457,Visa,Credit,4765720927158180,2020-06-01,635,YES,1,12900,2008-11-01,2010
363,Visa,Debit,4554258012686180,2011-02-01,650,YES,1,8420,2008-11-01,2012
1917,Amex,Credit,341912249556142,2024-06-01,300,YES,2,13000,2009-11-01,2009
1515,Discover,Credit,6237354607435100,2022-05-01,959,YES,2,16300,2009-11-01,2011
1515,Discover,Credit,6374995163580880,2020-03-01,743,YES,1,11100,2009-11-01,2010
1116,Mastercard,Debit,5341049613275150,2021-09-01,396,YES,2,26546,2009-11-01,2009
421,Mastercard,Debit,5218949137846820,2020-02-01,497,YES,2,19651,2009-11-01,2009
1326,Mastercard,Debit,5576058870888170,2023-08-01,200,YES,2,23296,2009-11-01,2014
1540,Mastercard,Debit (Prepaid),5037187439217050,2021-08-01,955,NO,2,56,2009-11-01,2011
1211,Mastercard,Debit,5291048760665790,2017-04-01,940,YES,1,19137,2009-11-01,2012
296,Mastercard,Credit,5831265252494760,2015-04-01,530,YES,2,20300,2009-11-01,2010
868,Mastercard,Debit (Prepaid),5680583752844420,2022-02-01,504,YES,2,49,2009-11-01,2009
368,Mastercard,Debit (Prepaid),5936702504666280,2010-07-01,175,YES,2,63,2009-11-01,2009
1468,Mastercard,Debit,5925067526898300,2020-12-01,442,YES,1,26764,2009-11-01,2014
1385,Mastercard,Credit,5050755589048170,2024-10-01,657,YES,1,20900,2009-11-01,2010
79,Mastercard,Debit,5923792663677650,2022-02-01,585,YES,1,21497,2009-11-01,2009
557,Mastercard,Debit,5755010791716620,2022-04-01,497,YES,2,6090,2009-11-01,2011
1741,Mastercard,Debit,5427223810289120,2013-06-01,962,YES,1,15765,2009-11-01,2009
1953,Mastercard,Debit (Prepaid),5295801511323400,2020-04-01,135,YES,2,54,2009-11-01,2009
983,Mastercard,Debit,5743016565516750,2009-12-01,138,YES,1,19114,2009-11-01,2010
674,Mastercard,Debit,5615295761814830,2022-02-01,923,YES,1,1399,2009-11-01,2009
209,Mastercard,Debit,5814886393652120,2024-02-01,110,YES,2,10227,2009-11-01,2012
579,Mastercard,Debit,5481399554489210,2019-08-01,754,NO,2,21005,2009-11-01,2010
566,Mastercard,Credit,5588638647228880,2012-09-01,525,YES,1,10100,2009-11-01,2009
1774,Mastercard,Debit,5500175661325550,2020-10-01,43,YES,2,10815,2009-11-01,2020
1920,Mastercard,Debit,5523829978930620,2024-02-01,247,NO,2,1726,2009-11-01,2014
650,Visa,Debit (Prepaid),4619393222123920,2012-01-01,728,NO,1,57,2009-11-01,2016
847,Visa,Credit,4013077897978410,2013-10-01,359,YES,1,8600,2009-11-01,2014
1575,Visa,Debit,4753063175082230,2020-02-01,352,YES,2,35791,2009-11-01,2009
694,Visa,Debit,4878301968196160,2022-09-01,33,YES,1,10564,2009-11-01,2010
89,Visa,Debit,4411314646067920,2023-06-01,47,YES,2,17146,2009-11-01,2009
148,Visa,Debit,4693550098600490,2020-01-01,358,YES,1,10077,2009-11-01,2009
954,Visa,Debit,4089300388076100,2024-10-01,359,YES,1,24104,2009-11-01,2009
194,Visa,Debit,4731739581942730,2023-03-01,402,NO,2,9080,2009-11-01,2013
161,Visa,Debit,4764927598078190,2016-12-01,254,YES,1,11168,2009-11-01,2009
1507,Visa,Debit,4088009907063240,2021-01-01,841,YES,2,29543,2009-11-01,2011
1551,Visa,Debit (Prepaid),4841863549456230,2024-04-01,875,YES,2,63,2009-11-01,2009
242,Visa,Debit,4635113983149320,2024-09-01,511,YES,1,19158,2009-11-01,2010
671,Visa,Credit,4711870612941810,2024-05-01,453,YES,1,8700,2009-11-01,2009
1699,Amex,Credit,304049639672368,2015-10-01,923,YES,2,19300,2010-11-01,2010
31,Amex,Credit,314393148415045,2023-12-01,772,YES,2,11500,2010-11-01,2010
334,Discover,Credit,6179911986106180,2021-04-01,135,YES,2,11200,2010-11-01,2010
822,Mastercard,Debit (Prepaid),5314878099448740,2011-05-01,994,YES,1,83,2010-11-01,2010
643,Mastercard,Credit,5079302523329050,2023-04-01,381,YES,2,500,2010-11-01,2010
1673,Mastercard,Debit,5865546237246030,2019-12-01,155,YES,1,15832,2010-11-01,2011
1769,Mastercard,Debit,5538135650340790,2023-05-01,623,YES,1,17335,2010-11-01,2010
227,Mastercard,Debit,5943373604505740,2020-04-01,300,YES,2,29973,2010-11-01,2010
1009,Mastercard,Debit,5103189398605020,2023-01-01,278,YES,1,9902,2010-11-01,2012
840,Mastercard,Debit,5023863713584510,2024-12-01,457,YES,2,10400,2010-11-01,2013
1670,Mastercard,Debit,5770348525427380,2020-08-01,914,NO,1,45782,2010-11-01,2015
1131,Mastercard,Debit,5120921074394350,2021-05-01,974,YES,2,21417,2010-11-01,2010
356,Mastercard,Debit,5464831011600290,2024-09-01,462,YES,1,21808,2010-11-01,2010
433,Mastercard,Debit (Prepaid),5758062322827450,2020-02-01,705,YES,1,73,2010-11-01,2010
480,Mastercard,Debit (Prepaid),5990674029501130,2023-03-01,331,YES,1,48,2010-11-01,2012
1600,Mastercard,Debit,5986596679422090,2021-03-01,556,YES,2,5059,2010-11-01,2010
872,Mastercard,Credit,5418010568255290,2018-06-01,205,YES,2,7400,2010-11-01,2012
1289,Mastercard,Debit (Prepaid),5477226022582790,2018-04-01,961,NO,3,38,2010-11-01,2013
364,Mastercard,Credit,5274567500521130,2010-11-01,89,YES,1,1800,2010-11-01,2010
696,Mastercard,Debit (Prepaid),5276972829621860,2022-05-01,803,YES,2,65,2010-11-01,2015
1685,Mastercard,Debit (Prepaid),5456998274620240,2021-07-01,314,YES,2,26,2010-11-01,2017
1171,Mastercard,Debit,5726460417448350,2021-01-01,26,YES,1,24481,2010-11-01,2010
1357,Mastercard,Debit,5546537643480540,2021-02-01,748,YES,2,2833,2010-11-01,2013
1254,Mastercard,Debit,5141901041171970,2024-11-01,270,YES,1,20294,2010-11-01,2010
1834,Mastercard,Credit,5754024281243650,2016-03-01,279,YES,1,3300,2010-11-01,2010
1692,Mastercard,Debit,5554581325182980,2022-01-01,904,YES,2,7564,2010-11-01,2013
278,Mastercard,Credit,5079922576804280,2022-10-01,242,YES,2,55300,2010-11-01,2010
459,Mastercard,Debit,5455692825493520,2024-05-01,886,YES,2,1200,2010-11-01,2010
708,Visa,Debit,4032240655674500,2022-06-01,53,YES,1,132439,2010-11-01,2011
822,Visa,Credit,4336733185475860,2021-01-01,221,NO,2,7100,2010-11-01,2010
1738,Visa,Credit,4825181289428260,2020-04-01,635,NO,1,15700,2010-11-01,2014
724,Visa,Credit,4015255845214440,2022-07-01,244,YES,2,7000,2010-11-01,2011
427,Visa,Debit,4360960084502820,2010-12-01,641,YES,1,11739,2010-11-01,2011
1945,Visa,Credit,4335011442006830,2022-07-01,412,YES,1,9700,2010-11-01,2012
1297,Visa,Credit,4118885453058690,2011-05-01,419,YES,2,14200,2010-11-01,2018
401,Visa,Debit,4568197311547970,2020-02-01,976,YES,1,16619,2010-11-01,2010
630,Visa,Debit,4542180712523320,2020-11-01,573,YES,1,9062,2010-11-01,2010
47,Visa,Debit (Prepaid),4163402116623070,2021-12-01,57,YES,2,100,2010-11-01,2010
1475,Visa,Debit,4992215485322230,2020-02-01,201,YES,2,5992,2010-11-01,2011
1302,Visa,Credit,4893597498035430,2020-04-01,242,YES,2,7900,2010-11-01,2015
1345,Visa,Debit,4559661567211040,2023-05-01,584,NO,1,2518,2010-11-01,2010
1753,Visa,Debit,4613268743262260,2020-03-01,131,YES,1,25102,2010-11-01,2014
1381,Visa,Credit,4677022173671020,2016-06-01,438,YES,1,10100,2010-11-01,2010
1825,Visa,Debit (Prepaid),4946017526806500,2021-04-01,331,YES,2,48,2010-11-01,2014
656,Visa,Debit,4105075889994250,2024-06-01,789,YES,2,25639,2010-11-01,2010
256,Visa,Credit,4042007108574830,2023-02-01,177,YES,1,9400,2010-11-01,2013
1698,Visa,Debit,4949964634585990,2011-06-01,341,YES,1,14744,2010-11-01,2010
1909,Visa,Debit,4129826777465620,2021-11-01,941,YES,1,9599,2010-11-01,2010
1378,Amex,Credit,343796888595234,2020-06-01,130,YES,2,3100,2011-11-01,2011
1956,Discover,Credit,6679312666731130,2021-09-01,558,NO,2,9500,2011-11-01,2011
401,Discover,Credit,6043138850528320,2022-12-01,36,NO,1,9700,2011-11-01,2012
753,Discover,Credit,6268816898046000,2022-05-01,829,YES,1,8600,2011-11-01,2011
871,Mastercard,Debit (Prepaid),5967922448022590,2020-10-01,849,YES,2,91,2011-11-01,2012
1508,Mastercard,Debit (Prepaid),5868862947419300,2022-08-01,245,YES,1,95,2011-11-01,2011
1927,Mastercard,Debit,5796139864739320,2018-05-01,474,YES,2,12194,2011-11-01,2011
619,Mastercard,Debit,5012988615180480,2021-03-01,541,YES,1,23220,2011-11-01,2011
358,Mastercard,Debit,5845909959346060,2022-05-01,379,YES,2,6863,2011-11-01,2011
605,Mastercard,Debit,5070746550577510,2020-03-01,506,YES,1,14541,2011-11-01,2011
1102,Mastercard,Debit,5977051342540190,2023-06-01,806,YES,2,5414,2011-11-01,2012
1646,Mastercard,Credit,5207616824194250,2022-05-01,511,YES,2,9900,2011-11-01,2011
1604,Mastercard,Credit,5196692562051330,2011-11-01,626,YES,2,11200,2011-11-01,2013
556,Mastercard,Debit,5455392892256790,2023-01-01,356,YES,1,23688,2011-11-01,2011
169,Mastercard,Debit (Prepaid),5746544800697190,2021-09-01,335,YES,2,91,2011-11-01,2011
315,Mastercard,Debit (Prepaid),5956867363687560,2024-08-01,701,YES,1,109,2011-11-01,2011
1772,Mastercard,Debit,5626378456369420,2023-05-01,982,NO,2,16426,2011-11-01,2011
659,Visa,Debit,4494703150961660,2021-02-01,363,YES,1,10538,2011-11-01,2011
731,Visa,Debit,4778187080028210,2024-01-01,74,YES,2,6781,2011-11-01,2011
1797,Visa,Debit,4144623277980190,2022-10-01,645,YES,2,16008,2011-11-01,2011
199,Visa,Credit,4220895295503220,2015-07-01,14,YES,1,16900,2011-11-01,2011
1173,Visa,Credit,4807938969312220,2021-10-01,158,YES,1,16900,2011-11-01,2011
1541,Visa,Debit,4170281671173420,2023-09-01,374,YES,1,10627,2011-11-01,2011
576,Visa,Debit,4869825437648360,2022-02-01,137,YES,1,26471,2011-11-01,2011
1702,Visa,Debit,4765160616096360,2022-05-01,140,YES,2,23343,2011-11-01,2011
1332,Visa,Debit,4692209881034930,2024-10-01,841,YES,1,40914,2011-11-01,2011
839,Amex,Credit,359230628127716,2019-05-01,198,YES,2,6600,2012-11-01,2012
716,Mastercard,Debit (Prepaid),5494077855460520,2013-07-01,855,NO,1,60,2012-11-01,2012
1095,Mastercard,Debit,5162155568271000,2022-03-01,367,YES,1,19332,2012-11-01,2012
760,Mastercard,Debit,5089677231892690,2022-05-01,95,YES,1,17393,2012-11-01,2012
338,Mastercard,Debit,5371571902299640,2024-04-01,46,YES,1,17229,2012-11-01,2012
1871,Mastercard,Debit,5410528927271570,2020-01-01,651,YES,1,13764,2012-11-01,2012
364,Mastercard,Debit,5100254410135490,2023-10-01,723,YES,1,15612,2012-11-01,2012
1421,Mastercard,Debit (Prepaid),5874995941788490,2022-06-01,595,YES,1,65,2012-11-01,2012
1245,Mastercard,Debit (Prepaid),5318319036148540,2024-08-01,577,YES,2,66,2012-11-01,2012
802,Mastercard,Debit,5907261370634840,2024-07-01,645,YES,1,27701,2012-11-01,2012
71,Mastercard,Debit (Prepaid),5017252384270870,2022-07-01,389,YES,2,69,2012-11-01,2012
1347,Mastercard,Debit,5212401746902600,2021-11-01,77,YES,2,17079,2012-11-01,2012
970,Visa,Debit,4682877628388630,2023-02-01,846,NO,1,25942,2012-11-01,2012
214,Visa,Credit,4159886669620510,2012-11-01,693,YES,3,0,2012-11-01,2012
1193,Visa,Debit,4933381182408320,2020-11-01,961,YES,1,34013,2012-11-01,2012
223,Amex,Credit,315285408349939,2022-12-01,695,YES,1,8600,2013-11-01,2013
1063,Mastercard,Debit,5487742107326260,2015-07-01,71,YES,1,28805,2013-11-01,2013
476,Mastercard,Debit,5531706766680780,2015-08-01,158,YES,1,21282,2013-11-01,2013
1488,Mastercard,Debit,5504145195168150,2022-04-01,611,YES,1,28580,2013-11-01,2013
1247,Mastercard,Debit,5905151932957260,2023-07-01,407,YES,1,18482,2013-11-01,2013
1412,Mastercard,Debit,5395339623143980,2020-09-01,501,YES,2,17401,2013-11-01,2013
77,Mastercard,Debit,5086596988156510,2024-10-01,171,YES,1,27063,2013-11-01,2013
972,Visa,Credit,4030101439693860,2022-12-01,924,NO,2,2600,2013-11-01,2013
409,Visa,Debit,4514228052643760,2024-03-01,763,NO,1,15512,2013-11-01,2013
1253,Visa,Debit,4792077988071120,2020-08-01,969,YES,1,39764,2013-11-01,2013
388,Visa,Debit,4183750300220980,2014-04-01,371,NO,1,12606,2013-11-01,2013
1049,Visa,Debit,4967633206571160,2023-03-01,284,YES,2,14446,2013-11-01,2013
162,Visa,Debit,4338781388247800,2014-03-01,826,YES,2,27266,2013-11-01,2013
948,Visa,Debit,4948154067393860,2024-03-01,688,YES,2,11795,2013-11-01,2013
1422,Visa,Debit,4363891861741720,2020-03-01,662,YES,2,19781,2013-11-01,2013
489,Visa,Debit (Prepaid),4550158721667390,2020-05-01,764,YES,1,71,2013-11-01,2013
1031,Mastercard,Debit,5179089621739030,2022-03-01,274,YES,1,16220,2014-11-01,2014
850,Mastercard,Debit,5944442565470170,2022-06-01,246,YES,1,20881,2014-11-01,2014
452,Mastercard,Debit,5480854171366540,2024-06-01,229,YES,1,24274,2014-11-01,2014
1946,Visa,Credit,4231526239204030,2020-02-01,499,YES,2,12500,2014-11-01,2014
1014,Visa,Debit,4467199760802870,2014-11-01,176,YES,1,96907,2014-11-01,2014
704,Visa,Debit,4643473532096410,2024-03-01,281,YES,2,49425,2014-11-01,2014
115,Visa,Debit,4975707785859420,2022-09-01,744,YES,2,34284,2014-11-01,2014
139,Visa,Debit,4940574343090020,2014-12-01,702,YES,1,18944,2014-11-01,2014
973,Visa,Debit,4060618518013620,2023-06-01,39,YES,2,7688,2014-11-01,2014
1417,Visa,Debit,4755309590277500,2021-07-01,531,YES,2,37325,2014-11-01,2014
1876,Mastercard,Debit,5705118094307240,2022-08-01,295,YES,1,29037,2015-11-01,2015
1919,Mastercard,Debit,5623100773698390,2022-03-01,956,YES,2,28125,2015-11-01,2015
661,Mastercard,Debit,5742781603234910,2018-03-01,376,YES,2,22789,2015-11-01,2015
751,Mastercard,Debit,5368688278025200,2016-10-01,854,YES,1,19488,2015-11-01,2015
1807,Mastercard,Debit,5678405303384000,2022-03-01,24,YES,2,26838,2015-11-01,2015
1825,Visa,Credit,4774719998524070,2021-09-01,912,YES,1,11300,2015-11-01,2015
679,Visa,Debit (Prepaid),4448597956443990,2016-11-01,934,YES,2,73,2015-11-01,2015
855,Visa,Debit,4118028917520410,2022-03-01,471,YES,2,11928,2015-11-01,2015
973,Visa,Debit,4515909883803900,2024-11-01,871,YES,1,8366,2015-11-01,2015
169,Visa,Debit,4032033794787090,2022-07-01,167,YES,1,10194,2015-11-01,2015
231,Visa,Debit,4551009502548940,2023-05-01,466,YES,1,11032,2015-11-01,2015
1315,Visa,Debit,4848774820047540,2024-11-01,454,YES,1,14514,2015-11-01,2015
744,Amex,Credit,397876125303268,2022-04-01,283,YES,1,14400,2016-11-01,2016
1824,Mastercard,Debit,5353021676816450,2022-04-01,793,YES,1,15683,2016-11-01,2016
1928,Mastercard,Credit,5503548049749430,2021-02-01,850,NO,1,14800,2016-11-01,2016
955,Mastercard,Debit,5884682122700410,2022-11-01,856,YES,1,13254,2016-11-01,2016
1583,Mastercard,Debit (Prepaid),5499814764082700,2024-03-01,208,YES,1,84,2016-11-01,2016
770,Mastercard,Debit,5476991702043630,2018-11-01,146,YES,1,24080,2016-11-01,2016
284,Mastercard,Debit (Prepaid),5792924047685790,2016-11-01,384,NO,1,76,2016-11-01,2016
1827,Mastercard,Debit,5002104504565110,2023-02-01,917,YES,1,17663,2016-11-01,2016
1644,Visa,Credit,4623909080454330,2020-02-01,314,YES,2,9400,2016-11-01,2016
1618,Visa,Debit,4032385619436580,2022-03-01,88,YES,2,37619,2016-11-01,2016
1950,Mastercard,Debit,5931155323451020,2024-05-01,580,YES,2,10841,2017-11-01,2017
1875,Mastercard,Debit,5208237598527230,2018-08-01,261,YES,2,13694,2017-11-01,2017
1491,Mastercard,Debit,5388327407245080,2018-12-01,809,YES,2,23572,2017-11-01,2017
518,Visa,Credit,4464546125723800,2021-07-01,2,YES,2,5900,2017-11-01,2017
529,Visa,Debit,4915211682981550,2022-10-01,886,YES,1,18558,2017-11-01,2017
454,Mastercard,Debit,5723126586825330,2024-05-01,268,YES,1,31199,2018-11-01,2018
1358,Mastercard,Debit (Prepaid),5596764819382870,2020-01-01,26,YES,1,71,2018-11-01,2018
242,Mastercard,Debit,5431693041561230,2020-06-01,10,YES,1,19788,2018-11-01,2018
717,Mastercard,Credit,5444281905653210,2023-09-01,74,YES,2,7100,2018-11-01,2018
671,Mastercard,Credit,5667713745804700,2020-02-01,982,YES,1,8600,2018-11-01,2018
43,Visa,Credit,4190991721490110,2020-03-01,326,YES,2,21700,2018-11-01,2018
976,Visa,Debit,4097569831392140,2022-07-01,289,YES,1,24296,2018-11-01,2018
1076,Mastercard,Debit,5085325105432050,2024-05-01,720,NO,1,12535,2019-11-01,2019
1775,Visa,Debit,4997798155113400,2024-11-01,545,NO,1,17620,2019-11-01,2019
1599,Visa,Credit,4215168783347290,2022-02-01,152,YES,2,7500,2019-11-01,2019
770,Visa,Credit,4344621368223240,2020-11-01,198,NO,1,15900,2019-11-01,2019
463,Visa,Debit,4049537564126770,2019-12-01,952,YES,1,20297,2019-11-01,2019
285,Discover,Credit,6676808854553550,2021-04-01,65,YES,2,7300,1991-12-01,2009
44,Mastercard,Credit,5384043758789030,2022-05-01,151,YES,2,3400,1992-12-01,2007
1702,Visa,Debit (Prepaid),4937261009416650,2023-05-01,873,YES,1,94,1994-12-01,2011
84,Visa,Debit,4744876175071540,2022-11-01,747,YES,1,11832,1996-12-01,2007
1788,Visa,Debit,4757843891969380,1997-12-01,672,YES,1,12323,1996-12-01,2011
1843,Amex,Credit,363194829032279,2021-09-01,307,NO,1,12300,1997-12-01,2009
1445,Discover,Credit,6800970747167320,2022-04-01,163,YES,2,10200,1997-12-01,2011
1300,Mastercard,Debit,5128552449628280,2020-07-01,95,YES,2,14661,1997-12-01,2009
321,Mastercard,Debit,5142952666869350,2024-01-01,376,YES,2,23792,1998-12-01,2012
1737,Mastercard,Debit,5371022252715950,2024-04-01,192,YES,1,24132,1998-12-01,2008
1164,Mastercard,Debit,5905027855347650,2022-01-01,886,YES,1,34900,1999-12-01,2012
322,Mastercard,Debit,5392957769023380,2020-10-01,803,YES,2,4355,1999-12-01,2010
514,Mastercard,Debit,5568405807581710,2022-07-01,187,YES,3,23932,1999-12-01,2011
601,Mastercard,Credit,5187201945323040,2018-10-01,824,YES,2,10800,1999-12-01,2005
1411,Mastercard,Debit,5631140574725940,2023-11-01,370,YES,1,39598,1999-12-01,2006
1225,Mastercard,Debit,5469185883238390,2024-02-01,610,YES,2,15422,1999-12-01,2009
1169,Visa,Credit,4659722496191510,2020-09-01,241,YES,2,28300,1999-12-01,2008
1548,Mastercard,Debit (Prepaid),5855871886072930,2023-10-01,608,NO,1,67,2000-12-01,2011
1434,Mastercard,Credit,5894846894284590,2020-10-01,560,YES,1,11300,2000-12-01,2010
1104,Visa,Debit,4061173043608030,2021-05-01,265,YES,1,16578,2000-12-01,2010
1495,Visa,Debit,4126791237469970,2020-07-01,502,YES,1,25497,2000-12-01,2012
430,Visa,Credit,4148787669895820,2022-08-01,50,YES,1,17700,2000-12-01,2009
1560,Discover,Credit,6426640903869180,2020-08-01,662,YES,1,15500,2001-12-01,2008
125,Mastercard,Debit,5945807507752760,2022-08-01,282,YES,2,9741,2001-12-01,2010
1190,Mastercard,Debit (Prepaid),5127422537618970,2020-10-01,947,NO,2,27,2001-12-01,2017
801,Mastercard,Debit,5384803944238560,2020-08-01,811,YES,1,10311,2001-12-01,2006
876,Mastercard,Debit,5497742793973950,2020-09-01,24,NO,2,9146,2001-12-01,2012
738,Mastercard,Credit,5997676532243280,2020-08-01,937,YES,2,19600,2001-12-01,2013
150,Visa,Debit,4566084725252870,2018-06-01,347,YES,2,7202,2001-12-01,2016
1434,Amex,Credit,340472738242121,2021-05-01,594,YES,1,10800,2002-12-01,2012
273,Discover,Credit,6375330614788150,2021-02-01,523,YES,2,14600,2002-12-01,2008
668,Mastercard,Debit,5470018669871080,2020-10-01,598,YES,2,607,2002-12-01,2010
1826,Mastercard,Debit (Prepaid),5691905533359940,2024-10-01,982,YES,1,49,2002-12-01,2009
1244,Mastercard,Debit,5984546339755580,2024-02-01,332,YES,1,14270,2002-12-01,2014
1942,Mastercard,Debit,5622083190963610,2024-06-01,770,YES,2,0,2002-12-01,2009
860,Mastercard,Debit,5505577705152110,2020-07-01,828,YES,2,39870,2002-12-01,2003
287,Mastercard,Debit,5299823964392120,2023-12-01,273,NO,2,2159,2002-12-01,2006
1155,Visa,Credit,4986381278679950,2010-07-01,21,YES,2,7100,2002-12-01,2012
1671,Visa,Debit,4549207388694990,2020-07-01,454,YES,2,2174,2002-12-01,2010
1997,Amex,Credit,373196972571995,2022-08-01,333,YES,1,25600,2003-12-01,2009
1248,Amex,Credit,377035380135401,2020-07-01,451,YES,1,9600,2003-12-01,2010
230,Amex,Credit,389676870614061,2022-10-01,391,YES,2,4000,2003-12-01,2006
1874,Mastercard,Credit,5301114615829910,2022-09-01,425,YES,1,12900,2003-12-01,2010
1317,Mastercard,Debit,5504388217788240,2022-09-01,389,YES,1,9059,2003-12-01,2008
1039,Mastercard,Debit,5804171060704030,2020-02-01,104,YES,2,4598,2003-12-01,2017
1369,Mastercard,Debit,5168890534725780,2024-10-01,731,YES,2,14716,2003-12-01,2012
155,Mastercard,Debit (Prepaid),5039304998585210,2023-11-01,721,YES,2,15,2003-12-01,2010
484,Mastercard,Debit,5814688468697560,2023-11-01,196,YES,2,61262,2003-12-01,2016
783,Mastercard,Credit,5637704480335680,2024-09-01,146,YES,1,9600,2003-12-01,2016
718,Mastercard,Credit,5003485851351770,2011-03-01,861,NO,1,7200,2003-12-01,2012
1559,Visa,Debit,4862436349200530,2023-08-01,49,YES,2,2942,2003-12-01,2014
1286,Visa,Debit,4855497833896740,2020-02-01,610,YES,2,27727,2003-12-01,2009
890,Visa,Credit,4983572770371790,2022-05-01,261,NO,2,16500,2003-12-01,2011
1832,Visa,Credit,4992452788404190,2023-05-01,62,YES,1,11700,2003-12-01,2013
1750,Visa,Debit (Prepaid),4999469198380750,2022-02-01,551,YES,2,33,2003-12-01,2010
545,Visa,Debit,4026064532527530,2018-04-01,850,NO,1,34329,2003-12-01,2010
1917,Amex,Credit,371160621699651,2021-12-01,521,YES,2,8600,2004-12-01,2009
1148,Amex,Credit,310838708616037,2022-03-01,96,NO,2,9300,2004-12-01,2014
1207,Discover,Credit,6135310578604020,2014-01-01,814,YES,2,22800,2004-12-01,2016
496,Discover,Credit,6399050710218190,2021-12-01,413,YES,2,11500,2004-12-01,2009
1905,Mastercard,Debit,5040622566272530,2022-07-01,87,YES,2,1424,2004-12-01,2012
1997,Mastercard,Debit,5957840395918290,2024-01-01,232,YES,2,34953,2004-12-01,2011
1670,Mastercard,Debit,5537300534138480,2023-07-01,933,YES,2,14709,2004-12-01,2013
451,Mastercard,Debit,5238065973168610,2023-09-01,266,YES,2,1447,2004-12-01,2010
456,Mastercard,Debit,5549596794440780,2005-03-01,529,YES,2,14824,2004-12-01,2011
1246,Mastercard,Debit,5460635909206610,2021-04-01,494,NO,1,15087,2004-12-01,2005
120,Mastercard,Debit,5988465973991530,2021-10-01,869,YES,2,32784,2004-12-01,2008
1853,Mastercard,Credit,5987609830796870,2022-05-01,619,YES,1,12600,2004-12-01,2009
1236,Mastercard,Debit,5108584140975700,2023-06-01,123,YES,1,3458,2004-12-01,2013
332,Mastercard,Credit,5516802254742640,2024-10-01,160,NO,1,7900,2004-12-01,2012
1121,Mastercard,Debit,5002267521388910,2020-08-01,143,YES,2,4130,2004-12-01,2015
1437,Mastercard,Debit,5809285273861420,2021-05-01,79,YES,2,16959,2004-12-01,2014
1872,Mastercard,Debit,5728624930968570,2011-07-01,308,YES,1,26328,2004-12-01,2005
698,Visa,Debit,4859980421504970,2021-06-01,971,NO,2,25048,2004-12-01,2010
1576,Visa,Debit (Prepaid),4585785809501370,2020-09-01,821,YES,1,70,2004-12-01,2007
1166,Visa,Debit,4867627629631260,2012-12-01,333,YES,2,23737,2004-12-01,2010
1049,Visa,Debit,4788436311707750,2023-12-01,234,YES,2,13122,2004-12-01,2009
1181,Visa,Credit,4895717164008270,2022-11-01,687,YES,1,12000,2004-12-01,2011
997,Amex,Credit,353877018181177,2021-08-01,65,YES,1,5900,2005-12-01,2011
1079,Amex,Credit,362822137135948,2022-10-01,44,YES,1,13400,2005-12-01,2010
459,Amex,Credit,394462670377525,2018-05-01,988,YES,1,6500,2005-12-01,2016
1528,Discover,Credit,6259105481899950,2014-02-01,854,YES,2,16400,2005-12-01,2008
1980,Mastercard,Debit,5950930953873240,2023-11-01,808,YES,2,12224,2005-12-01,2006
1809,Mastercard,Debit,5983963364999900,2020-03-01,398,YES,2,18089,2005-12-01,2013
395,Mastercard,Credit,5128363217409050,2009-07-01,544,YES,1,11500,2005-12-01,2013
1566,Mastercard,Debit,5408251118769590,2007-03-01,762,YES,2,17257,2005-12-01,2009
1538,Mastercard,Debit,5128394597214300,2011-04-01,984,YES,2,16398,2005-12-01,2005
1843,Mastercard,Credit,5696507697447290,2021-10-01,829,YES,2,4800,2005-12-01,2009
914,Mastercard,Debit,5130385664990830,2021-05-01,256,YES,2,18547,2005-12-01,2007
1802,Mastercard,Debit,5189892950843580,2017-10-01,495,YES,2,36920,2005-12-01,2011
1247,Mastercard,Credit,5064938627957330,2022-05-01,742,NO,2,5700,2005-12-01,2010
380,Mastercard,Credit,5764817007089890,2023-07-01,815,YES,2,10800,2005-12-01,2010
361,Mastercard,Debit,5710919174207430,2021-09-01,13,NO,1,14958,2005-12-01,2009
1581,Mastercard,Credit,5607170404260670,2020-03-01,51,YES,1,12300,2005-12-01,2010
1433,Mastercard,Debit,5895798485445130,2024-05-01,48,NO,1,27117,2005-12-01,2005
1181,Mastercard,Debit,5107765857429090,2021-09-01,77,YES,2,18991,2005-12-01,2011
1455,Visa,Credit,4096689962299780,2022-08-01,25,YES,1,8000,2005-12-01,2011
1080,Visa,Credit,4590969585932290,2023-12-01,836,YES,2,5500,2005-12-01,2010
474,Visa,Credit,4920320482307220,2021-01-01,328,YES,2,22300,2005-12-01,2014
366,Visa,Credit,4960827175990590,2020-11-01,947,NO,2,2200,2005-12-01,2008
931,Visa,Debit,4365224312490790,2022-05-01,190,YES,2,21652,2005-12-01,2012
1112,Visa,Debit,4087524697172920,2020-05-01,91,YES,2,4909,2005-12-01,2007
1787,Visa,Debit,4420367772042770,2007-05-01,704,YES,2,33807,2005-12-01,2008
1008,Visa,Credit,4921858287042320,2020-02-01,790,NO,1,5100,2005-12-01,2010
148,Discover,Credit,6125621291819590,2021-04-01,423,YES,1,17400,2006-12-01,2009
885,Discover,Credit,6566463560968460,2021-06-01,495,YES,1,9000,2006-12-01,2006
219,Discover,Credit,6784663816408210,2022-10-01,850,YES,2,6300,2006-12-01,2006
1178,Mastercard,Debit,5588799529406910,2024-11-01,778,YES,1,19086,2006-12-01,2009
1576,Mastercard,Debit (Prepaid),5253525523982490,2024-11-01,565,YES,1,101,2006-12-01,2010
280,Mastercard,Debit,5503346026525350,2021-07-01,281,YES,2,14710,2006-12-01,2016
316,Mastercard,Debit,5603296596869730,2021-06-01,386,YES,1,14056,2006-12-01,2008
1489,Mastercard,Debit,5815399624686160,2006-12-01,896,YES,1,14138,2006-12-01,2011
776,Mastercard,Debit,5370555414100100,2020-10-01,89,YES,1,48344,2006-12-01,2006
692,Mastercard,Credit,5640983344867520,2023-02-01,571,NO,2,10000,2006-12-01,2012
234,Mastercard,Credit,5888879465203740,2009-12-01,88,YES,2,6400,2006-12-01,2009
44,Mastercard,Debit,5867037533677000,2020-09-01,272,YES,1,20015,2006-12-01,2006
48,Mastercard,Debit (Prepaid),5640392134523710,2021-05-01,10,YES,2,79,2006-12-01,2020
277,Mastercard,Debit,5948622774414290,2016-03-01,985,NO,2,14098,2006-12-01,2009
55,Mastercard,Debit,5124868578530620,2022-05-01,482,YES,1,20573,2006-12-01,2014
1310,Visa,Credit,4295364044956970,2007-04-01,656,YES,2,12200,2006-12-01,2010
227,Visa,Credit,4329687142518020,2020-10-01,827,YES,1,25200,2006-12-01,2016
724,Visa,Credit,4984837369742440,2009-10-01,257,NO,2,7200,2006-12-01,2011
1742,Visa,Debit (Prepaid),4792307130049690,2020-02-01,221,YES,2,12,2006-12-01,2013
798,Visa,Debit,4415565987469370,2020-09-01,811,YES,2,29740,2006-12-01,2011
1481,Visa,Debit,4866092405623390,2024-08-01,386,YES,2,367,2006-12-01,2010
126,Visa,Debit,4662466858823440,2024-05-01,280,YES,2,7991,2006-12-01,2009
393,Visa,Debit,4671202000865950,2024-02-01,89,YES,2,9752,2006-12-01,2008
818,Visa,Debit,4043732830819370,2022-03-01,390,YES,1,15522,2006-12-01,2015
102,Visa,Debit,4735775382501730,2024-07-01,45,YES,1,7676,2006-12-01,2010
760,Amex,Credit,360330585295390,2022-05-01,887,YES,1,9100,2007-12-01,2008
1913,Mastercard,Credit,5697567028506340,2020-11-01,356,YES,2,16200,2007-12-01,2011
1645,Mastercard,Debit,5115977842680830,2024-11-01,328,NO,2,23402,2007-12-01,2011
1610,Mastercard,Credit,5771046456944700,2023-10-01,53,YES,2,6600,2007-12-01,2008
821,Mastercard,Debit,5709350938591090,2021-09-01,841,YES,2,2338,2007-12-01,2016
585,Mastercard,Debit,5035566276017340,2024-09-01,348,NO,1,19913,2007-12-01,2010
1882,Mastercard,Debit,5964535277999790,2022-03-01,245,YES,2,8671,2007-12-01,2009
1016,Mastercard,Debit,5470825522118880,2021-07-01,682,YES,1,282,2007-12-01,2009
1466,Mastercard,Debit,5946854129119700,2020-09-01,405,YES,1,1866,2007-12-01,2014
1740,Mastercard,Debit,5823990893060360,2011-05-01,972,YES,2,23189,2007-12-01,2008
1521,Mastercard,Debit,5993184597730650,2021-01-01,545,YES,2,1236,2007-12-01,2010
564,Mastercard,Credit,5411382690193630,2023-05-01,604,YES,1,9700,2007-12-01,2011
1209,Mastercard,Debit,5471110680954460,2020-01-01,175,YES,2,42074,2007-12-01,2010
1324,Mastercard,Debit,5404924988382800,2023-12-01,898,YES,3,8889,2007-12-01,2013
1889,Mastercard,Debit,5098426242847290,2024-10-01,718,YES,2,10228,2007-12-01,2014
667,Mastercard,Debit,5734290503257910,2024-04-01,170,YES,1,38194,2007-12-01,2012
1657,Mastercard,Credit,5806776060660010,2021-06-01,573,YES,1,7800,2007-12-01,2007
230,Mastercard,Credit,5761118180884910,2020-02-01,236,YES,1,7200,2007-12-01,2012
449,Mastercard,Credit,5242288844676220,2020-05-01,740,YES,1,12700,2007-12-01,2016
857,Mastercard,Debit,5489916459927550,2021-09-01,425,YES,2,10405,2007-12-01,2011
1150,Mastercard,Credit,5974021114272850,2008-09-01,886,YES,2,17200,2007-12-01,2010
570,Mastercard,Debit,5407444040414980,2024-01-01,334,YES,1,19132,2007-12-01,2014
1964,Mastercard,Debit,5316533998904060,2020-10-01,61,YES,2,17367,2007-12-01,2007
913,Mastercard,Debit,5986384191582560,2014-10-01,786,YES,2,8230,2007-12-01,2014
1701,Mastercard,Debit,5046483953202630,2021-11-01,440,YES,2,8169,2007-12-01,2007
1798,Mastercard,Debit,5255777164020500,2022-04-01,678,YES,1,14162,2007-12-01,2015
559,Mastercard,Debit,5579186804778770,2022-04-01,880,YES,1,17130,2007-12-01,2011
100,Mastercard,Debit,5121412939946660,2022-10-01,799,YES,2,21205,2007-12-01,2011
1849,Mastercard,Debit,5576035087378470,2023-05-01,481,YES,2,14027,2007-12-01,2014
265,Mastercard,Credit,5369677036150950,2024-12-01,992,YES,1,12000,2007-12-01,2009
77,Mastercard,Debit,5797464528593160,2023-02-01,743,YES,2,7949,2007-12-01,2010
1448,Visa,Credit,4829916759482890,2024-07-01,768,YES,2,4600,2007-12-01,2011
1321,Visa,Debit,4709941855155410,2008-12-01,122,YES,1,18702,2007-12-01,2007
1799,Visa,Debit,4461391532392440,2020-02-01,981,YES,2,47372,2007-12-01,2008
78,Visa,Debit (Prepaid),4749352761473240,2017-01-01,556,YES,2,83,2007-12-01,2007
767,Visa,Debit,4465904146461420,2007-12-01,172,YES,2,12758,2007-12-01,2011
1307,Visa,Credit,4462200560023800,2014-01-01,58,YES,2,18700,2007-12-01,2009
1259,Visa,Debit (Prepaid),4998693162966560,2023-08-01,839,YES,1,76,2007-12-01,2011
1936,Visa,Debit,4653215018449180,2014-09-01,624,YES,1,27006,2007-12-01,2007
1840,Visa,Credit,4336242728631010,2020-10-01,263,YES,1,14600,2007-12-01,2008
855,Visa,Debit,4678510288563430,2023-12-01,404,YES,2,12188,2007-12-01,2011
526,Visa,Debit,4186305659535990,2020-11-01,674,YES,2,23001,2007-12-01,2013
1772,Visa,Credit,4148318094287270,2020-12-01,313,YES,2,12800,2007-12-01,2009
1591,Amex,Credit,313237641072547,2011-10-01,951,YES,2,8100,2008-12-01,2012
1349,Amex,Credit,387033663036057,2022-01-01,146,YES,1,6200,2008-12-01,2014
1678,Amex,Credit,356005165062230,2021-10-01,507,YES,1,12600,2008-12-01,2008
1405,Amex,Credit,343577155217599,2013-07-01,751,YES,2,12400,2008-12-01,2010
1660,Discover,Credit,6726060094896110,2009-01-01,105,NO,1,4700,2008-12-01,2014
1590,Mastercard,Debit,5548265564669330,2024-12-01,145,YES,2,4147,2008-12-01,2016
1564,Mastercard,Credit,5272030426588000,2023-12-01,905,YES,2,8200,2008-12-01,2010
663,Mastercard,Debit,5243545849930020,2020-05-01,648,YES,1,26231,2008-12-01,2008
346,Mastercard,Credit,5117389461118600,2024-02-01,711,NO,1,11800,2008-12-01,2008
119,Mastercard,Debit,5736601123142270,2022-01-01,145,YES,2,13177,2008-12-01,2014
1425,Mastercard,Debit,5751745002272720,2023-12-01,323,NO,2,13606,2008-12-01,2016
1731,Mastercard,Credit,5225763870748430,2020-06-01,627,YES,1,6000,2008-12-01,2010
758,Mastercard,Debit (Prepaid),5186584998717860,2021-05-01,636,YES,1,75,2008-12-01,2008
1832,Mastercard,Debit,5617468224391710,2021-06-01,668,YES,1,2841,2008-12-01,2013
458,Mastercard,Debit,5915885449164030,2022-10-01,744,YES,1,14388,2008-12-01,2015
642,Mastercard,Debit,5081900353730450,2020-11-01,533,YES,1,13104,2008-12-01,2017
1456,Mastercard,Debit,5839391622959360,2020-10-01,985,YES,2,11310,2008-12-01,2012
1810,Mastercard,Credit,5374521575849220,2023-12-01,720,YES,1,10600,2008-12-01,2009
1771,Mastercard,Debit,5457266267877380,2023-07-01,138,YES,1,29078,2008-12-01,2009
162,Mastercard,Debit,5099776027896180,2022-12-01,812,YES,1,39452,2008-12-01,2010
1774,Mastercard,Credit,5647089735442960,2021-03-01,480,NO,1,4000,2008-12-01,2012
1693,Mastercard,Debit,5128104617797210,2017-03-01,726,YES,1,33506,2008-12-01,2011
663,Visa,Debit,4724986483917880,2023-07-01,384,YES,2,27706,2008-12-01,2008
229,Visa,Credit,4704292963714440,2023-06-01,871,NO,1,16700,2008-12-01,2009
845,Visa,Credit,4776334530519580,2017-09-01,925,YES,1,7900,2008-12-01,2017
1694,Visa,Credit,4020990480968520,2024-02-01,94,YES,2,17700,2008-12-01,2011
1908,Visa,Credit,4321453382786720,2024-11-01,699,YES,1,14900,2008-12-01,2011
592,Visa,Debit,4995123817442030,2021-04-01,658,YES,2,13390,2008-12-01,2010
92,Visa,Debit,4963194250583000,2023-09-01,150,YES,2,8280,2008-12-01,2017
732,Visa,Debit,4023270767899220,2020-04-01,32,YES,2,18535,2008-12-01,2008
1856,Visa,Debit,4548471036924760,2020-02-01,50,YES,1,1873,2008-12-01,2010
1490,Visa,Credit,4751967279477590,2021-11-01,581,NO,1,11400,2008-12-01,2008
1258,Visa,Debit,4443261006820280,2024-07-01,583,YES,1,24674,2008-12-01,2010
121,Visa,Debit,4716535552633030,2023-02-01,508,YES,1,18137,2008-12-01,2011
244,Amex,Credit,308555388799852,2009-12-01,606,YES,1,8500,2009-12-01,2012
1276,Discover,Credit,6099048775831280,2022-04-01,120,YES,1,13700,2009-12-01,2010
1875,Discover,Credit,6626432321225870,2012-04-01,326,YES,1,10400,2009-12-01,2009
153,Mastercard,Debit,5032457975030960,2024-10-01,240,YES,2,20291,2009-12-01,2011
1975,Mastercard,Credit,5320022308833350,2021-12-01,92,YES,1,0,2009-12-01,2010
824,Mastercard,Debit,5514287546883550,2018-07-01,616,YES,1,10838,2009-12-01,2010
232,Mastercard,Debit,5761678069979330,2020-02-01,725,YES,1,58709,2009-12-01,2009
571,Mastercard,Debit,5060522440059030,2017-02-01,556,YES,1,12247,2009-12-01,2009
1074,Mastercard,Debit,5531150587815560,2023-12-01,428,YES,2,6847,2009-12-01,2009
1193,Mastercard,Debit,5429242008081570,2018-12-01,151,YES,1,17718,2009-12-01,2010
490,Mastercard,Debit,5277210517488880,2024-05-01,589,YES,1,22304,2009-12-01,2010
1100,Mastercard,Debit,5574826533473280,2021-06-01,598,YES,1,14532,2009-12-01,2020
1444,Mastercard,Debit,5143782902956270,2023-10-01,803,YES,1,22886,2009-12-01,2009
1407,Mastercard,Debit,5647392545129320,2021-05-01,236,YES,2,14733,2009-12-01,2011
1855,Mastercard,Debit,5900286231363630,2021-12-01,172,YES,1,29716,2009-12-01,2011
576,Mastercard,Debit,5080123024859100,2022-08-01,528,YES,2,27947,2009-12-01,2011
1899,Mastercard,Debit (Prepaid),5337733184380400,2023-04-01,710,YES,1,64,2009-12-01,2011
1018,Mastercard,Debit,5565606559185990,2013-05-01,576,YES,2,17804,2009-12-01,2009
1224,Mastercard,Debit,5933813396302400,2023-01-01,824,NO,1,21908,2009-12-01,2009
679,Mastercard,Debit,5636168034745250,2021-04-01,14,YES,2,14713,2009-12-01,2011
1649,Mastercard,Debit,5178473684405560,2022-12-01,562,YES,1,232,2009-12-01,2010
19,Mastercard,Debit (Prepaid),5885996845393840,2023-02-01,676,YES,2,55,2009-12-01,2011
1605,Mastercard,Debit,5242747753340310,2009-12-01,558,YES,2,1966,2009-12-01,2011
1403,Mastercard,Debit,5997533760937120,2013-09-01,563,YES,2,21084,2009-12-01,2015
323,Mastercard,Debit,5365700074909900,2020-12-01,476,YES,1,9513,2009-12-01,2009
1487,Visa,Debit,4911894810892310,2024-06-01,769,YES,1,26083,2009-12-01,2009
602,Visa,Debit,4355941830927570,2022-08-01,502,YES,2,12978,2009-12-01,2009
119,Visa,Credit,4282551690422600,2019-03-01,688,YES,1,2500,2009-12-01,2009
1603,Visa,Debit (Prepaid),4982837709455780,2022-09-01,119,YES,2,79,2009-12-01,2009
1727,Visa,Debit,4475380884726150,2024-06-01,972,YES,1,24230,2009-12-01,2011
1661,Visa,Credit,4294634745639510,2020-09-01,644,YES,1,25600,2009-12-01,2009
1345,Visa,Credit,4237922362360030,2020-09-01,228,YES,1,13900,2009-12-01,2011
170,Visa,Debit,4098737153492410,2020-03-01,894,YES,1,16740,2009-12-01,2011
804,Visa,Debit,4039102830415520,2017-04-01,14,YES,1,3905,2009-12-01,2010
1084,Visa,Credit,4230182755483440,2020-05-01,741,YES,1,7400,2009-12-01,2009
462,Visa,Debit,4340145979701810,2024-09-01,242,YES,1,18290,2009-12-01,2015
752,Visa,Debit,4571249574954350,2022-09-01,588,YES,2,11002,2009-12-01,2009
683,Visa,Debit,4998445442709630,2021-03-01,899,YES,2,28696,2009-12-01,2009
134,Amex,Credit,390245051618518,2012-07-01,198,YES,2,10400,2010-12-01,2013
1609,Amex,Credit,335445013271477,2022-09-01,999,YES,1,19400,2010-12-01,2013
1926,Discover,Credit,6892639215588420,2020-07-01,873,YES,1,9100,2010-12-01,2013
1478,Discover,Credit,6113554012285560,2022-03-01,285,YES,2,14800,2010-12-01,2011
1391,Mastercard,Debit (Prepaid),5436469451844820,2021-12-01,48,YES,2,98,2010-12-01,2010
543,Mastercard,Credit,5929898393818080,2017-10-01,671,YES,1,11800,2010-12-01,2011
887,Mastercard,Credit,5925601743609250,2020-07-01,209,YES,1,13900,2010-12-01,2010
847,Mastercard,Debit,5160679758487900,2015-04-01,716,YES,2,19629,2010-12-01,2011
1194,Mastercard,Debit,5312379293764300,2022-06-01,244,NO,2,17564,2010-12-01,2010
1303,Mastercard,Credit,5219123186357730,2023-06-01,5,YES,1,18900,2010-12-01,2011
1182,Mastercard,Debit,5751184311438390,2021-12-01,718,YES,1,5716,2010-12-01,2020
754,Mastercard,Debit,5016418727270130,2021-09-01,348,YES,1,9,2010-12-01,2013
1851,Mastercard,Debit,5094889405071150,2022-05-01,229,YES,2,49790,2010-12-01,2010
525,Mastercard,Debit,5052894179039690,2024-01-01,604,YES,1,11595,2010-12-01,2010
885,Mastercard,Debit,5049088411909570,2022-11-01,311,YES,2,7784,2010-12-01,2014
57,Mastercard,Debit,5134306678651090,2020-02-01,796,YES,2,17614,2010-12-01,2013
1737,Mastercard,Debit,5406672659038250,2023-01-01,826,YES,1,20090,2010-12-01,2011
1245,Mastercard,Debit,5774873617908680,2024-08-01,550,YES,1,13910,2010-12-01,2016
1705,Mastercard,Debit,5151644017893990,2017-11-01,999,YES,2,8950,2010-12-01,2018
303,Mastercard,Debit,5505845036892820,2021-10-01,658,YES,1,32488,2010-12-01,2010
1145,Mastercard,Debit,5350628456401490,2024-11-01,382,YES,1,35169,2010-12-01,2012
683,Mastercard,Debit,5521151206022370,2020-05-01,641,YES,2,1633,2010-12-01,2012
1254,Mastercard,Debit,5488341441971890,2014-11-01,689,YES,2,14934,2010-12-01,2010
548,Mastercard,Debit,5364661395772180,2023-06-01,944,YES,2,13187,2010-12-01,2010
1837,Mastercard,Debit,5837775089417010,2011-01-01,189,YES,1,11199,2010-12-01,2010
278,Mastercard,Debit,5601819028761090,2023-05-01,832,NO,1,137669,2010-12-01,2010
218,Mastercard,Credit,5102494493150210,2014-12-01,615,YES,1,8100,2010-12-01,2010
1781,Mastercard,Debit,5271577810389280,2023-11-01,444,NO,2,14959,2010-12-01,2013
1844,Visa,Debit (Prepaid),4587476056357150,2023-07-01,858,YES,2,22,2010-12-01,2010
130,Visa,Debit,4634979930026450,2012-05-01,897,YES,2,4052,2010-12-01,2013
719,Visa,Credit,4682446350562810,2023-08-01,554,YES,1,13900,2010-12-01,2010
684,Visa,Debit,4941352079368760,2020-07-01,963,NO,2,25529,2010-12-01,2010
780,Visa,Debit (Prepaid),4129989012910230,2021-07-01,8,YES,2,43,2010-12-01,2011
1546,Visa,Debit (Prepaid),4985729409791180,2011-07-01,408,YES,2,78,2010-12-01,2011
1568,Visa,Credit,4165611178865690,2023-07-01,388,YES,1,13000,2010-12-01,2012
176,Visa,Debit (Prepaid),4787366069867360,2019-12-01,787,YES,2,57,2010-12-01,2017
1394,Visa,Debit,4365836294015490,2021-09-01,569,YES,1,51504,2010-12-01,2010
93,Visa,Debit,4476003414984390,2024-01-01,865,YES,2,10198,2010-12-01,2013
1966,Visa,Debit,4391016864300780,2020-11-01,883,YES,1,13778,2010-12-01,2015
15,Visa,Debit,4098548875720610,2021-12-01,832,YES,1,13971,2010-12-01,2010
51,Visa,Credit,4718480260665070,2020-07-01,909,YES,1,12700,2010-12-01,2011
1994,Visa,Credit,4290514131698270,2023-12-01,197,YES,1,21600,2010-12-01,2010
723,Visa,Credit,4783560032101200,2022-12-01,606,YES,2,9700,2010-12-01,2011
1642,Visa,Credit,4759687155885580,2016-07-01,34,NO,2,11200,2010-12-01,2011
1340,Amex,Credit,394844235507928,2023-09-01,682,YES,2,11200,2011-12-01,2011
1834,Amex,Credit,383502656475032,2022-06-01,767,YES,1,7300,2011-12-01,2011
1370,Discover,Credit,6423896642709960,2024-12-01,893,YES,1,18400,2011-12-01,2011
1584,Mastercard,Debit,5794394537016240,2020-03-01,830,YES,2,21723,2011-12-01,2011
288,Mastercard,Debit,5592784175875650,2012-10-01,692,YES,2,4324,2011-12-01,2011
112,Mastercard,Debit,5640702051187580,2020-05-01,931,YES,1,16320,2011-12-01,2011
1180,Mastercard,Credit,5993329445307050,2023-06-01,375,YES,1,11200,2011-12-01,2016
1555,Mastercard,Debit (Prepaid),5313709235716860,2022-04-01,105,YES,2,50,2011-12-01,2011
1853,Mastercard,Debit,5693761531134260,2021-02-01,876,YES,2,4340,2011-12-01,2012
1635,Mastercard,Debit,5269354095711840,2021-02-01,905,YES,2,14348,2011-12-01,2011
1330,Mastercard,Debit,5471442279898270,2021-02-01,537,NO,1,21820,2011-12-01,2011
773,Mastercard,Debit (Prepaid),5767723037402330,2020-03-01,38,YES,1,101,2011-12-01,2011
1840,Mastercard,Credit,5009312174031050,2022-07-01,172,YES,1,13200,2011-12-01,2011
976,Mastercard,Debit,5966652632775560,2023-05-01,536,YES,1,20816,2011-12-01,2011
983,Mastercard,Debit,5146883948059610,2018-06-01,867,YES,2,13657,2011-12-01,2011
638,Mastercard,Debit,5689155673355580,2024-07-01,698,YES,1,25551,2011-12-01,2011
1586,Visa,Credit,4442371694432270,2022-11-01,200,YES,1,11800,2011-12-01,2011
972,Visa,Credit,4349828024185760,2020-11-01,209,YES,1,16800,2011-12-01,2011
561,Visa,Debit,4295691183724130,2022-12-01,78,YES,1,16531,2011-12-01,2011
1770,Visa,Debit,4357425484787560,2022-05-01,368,YES,1,5024,2011-12-01,2012
1226,Visa,Debit (Prepaid),4856808577039430,2024-10-01,49,YES,1,64,2011-12-01,2011
1207,Visa,Debit,4093103228262000,2021-08-01,507,YES,1,17010,2011-12-01,2011
394,Visa,Debit,4699535367725050,2023-06-01,544,YES,1,22015,2011-12-01,2011
1963,Visa,Debit,4198976754515190,2023-02-01,970,YES,1,21692,2011-12-01,2012
980,Visa,Credit,4289189526229150,2021-02-01,488,YES,2,5800,2011-12-01,2011
197,Visa,Debit,4339137888179150,2014-06-01,503,YES,2,8144,2011-12-01,2012
1416,Visa,Credit,4317393372526100,2022-07-01,837,YES,1,11900,2011-12-01,2011
1437,Visa,Debit,4035380547578390,2022-04-01,750,YES,2,13193,2011-12-01,2011
1988,Visa,Credit,4610405635857640,2019-10-01,524,YES,2,37400,2011-12-01,2011
235,Visa,Credit,4112534725146350,2018-10-01,18,YES,1,25300,2011-12-01,2017
614,Visa,Debit,4009824948264770,2011-12-01,343,YES,2,25059,2011-12-01,2011
1284,Amex,Credit,358690297708537,2018-03-01,877,YES,2,10800,2012-12-01,2012
1124,Mastercard,Debit,5128558439499170,2021-03-01,199,YES,1,7184,2012-12-01,2012
1379,Mastercard,Debit,5855558054744010,2023-06-01,878,YES,1,18784,2012-12-01,2012
1335,Mastercard,Debit,5260369873454700,2020-12-01,963,YES,2,51133,2012-12-01,2012
554,Mastercard,Debit,5140694561445560,2019-07-01,960,YES,2,32676,2012-12-01,2012
723,Mastercard,Debit,5984424268414250,2021-02-01,794,NO,1,18450,2012-12-01,2012
116,Mastercard,Debit,5463788030135110,2024-12-01,236,YES,2,37377,2012-12-01,2012
2,Mastercard,Debit,5617443939610340,2024-08-01,813,YES,2,16491,2012-12-01,2012
1660,Visa,Debit (Prepaid),4986270376099440,2022-04-01,385,YES,1,76,2012-12-01,2012
246,Visa,Debit,4361392563969790,2023-10-01,417,YES,1,26110,2012-12-01,2012
261,Visa,Debit,4217828092270660,2021-04-01,909,YES,1,30650,2012-12-01,2012
1604,Visa,Debit,4135358669694440,2013-07-01,903,YES,1,11578,2012-12-01,2012
1741,Visa,Debit,4921241302048110,2023-10-01,631,YES,1,11510,2012-12-01,2012
517,Visa,Debit,4529198706544190,2019-12-01,956,YES,1,11254,2012-12-01,2012
134,Amex,Credit,307803547813264,2021-04-01,18,YES,2,4700,2013-12-01,2013
1260,Amex,Credit,362698516441740,2024-07-01,439,YES,2,0,2013-12-01,2013
1628,Amex,Credit,325450874784558,2018-05-01,496,YES,2,17400,2013-12-01,2013
1518,Discover,Credit,6675475462886910,2022-10-01,64,YES,1,7100,2013-12-01,2013
602,Mastercard,Debit,5931695374662430,2021-05-01,894,YES,1,24739,2013-12-01,2013
1303,Mastercard,Debit,5434239693376740,2022-12-01,501,YES,2,25292,2013-12-01,2013
452,Mastercard,Debit (Prepaid),5461456632473040,2015-06-01,953,YES,1,57,2013-12-01,2013
1662,Mastercard,Debit (Prepaid),5298865153588950,2013-12-01,297,NO,1,58,2013-12-01,2013
415,Mastercard,Debit,5266997540698930,2022-02-01,791,YES,1,11818,2013-12-01,2013
256,Mastercard,Credit,5764971120736640,2020-02-01,402,YES,2,1800,2013-12-01,2013
646,Mastercard,Debit,5171925674822490,2023-08-01,349,YES,1,17057,2013-12-01,2013
93,Visa,Credit,4231335586694000,2021-02-01,441,YES,1,1800,2013-12-01,2013
286,Visa,Debit,4657379115764710,2017-11-01,578,YES,2,17973,2013-12-01,2013
1135,Visa,Debit,4703890283144400,2024-04-01,233,YES,1,19830,2013-12-01,2013
1439,Visa,Debit,4419147752018930,2022-11-01,287,YES,1,18945,2013-12-01,2013
1088,Visa,Debit,4661688933459300,2016-06-01,432,YES,1,15194,2013-12-01,2013
237,Visa,Credit,4187289847634830,2021-04-01,798,NO,2,4300,2013-12-01,2013
1669,Amex,Credit,368765630381398,2018-06-01,731,YES,2,11400,2014-12-01,2014
1557,Discover,Credit,6263143688274930,2020-04-01,750,YES,2,9000,2014-12-01,2014
713,Mastercard,Debit,5533057740649370,2020-01-01,13,YES,2,20765,2014-12-01,2014
607,Mastercard,Debit,5076843052683210,2020-02-01,969,YES,1,17336,2014-12-01,2014
421,Mastercard,Debit,5865665247394120,2024-08-01,626,YES,2,16094,2014-12-01,2014
1534,Mastercard,Debit,5002425450787700,2024-03-01,269,YES,1,27771,2014-12-01,2014
1585,Mastercard,Debit,5325994058715060,2022-04-01,617,YES,1,14830,2014-12-01,2014
1280,Amex,Credit,360424769741306,2021-10-01,352,NO,2,6000,2015-12-01,2015
1602,Mastercard,Credit,5579147219556300,2022-06-01,806,NO,2,7200,2015-12-01,2015
688,Mastercard,Debit,5708150083756690,2023-04-01,824,YES,1,17848,2015-12-01,2015
1184,Mastercard,Debit,5665263552569680,2015-12-01,279,YES,1,27876,2015-12-01,2015
997,Mastercard,Debit (Prepaid),5003576204537960,2020-12-01,14,YES,1,57,2015-12-01,2015
1571,Mastercard,Debit,5800183437928460,2024-04-01,148,YES,2,16325,2015-12-01,2015
1582,Mastercard,Debit,5266773834736910,2021-10-01,593,YES,2,31292,2015-12-01,2015
336,Mastercard,Debit,5118228142214660,2020-06-01,208,YES,1,19612,2015-12-01,2015
1107,Mastercard,Debit,5678186427083260,2023-04-01,765,YES,1,16678,2015-12-01,2015
682,Mastercard,Credit,5512081974916790,2022-10-01,765,YES,2,9300,2015-12-01,2015
137,Visa,Debit,4168082636728790,2024-03-01,528,YES,1,28179,2015-12-01,2015
921,Visa,Debit,4816027381867140,2023-11-01,163,YES,1,22704,2015-12-01,2015
1256,Visa,Credit,4888697499810640,2020-01-01,276,YES,2,18500,2015-12-01,2015
1588,Visa,Debit,4316375262880140,2022-03-01,580,YES,1,30023,2015-12-01,2015
1833,Mastercard,Debit,5198052110187450,2020-01-01,912,YES,1,16064,2016-12-01,2016
561,Mastercard,Debit,5051979533646210,2021-08-01,72,YES,1,14054,2016-12-01,2016
134,Mastercard,Credit,5270343966236910,2022-08-01,997,YES,1,9400,2016-12-01,2016
709,Mastercard,Debit,5585130631780940,2021-07-01,782,YES,2,26564,2016-12-01,2016
1717,Mastercard,Debit,5773396250865730,2019-02-01,800,YES,2,17695,2016-12-01,2016
278,Mastercard,Debit,5945500533879840,2023-01-01,428,YES,1,92828,2016-12-01,2016
919,Mastercard,Credit,5077326215891910,2021-04-01,470,YES,2,17100,2016-12-01,2016
979,Mastercard,Credit,5034807492446890,2020-02-01,628,YES,2,5700,2016-12-01,2016
1780,Visa,Credit,4624747592911120,2024-02-01,986,YES,2,700,2016-12-01,2016
1852,Visa,Debit (Prepaid),4966050979388900,2021-03-01,585,YES,2,91,2016-12-01,2016
1594,Visa,Credit,4434801834503290,2019-09-01,633,YES,2,5700,2016-12-01,2016
261,Visa,Debit,4373244578328860,2018-05-01,827,YES,1,32285,2016-12-01,2016
205,Visa,Debit,4705599888998820,2021-05-01,524,YES,2,25621,2016-12-01,2016
821,Amex,Credit,340249970172495,2024-07-01,789,YES,1,3900,2017-12-01,2017
1689,Mastercard,Debit,5068255294282300,2020-11-01,890,YES,1,25815,2017-12-01,2017
425,Mastercard,Debit,5309902802047020,2020-02-01,972,YES,1,43973,2017-12-01,2017
1492,Visa,Debit,4222570131769030,2020-05-01,141,YES,1,29734,2017-12-01,2017
1939,Amex,Credit,311541518015615,2024-08-01,777,YES,2,4200,2018-12-01,2018
66,Mastercard,Debit,5158128139878000,2020-11-01,958,YES,2,15435,2018-12-01,2018
1256,Mastercard,Debit,5772730644295420,2021-10-01,852,YES,2,28850,2018-12-01,2018
1115,Visa,Debit,4171955938083780,2023-04-01,251,YES,1,12606,2018-12-01,2018
513,Visa,Debit,4535668224287780,2018-12-01,691,YES,2,14805,2018-12-01,2018
545,Amex,Credit,312560176162838,2020-02-01,667,YES,1,12700,2019-12-01,2019
715,Mastercard,Debit,5369522792349410,2022-08-01,597,YES,1,36570,2019-12-01,2019
1236,Mastercard,Debit,5791756986936870,2024-11-01,196,YES,1,12223,2019-12-01,2019
253,Mastercard,Debit,5482273460029160,2024-07-01,79,NO,1,24690,2019-12-01,2019
737,Mastercard,Credit,5413710543564900,2024-10-01,454,YES,1,6600,2019-12-01,2019
682,Visa,Debit,4605950682175490,2020-08-01,517,YES,1,16047,2019-12-01,2019
